{"params": [0.204101102, 1.28872449, 1.02552437, 0.0697127608, 0.206026994, 0.248645259, 0.155472597, 0.10927503, 0.213911401, 0.270290369, 0.160768921, 0.304544196, 0.195811729, 0.258510655, 0.38933785, -0.0276404665, -0.204942374, -0.0407949082, 0.1220271, 0.250377559, -0.640705978, -0.250558639, 0.2044636, -0.000307711429, 0.0159739341, 0.268370948, 0.115401784, 0.28080499, 0.177531171, 0.27997835, 0.332676835, 0.39490318, 0.399518375, 0.340610743, 0.493227083, 0.265041291, 0.584657166, 0.525526415, 0.624995529, 0.412286421, 0.554194541, 0.193468883], "expectation_values": [0.5308695629438188, 0.5160579268735681, 1.62084453357398, 2.1327656887218653, 4.943162268632675, 3.344945111651242, 3.8287602372865135, 1.1131060933784536, -1.52724069278377, -1.2874924111786548, -3.9065189995180236], "best": [[-0.3800313693858621, 0.5573793417659312], [0.20410110233422227, 1.2887244854353876, -0.3293605201344138, -0.25055863905615494, 0.2044635999116804, 0.7600627387717243], [0.20410110233422227, 1.2887244854353876, 1.0255243658690665, 0.06971276078630356, 0.48137306788875867, -0.25055863905615494, 0.2044635999116804, -0.0003077114291978921, 0.01597393410007266, -0.4560376432630344], [0.20410110233422227, 1.2887244854353876, 1.0255243658690665, 0.06971276078630356, 0.20602699370840571, 0.2486452594516344, 0.5320439171402069, -0.25055863905615494, 0.2044635999116804, -0.0003077114291978921, 0.01597393410007266, 0.26837094836514014, 0.11540178354352659, -0.3546959447601379], [0.20410110233422227, 1.2887244854353876, 1.0255243658690665, 0.06971276078630356, 0.20602699370840571, 0.2486452594516344, 0.15547259664165913, 0.10927502983050763, 0.5827147663916552, -0.25055863905615494, 0.2044635999116804, -0.0003077114291978921, 0.01597393410007266, 0.26837094836514014, 0.11540178354352659, 0.2808049899749264, 0.1775311712812908, -0.4560376432630344], [0.20410110233422227, 1.2887244854353876, 1.0255243658690665, 0.06971276078630356, 0.20602699370840571, 0.2486452594516344, 0.15547259664165913, 0.10927502983050763, 0.21391140141441456, 0.2702903687705652, 0.6333856156431035, -0.25055863905615494, 0.2044635999116804, -0.0003077114291978921, 0.01597393410007266, 0.26837094836514014, 0.11540178354352659, 0.2808049899749264, 0.1775311712812908, 0.2799783501234475, 0.3326768353712878, -0.3546959447601379], [0.20410110233422227, 1.2887244854353876, 1.0255243658690665, 0.06971276078630356, 0.20602699370840571, 0.2486452594516344, 0.15547259664165913, 0.10927502983050763, 0.21391140141441456, 0.2702903687705652, 0.16076892113128025, 0.30454419649026265, -0.6333856156431035, -0.25055863905615494, 0.2044635999116804, -0.0003077114291978921, 0.01597393410007266, 0.26837094836514014, 0.11540178354352659, 0.2808049899749264, 0.1775311712812908, 0.2799783501234475, 0.3326768353712878, 0.39490318008043007, 0.39951837502695825, 0.8614044372746208], [0.20410110233422227, 1.2887244854353876, 1.0255243658690665, 0.06971276078630356, 0.20602699370840571, 0.2486452594516344, 0.15547259664165913, 0.10927502983050763, 0.21391140141441456, 0.2702903687705652, 0.16076892113128025, 0.30454419649026265, 0.19581172857365575, 0.2585106548259799, -0.6333856156431035, -0.25055863905615494, 0.2044635999116804, -0.0003077114291978921, 0.01597393410007266, 0.26837094836514014, 0.11540178354352659, 0.2808049899749264, 0.1775311712812908, 0.2799783501234475, 0.3326768353712878, 0.39490318008043007, 0.39951837502695825, 0.34061074284168324, 0.4932270828333211, 0.5573793417659312], [0.20410110233422227, 1.2887244854353876, 1.0255243658690665, 0.06971276078630356, 0.20602699370840571, 0.2486452594516344, 0.15547259664165913, 0.10927502983050763, 0.21391140141441456, 0.2702903687705652, 0.16076892113128025, 0.30454419649026265, 0.19581172857365575, 0.2585106548259799, 0.38933784962239343, -0.027640466519813854, -0.4813730678887586, -0.25055863905615494, 0.2044635999116804, -0.0003077114291978921, 0.01597393410007266, 0.26837094836514014, 0.11540178354352659, 0.2808049899749264, 0.1775311712812908, 0.2799783501234475, 0.3326768353712878, 0.39490318008043007, 0.39951837502695825, 0.34061074284168324, 0.4932270828333211, 0.2650412913726316, 0.5846571656121732, 0.3546959447601379], [0.20410110233422227, 1.2887244854353876, 1.0255243658690665, 0.06971276078630356, 0.20602699370840571, 0.2486452594516344, 0.15547259664165913, 0.10927502983050763, 0.21391140141441456, 0.2702903687705652, 0.16076892113128025, 0.30454419649026265, 0.19581172857365575, 0.2585106548259799, 0.38933784962239343, -0.027640466519813854, -0.2049423735836692, -0.04079490824804483, -0.3293605201344138, -0.25055863905615494, 0.2044635999116804, -0.0003077114291978921, 0.01597393410007266, 0.26837094836514014, 0.11540178354352659, 0.2808049899749264, 0.1775311712812908, 0.2799783501234475, 0.3326768353712878, 0.39490318008043007, 0.39951837502695825, 0.34061074284168324, 0.4932270828333211, 0.2650412913726316, 0.5846571656121732, 0.5255264153631656, 0.624995529024263, 1.1654295327833104], [0.20410110233422227, 1.2887244854353876, 1.0255243658690665, 0.06971276078630356, 0.20602699370840571, 0.2486452594516344, 0.15547259664165913, 0.10927502983050763, 0.21391140141441456, 0.2702903687705652, 0.16076892113128025, 0.30454419649026265, 0.19581172857365575, 0.2585106548259799, 0.38933784962239343, -0.027640466519813854, -0.2049423735836692, -0.04079490824804483, 0.12202710028805988, 0.25037755916053783, -0.6333856156431035, -0.25055863905615494, 0.2044635999116804, -0.0003077114291978921, 0.01597393410007266, 0.26837094836514014, 0.11540178354352659, 0.2808049899749264, 0.1775311712812908, 0.2799783501234475, 0.3326768353712878, 0.39490318008043007, 0.39951837502695825, 0.34061074284168324, 0.4932270828333211, 0.2650412913726316, 0.5846571656121732, 0.5255264153631656, 0.624995529024263, 0.4122864211795434, 0.5541945412016618, 0.1520125477543448]], "best_expectation_values": [-2.7100402440748743, -3.0708689392014197, -2.4610444038425414, -2.6843188704751655, -2.110417593783702, -1.6300757512771669, -1.3165047204777638, -1.8708346825667104, -2.8680235186120693, -3.3605400186847803, -3.9065189995180236]}