{"params": [-0.64674126, -0.51059871, 0.20949434, -0.55591359, -0.02132691, 0.25045688, 0.20767016, 0.37339817, 0.68528026, 1.23432398, -0.58012511, -1.64255857, 0.91387609, -1.41272771], "expectation_values": [-1.6871151970003517, -3.475862216700182, -1.3946094146304484, 1.185889809751368, -6.127585671259158, -4.955391005644453, -7.188178717376351], "best": [[-0.3800313693858621, 0.5573793417659312], [-0.615243455625394, -0.3293605201344138, 0.37093912196979995, 0.8614044372746208], [-0.615243455625394, -0.5106044968101924, -0.2786896708829655, 0.37093912196979995, 0.7159032438299535, 0.9627461357775173], [-0.615243455625394, -0.5106044968101924, -0.3270608728440978, -0.17734797238006894, 0.37093912196979995, 0.7159032438299535, 0.8153289853008477, 0.8614044372746208], [-0.615243455625394, -0.5106044968101924, -0.3270608728440978, -0.08871938177031481, -0.12667712312862067, 0.37093912196979995, 0.7159032438299535, 0.8153289853008477, 1.2873298244189861, -0.6587210402688276], [-0.615243455625394, -0.5106044968101924, -0.3270608728440978, -0.08871938177031481, -0.12301126406970875, -0.0760062738771724, 0.37093912196979995, 0.7159032438299535, 0.8153289853008477, 1.2873298244189861, -0.5854005642828419, 1.469454628292], [-0.615243455625394, -0.5106044968101924, -0.3270608728440978, -0.08871938177031481, -0.12301126406970875, -0.14050432318713102, -0.0760062738771724, 0.37093912196979995, 0.7159032438299535, 0.8153289853008477, 1.2873298244189861, -0.5854005642828419, 1.4348066723520432, -1.0640878342804139]], "best_expectation_values": [-3.8514483724967614, -5.22215648632387, -6.210399009289545, -6.758755459570564, -6.861529439923237, -7.045647429831506, -7.210353311982903]}