{"params": [0.31586979, 0.29362083, 0.26175684, 0.25485067, 0.10328204, 0.32636893, -1.41534952, 0.28172914, 0.3140731, 0.2343653, 0.35921554, 0.54951763, 0.51080455, 1.63506276], "expectation_values": [0.22291525062436762, 0.45578591806706265, 0.79211233436487, 0.9802907192170714, 1.1885709448773671, 1.4263700478196208, -1.0167937884810194], "best": [[-0.7600627387717241, 1.7228088745492416], [0.31586978532282756, -0.8614044372746207, 0.28172913950321227, 1.5201254775434485], [0.31586978532282756, 0.2936208290659245, -0.9627461357775172, 0.28172913950321227, 0.3140731022523564, 1.3174420805376554], [0.31586978532282756, 0.2936208290659245, 0.2617568366396938, -1.0640878342804139, 0.28172913950321227, 0.3140731022523564, 0.2343652950131434, 1.3174420805376554], [0.31586978532282756, 0.2936208290659245, 0.2617568366396938, 0.25485066823453933, -1.1654295327833104, 0.28172913950321227, 0.3140731022523564, 0.2343652950131434, 0.35921553643487825, 1.3174420805376554], [0.31586978532282756, 0.2936208290659245, 0.2617568366396938, 0.25485066823453933, 0.10328203847285623, -1.266771231286207, 0.28172913950321227, 0.3140731022523564, 0.2343652950131434, 0.35921553643487825, 0.5495176340904205, 0.9120752865260693], [0.31586978532282756, 0.2936208290659245, 0.2617568366396938, 0.25485066823453933, 0.10328203847285623, 0.3263689266357873, -1.3681129297891035, 0.28172913950321227, 0.3140731022523564, 0.2343652950131434, 0.35921553643487825, 0.5495176340904205, 0.5108045508998583, 1.7228088745492416]], "best_expectation_values": [-0.912009461823231, -0.924770997829664, -0.958295752287267, -0.9879210693706044, -1.0027617082688092, -1.0050555144015811, -1.0140614127199044]}