{"params": [0.61429722, 0.46543718, 0.36266669, -0.09628246, -0.03987825, 0.16820309, 0.01132694, -0.38029087, -0.7202005, -0.7533329, 0.58846527, -0.11554893, -1.64272353, -0.02235081], "expectation_values": [-1.8319635669950707, -4.6798135181046945, -5.701902847182945, -6.140711639807205, -6.166490371320889, -7.099466677886005, -7.123475705750333], "best": [[0.38003136938586213, -0.6587210402688276], [0.614297217745523, 0.32936052013441386, -0.3802908721075717, -0.8614044372746207], [0.614297217745523, 0.4654371824250473, 0.22801882163151732, -0.3802908721075717, -0.720200502136973, -0.8614044372746207], [0.614297217745523, 0.4654371824250473, 0.36266668649804285, 0.17734797238006894, -0.3802908721075717, -0.720200502136973, -0.7533329016000817, -0.9627461357775172], [0.614297217745523, 0.4654371824250473, 0.36266668649804285, -0.09628245631944374, -0.17734797238006894, -0.3802908721075717, -0.720200502136973, -0.7533329016000817, 0.5884652677155124, 1.469454628292], [0.614297217745523, 0.4654371824250473, 0.36266668649804285, -0.09628245631944374, -0.03987825163224952, -0.17734797238006894, -0.3802908721075717, -0.720200502136973, -0.7533329016000817, 0.5884652677155124, -0.11554892858343624, 1.469454628292], [0.614297217745523, 0.4654371824250473, 0.36266668649804285, -0.09628245631944374, -0.03987825163224952, 0.16820308746820406, 0.025335424625724134, -0.3802908721075717, -0.720200502136973, -0.7533329016000817, 0.5884652677155124, -0.11554892858343624, -1.642723531089768, -1.1654295327833104]], "best_expectation_values": [-4.013884047514475, -5.481183967012074, -6.461322380186831, -6.872039090373837, -7.107024676860816, -7.117144782726137, -7.1454510237830835]}