{"params": [1.22877755, 0.0086589, 0.58477793, 0.21676581, 0.61505159, 0.29543545, 0.18547937, 0.23107867, 0.32365129, 0.04955974, 1.10269748, 0.10186445, 0.27549442, 1.16598176, 0.16516787, -0.10398592, -0.02589654, 0.12808665, 0.99349985, -0.01335366, 0.83897213, 0.02131817, 0.22110089, -0.21581151, 0.09524389, -0.2578221, -0.33988457, -0.45983241, -0.04565151, 0.38980867, 0.14838223, 0.21137607, 0.30608915, 0.25734677, 0.28354429, 0.26876056, 0.48998031, 0.56138163, 0.52494891, 0.69928611, 1.08988807, 1.70389163], "expectation_values": [0.015352544060629511, 4.404077645127053, 2.0565945630073568, -0.05737361881161848, 2.0510503413579384, -3.248110957184592, 1.4926892869123114, 0.8756991422696053, -3.294612865085514, 3.760707571702992, -0.09665984530932135], "best": [[-0.3800313693858621, 0.5573793417659312], [1.2287775486356824, 0.008658903936910994, -0.3293605201344138, 0.021318174913655247, 0.22110089463895846, 0.3546959447601379], [1.2287775486356824, 0.008658903936910994, 0.5847779288628496, 0.21676581409034765, 0.4307022186373104, 0.021318174913655247, 0.22110089463895846, -0.21581150885008896, 0.09524388977660753, -0.557379341765931], [1.2287775486356824, 0.008658903936910994, 0.5847779288628496, 0.21676581409034765, 0.6150515909913479, 0.29543544636693553, 0.2786896708829656, 0.021318174913655247, 0.22110089463895846, -0.21581150885008896, 0.09524388977660753, -0.25782209915191284, -0.33988456902471736, -0.7600627387717241], [1.2287775486356824, 0.008658903936910994, 0.5847779288628496, 0.21676581409034765, 0.6150515909913479, 0.29543544636693553, 0.18547937216523228, 0.23107866974136476, 0.22801882163151732, 0.021318174913655247, 0.22110089463895846, -0.21581150885008896, 0.09524388977660753, -0.25782209915191284, -0.33988456902471736, -0.4598324119784386, -0.045651510478078104, -0.8614044372746207], [1.2287775486356824, 0.008658903936910994, 0.5847779288628496, 0.21676581409034765, 0.6150515909913479, 0.29543544636693553, 0.18547937216523228, 0.23107866974136476, 0.32365129451042873, 0.049559740771505635, -0.5827147663916552, 0.021318174913655247, 0.22110089463895846, -0.21581150885008896, 0.09524388977660753, -0.25782209915191284, -0.33988456902471736, -0.4598324119784386, -0.045651510478078104, 0.38980867195522323, 0.14838222873735502, -0.25335424625724134], [1.2287775486356824, 0.008658903936910994, 0.5847779288628496, 0.21676581409034765, 0.6150515909913479, 0.29543544636693553, 0.18547937216523228, 0.23107866974136476, 0.32365129451042873, 0.049559740771505635, 1.1026974836311723, 0.10186444894715212, -0.3293605201344138, 0.021318174913655247, 0.22110089463895846, -0.21581150885008896, 0.09524388977660753, -0.25782209915191284, -0.33988456902471736, -0.4598324119784386, -0.045651510478078104, 0.38980867195522323, 0.14838222873735502, 0.21137607490933122, 0.3060891456267887, 1.266771231286207], [1.2287775486356824, 0.008658903936910994, 0.5847779288628496, 0.21676581409034765, 0.6150515909913479, 0.29543544636693553, 0.18547937216523228, 0.23107866974136476, 0.32365129451042873, 0.049559740771505635, 1.1026974836311723, 0.10186444894715212, 0.27549441878834735, 1.1659817619616097, -0.2280188216315172, 0.021318174913655247, 0.22110089463895846, -0.21581150885008896, 0.09524388977660753, -0.25782209915191284, -0.33988456902471736, -0.4598324119784386, -0.045651510478078104, 0.38980867195522323, 0.14838222873735502, 0.21137607490933122, 0.3060891456267887, 0.25734677364229175, 0.28354429148062565, 0.9627461357775173], [1.2287775486356824, 0.008658903936910994, 0.5847779288628496, 0.21676581409034765, 0.6150515909913479, 0.29543544636693553, 0.18547937216523228, 0.23107866974136476, 0.32365129451042873, 0.049559740771505635, 1.1026974836311723, 0.10186444894715212, 0.27549441878834735, 1.1659817619616097, 0.16516787190118143, -0.10398591705844044, 0.22801882163151732, 0.021318174913655247, 0.22110089463895846, -0.21581150885008896, 0.09524388977660753, -0.25782209915191284, -0.33988456902471736, -0.4598324119784386, -0.045651510478078104, 0.38980867195522323, 0.14838222873735502, 0.21137607490933122, 0.3060891456267887, 0.25734677364229175, 0.28354429148062565, 0.26876056270862575, 0.4899803122531779, 1.3681129297891035], [1.2287775486356824, 0.008658903936910994, 0.5847779288628496, 0.21676581409034765, 0.6150515909913479, 0.29543544636693553, 0.18547937216523228, 0.23107866974136476, 0.32365129451042873, 0.049559740771505635, 1.1026974836311723, 0.10186444894715212, 0.27549441878834735, 1.1659817619616097, 0.16516787190118143, -0.10398591705844044, -0.025896535410201656, 0.1280866540072671, -0.17734797238006894, 0.021318174913655247, 0.22110089463895846, -0.21581150885008896, 0.09524388977660753, -0.25782209915191284, -0.33988456902471736, -0.4598324119784386, -0.045651510478078104, 0.38980867195522323, 0.14838222873735502, 0.21137607490933122, 0.3060891456267887, 0.25734677364229175, 0.28354429148062565, 0.26876056270862575, 0.4899803122531779, 0.5613816342655431, 0.524948907860676, -0.9627461357775172], [1.2287775486356824, 0.008658903936910994, 0.5847779288628496, 0.21676581409034765, 0.6150515909913479, 0.29543544636693553, 0.18547937216523228, 0.23107866974136476, 0.32365129451042873, 0.049559740771505635, 1.1026974836311723, 0.10186444894715212, 0.27549441878834735, 1.1659817619616097, 0.16516787190118143, -0.10398591705844044, -0.025896535410201656, 0.1280866540072671, 0.9934998538728615, -0.013353656951807027, 0.734727314146, 0.021318174913655247, 0.22110089463895846, -0.21581150885008896, 0.09524388977660753, -0.25782209915191284, -0.33988456902471736, -0.4598324119784386, -0.045651510478078104, 0.38980867195522323, 0.14838222873735502, 0.21137607490933122, 0.3060891456267887, 0.25734677364229175, 0.28354429148062565, 0.26876056270862575, 0.4899803122531779, 0.5613816342655431, 0.524948907860676, 0.6992861085774179, 1.0898880657529262, -1.469454628292]], "best_expectation_values": [-3.9917122057681627, -4.035936760847636, -3.7559021935147694, -5.138743071323488, -5.866483264707897, -5.498354888436501, -5.083581982596535, -3.523878846750281, -4.779491536492924, -5.29848596572024, -6.312469382932688]}