{"params": [-0.30384001, -0.17618779, -0.1251368, -0.02518288, -0.32643597, -0.06847523, -0.1270254, 0.06664024, 0.22401724, 0.18331319, 0.39170774, 0.42948117, 0.25060932, 1.60911004], "expectation_values": [-5.343342714130096, -45.529246363819325, -46.61668647040755, -64.19570692728625, -53.59448423712736, -69.43731989172605, -69.04762512365868], "best": [[0.5573793417659312, 2.533542462572414], [-0.36599692629800773, 0.25335424625724134, 0.04833198502382637, 0.3040250955086896], [-0.36599692629800773, -0.17570935536885493, 0.25335424625724134, 0.04833198502382637, 0.16755261946927658, -1.3174420805376552], [-0.36599692629800773, -0.17570935536885493, -0.18679962139011788, -0.25335424625724134, 0.04833198502382637, 0.16755261946927658, 0.3063903192901402, -0.10134169850289654], [-0.36599692629800773, -0.17570935536885493, -0.18679962139011788, 0.014641830449819851, 0.25335424625724134, 0.04833198502382637, 0.16755261946927658, 0.3063903192901402, 0.33078529167304804, -2.938909256584], [-0.36599692629800773, -0.17570935536885493, -0.18679962139011788, 0.014641830449819851, -0.3029309782189032, -0.05067084925144827, 0.04833198502382637, 0.16755261946927658, 0.3063903192901402, 0.33078529167304804, 0.4322086302008225, 0.10134169850289654], [-0.36599692629800773, -0.17570935536885493, -0.18679962139011788, 0.014641830449819851, -0.3029309782189032, -0.08369563551389989, -0.05067084925144827, 0.04833198502382637, 0.16755261946927658, 0.3063903192901402, 0.33078529167304804, 0.4322086302008225, 0.2401429411184954, 0.3040250955086896]], "best_expectation_values": [-72.19796774783491, -71.90967952501992, -66.69741467747204, -69.26319079124069, -69.59872646147079, -71.10156032240546, -71.80319604974463]}