{"params": [0.60649905, 0.50700354, 0.02782093, 0.31714369, 0.41162435, 0.61365691, -1.45086206, -1.03299899, -0.60331284, 0.01694847, -0.0334653, 0.58919017, 0.50638836, 2.49769049], "expectation_values": [-0.9172195511451345, -0.8713965785779522, -0.9184030015754518, -0.5311350071421542, 0.6452385499834769, 1.6776453407961651, -1.5209061598930604], "best": [[-0.7600627387717241, 2.1281756685608277], [0.6064990538461448, 0.45603764326303464, -1.0329989882985646, -2.533542462572414], [0.6064990538461448, 0.5070035364681488, 0.45603764326303464, -1.0329989882985646, -0.6033128428461574, -3.141592653589793], [0.6064990538461448, 0.5070035364681488, 0.02782092687529227, -0.4560376432630344, -1.0329989882985646, -0.6033128428461574, 0.01694847406674701, 1.9254922715550347], [0.6064990538461448, 0.5070035364681488, 0.02782092687529227, 0.31714369141634796, -0.557379341765931, -1.0329989882985646, -0.6033128428461574, 0.01694847406674701, -0.03346529621737592, 1.3174420805376554], [0.6064990538461448, 0.5070035364681488, 0.02782092687529227, 0.31714369141634796, 0.41162435014896226, -0.9627461357775172, -1.0329989882985646, -0.6033128428461574, 0.01694847406674701, -0.03346529621737592, 0.5891901658090215, 0.7093918895202758], [0.6064990538461448, 0.5070035364681488, 0.02782092687529227, 0.31714369141634796, 0.41162435014896226, 0.6136569126620817, -1.3681129297891035, -1.0329989882985646, -0.6033128428461574, 0.01694847406674701, -0.03346529621737592, 0.5891901658090215, 0.5063883617417956, 3.141592653589793]], "best_expectation_values": [-1.21011101916348, -1.49386463431532, -1.4568173807467488, -1.4378492887176262, -1.5044844511366053, -1.4906223209018346, -1.5376682646749633]}