{"params": [0.88858001, 0.19356006, -0.1170625, 0.07071608, -0.09085554, 0.0523527, 0.09192564, 1.12533722, 0.72917861, 1.36318951, -3.17606556, -3.16493946, 2.71800437, 0.54233137], "expectation_values": [-92.48093412843082, -93.32460365577685, -95.49942909661704, -94.64398319692721, -94.45764283284291, -95.69583455413527, -98.67214620248949], "best": [[0.8614044372746208, 1.1147586835318624], [0.8885800050420951, 0.25335424625724134, 1.125337220372867, 1.1147586835318624], [0.8885800050420951, 0.19356005546184687, -0.05067084925144827, 1.125337220372867, 0.7291786122666879, 0.9120752865260693], [0.8885800050420951, 0.19356005546184687, -0.1170624983547506, -0.05067084925144827, 1.125337220372867, 0.7291786122666879, 1.363189510700854, -0.10134169850289654], [0.8885800050420951, 0.19356005546184687, -0.1170624983547506, 0.07071607592483035, 0.1520125477543448, 1.125337220372867, 0.7291786122666879, 1.363189510700854, -3.1760655634223043, 0.5067084925144827], [0.8885800050420951, 0.19356005546184687, -0.1170624983547506, 0.07071607592483035, -0.0908555354940753, -0.05067084925144827, 1.125337220372867, 0.7291786122666879, 1.363189510700854, -3.1760655634223043, -3.1649394596874, 0.3040250955086896], [0.8885800050420951, 0.19356005546184687, -0.1170624983547506, 0.07071607592483035, -0.0908555354940753, 0.052352699016478814, 0.05067084925144827, 1.125337220372867, 0.7291786122666879, 1.363189510700854, -3.1760655634223043, -3.1649394596874, 2.7180043652749717, 0.9120752865260693]], "best_expectation_values": [-92.48093412843082, -94.50554650161813, -95.86195164181164, -96.05423788356661, -96.69458536006019, -97.35688366730044, -97.79546780043626]}