{"params": [-0.60566961, -0.49564046, -0.38179408, -0.02663683, 0.20917682, 0.14281785, 0.08708252, 0.34616128, 0.69585286, 0.84845991, -0.8451226, -1.29170426, 1.41880235, -0.83882332], "expectation_values": [-2.5219699132978435, -3.8248487225227055, -5.592234093465042, -5.483515688928473, -6.718813159835732, -7.213990148686134, -7.498876147447995], "best": [[-0.3800313693858621, 0.5573793417659312], [-0.6056696105435799, -0.3293605201344138, 0.3461612791458954, 0.8614044372746208], [-0.6056696105435799, -0.4956404640243544, -0.2786896708829655, 0.3461612791458954, 0.6958528607572189, 0.9627461357775173], [-0.6056696105435799, -0.4956404640243544, -0.38179407902459084, -0.17734797238006894, 0.3461612791458954, 0.6958528607572189, 0.848459907671227, 0.9627461357775173], [-0.6056696105435799, -0.4956404640243544, -0.38179407902459084, -0.026636829443114914, 0.17734797238006894, 0.3461612791458954, 0.6958528607572189, 0.848459907671227, -0.8451226049863, -1.3681129297891035], [-0.6056696105435799, -0.4956404640243544, -0.38179407902459084, -0.026636829443114914, 0.20917681865522736, 0.12667712312862067, 0.3461612791458954, 0.6958528607572189, 0.848459907671227, -0.8451226049863, -1.291704261817069, 1.266771231286207], [-0.6056696105435799, -0.4956404640243544, -0.38179407902459084, -0.026636829443114914, 0.20917681865522736, 0.14281784948827334, 0.0760062738771724, 0.3461612791458954, 0.6958528607572189, 0.848459907671227, -0.8451226049863, -1.291704261817069, 1.418802353953144, -0.8614044372746207]], "best_expectation_values": [-4.422152436707706, -5.46960918714925, -6.2185373885456965, -6.878870242046943, -6.762309091696617, -7.322796023048782, -7.495744586986319]}