{"params": [1.33102059, 0.43141877, 0.35735814, -0.10887179, 0.27107561, 0.70883134, 0.28720369, 0.11386332, -0.08893142, 0.4659106, 0.17842627, 1.24904659, -0.08258198, 0.0545148, 0.00736852, -0.00225668, 0.09208479, -0.22699309, -0.03380313, -0.05298287, 0.78043312, -0.12416922, 0.16446152, 0.04538044, 0.04607005, -0.01779121, 0.41441859, -0.15173348, 0.24396929, 0.40366001, 0.60932615, 0.29455362, 0.25720814, 0.55010087, 0.26746815, 0.51226852, 0.41763756, 0.65511369, 0.45523654, 0.55029048, 0.63064437, 1.503269], "expectation_values": [0.9379893991940401, -1.3021089950923905, 0.6888767430535062, -1.5794327226034421, -2.4326528850388107, 1.969109002890966, 0.5779233797885144, 1.1601960376360725, 1.3100172121959879, 1.6241057620873203, 0.5634306783256922], "best": [[-0.3293605201344138, 0.5573793417659312], [1.3310205888906266, 0.43141877478878454, 0.38003136938586213, -0.12416921627945801, 0.16446152215717413, -0.4560376432630344], [1.3310205888906266, 0.43141877478878454, 0.3573581371064728, -0.10887178865395256, -0.3293605201344138, -0.12416921627945801, 0.16446152215717413, 0.045380437260519, 0.046070053535290846, 0.6587210402688277], [1.3310205888906266, 0.43141877478878454, 0.3573581371064728, -0.10887178865395256, 0.271075611051913, 0.708831341604609, 0.48137306788875867, -0.12416921627945801, 0.16446152215717413, 0.045380437260519, 0.046070053535290846, -0.01779121017338274, 0.4144185877236337, -0.25335424625724134], [1.3310205888906266, 0.43141877478878454, 0.3573581371064728, -0.10887178865395256, 0.271075611051913, 0.708831341604609, 0.2872036851876196, 0.11386331927181041, -0.2280188216315172, -0.12416921627945801, 0.16446152215717413, 0.045380437260519, 0.046070053535290846, -0.01779121017338274, 0.4144185877236337, -0.1517334793355212, 0.24396928918006042, 0.7600627387717243], [1.3310205888906266, 0.43141877478878454, 0.3573581371064728, -0.10887178865395256, 0.271075611051913, 0.708831341604609, 0.2872036851876196, 0.11386331927181041, -0.08893142477643487, 0.46591059859874917, -0.6840564648945517, -0.12416921627945801, 0.16446152215717413, 0.045380437260519, 0.046070053535290846, -0.01779121017338274, 0.4144185877236337, -0.1517334793355212, 0.24396928918006042, 0.40366001101116616, 0.6093261497920848, -0.1520125477543448], [1.3310205888906266, 0.43141877478878454, 0.3573581371064728, -0.10887178865395256, 0.271075611051913, 0.708831341604609, 0.2872036851876196, 0.11386331927181041, -0.08893142477643487, 0.46591059859874917, 0.1784262655641047, 1.249046594698577, -0.6840564648945517, -0.12416921627945801, 0.16446152215717413, 0.045380437260519, 0.046070053535290846, -0.01779121017338274, 0.4144185877236337, -0.1517334793355212, 0.24396928918006042, 0.40366001101116616, 0.6093261497920848, 0.2945536172144895, 0.25720814103673684, -0.7600627387717241], [1.3310205888906266, 0.43141877478878454, 0.3573581371064728, -0.10887178865395256, 0.271075611051913, 0.708831341604609, 0.2872036851876196, 0.11386331927181041, -0.08893142477643487, 0.46591059859874917, 0.1784262655641047, 1.249046594698577, -0.08258197903471873, 0.05451479771523144, 0.6840564648945517, -0.12416921627945801, 0.16446152215717413, 0.045380437260519, 0.046070053535290846, -0.01779121017338274, 0.4144185877236337, -0.1517334793355212, 0.24396928918006042, 0.40366001101116616, 0.6093261497920848, 0.2945536172144895, 0.25720814103673684, 0.5501008665532077, 0.26746814991227685, 1.5707963267948966], [1.3310205888906266, 0.43141877478878454, 0.3573581371064728, -0.10887178865395256, 0.271075611051913, 0.708831341604609, 0.2872036851876196, 0.11386331927181041, -0.08893142477643487, 0.46591059859874917, 0.1784262655641047, 1.249046594698577, -0.08258197903471873, 0.05451479771523144, 0.0073685193370537855, -0.002256684007156291, 0.6840564648945517, -0.12416921627945801, 0.16446152215717413, 0.045380437260519, 0.046070053535290846, -0.01779121017338274, 0.4144185877236337, -0.1517334793355212, 0.24396928918006042, 0.40366001101116616, 0.6093261497920848, 0.2945536172144895, 0.25720814103673684, 0.5501008665532077, 0.26746814991227685, 0.512268518589589, 0.417637561889133, 0.6587210402688277], [1.3310205888906266, 0.43141877478878454, 0.3573581371064728, -0.10887178865395256, 0.271075611051913, 0.708831341604609, 0.2872036851876196, 0.11386331927181041, -0.08893142477643487, 0.46591059859874917, 0.1784262655641047, 1.249046594698577, -0.08258197903471873, 0.05451479771523144, 0.0073685193370537855, -0.002256684007156291, 0.09208478678531766, -0.22699308537920673, -0.7853981633974483, -0.12416921627945801, 0.16446152215717413, 0.045380437260519, 0.046070053535290846, -0.01779121017338274, 0.4144185877236337, -0.1517334793355212, 0.24396928918006042, 0.40366001101116616, 0.6093261497920848, 0.2945536172144895, 0.25720814103673684, 0.5501008665532077, 0.26746814991227685, 0.512268518589589, 0.417637561889133, 0.6551136939263776, 0.455236535497554, -0.4560376432630344], [1.3310205888906266, 0.43141877478878454, 0.3573581371064728, -0.10887178865395256, 0.271075611051913, 0.708831341604609, 0.2872036851876196, 0.11386331927181041, -0.08893142477643487, 0.46591059859874917, 0.1784262655641047, 1.249046594698577, -0.08258197903471873, 0.05451479771523144, 0.0073685193370537855, -0.002256684007156291, 0.09208478678531766, -0.22699308537920673, -0.033803126280861205, -0.052982873239519765, 0.7853981633974483, -0.12416921627945801, 0.16446152215717413, 0.045380437260519, 0.046070053535290846, -0.01779121017338274, 0.4144185877236337, -0.1517334793355212, 0.24396928918006042, 0.40366001101116616, 0.6093261497920848, 0.2945536172144895, 0.25720814103673684, 0.5501008665532077, 0.26746814991227685, 0.512268518589589, 0.417637561889133, 0.6551136939263776, 0.455236535497554, 0.5502904765184878, 0.630644374906198, 1.469454628292]], "best_expectation_values": [-2.8661630866051295, -2.841584349206666, -3.0255276898029497, -3.4563177547867157, -3.9709727840475892, -4.426995702456011, -3.468245518157334, -3.10359119429216, -3.14194907290658, -4.3556797819425, -4.654282593172507]}