{"params": [0.8906757, 0.17954174, -0.07534216, 0.07319453, -0.10446811, 0.05248166, 0.1128975, 1.12167127, 0.72939548, 1.35277902, -3.17223076, -3.12897661, 2.6959804, 0.536363], "expectation_values": [-92.44970770179772, -92.35307732748738, -94.12128902986429, -94.24276425758791, -92.99429993883486, -95.99468137066104, -98.23770268547514], "best": [[0.8614044372746208, 1.1147586835318624], [0.8799207126415709, 0.25335424625724134, 1.1264821934677007, 1.1147586835318624], [0.8799207126415709, 0.13752417400257125, -0.1520125477543448, 1.1264821934677007, 0.7339677296110426, 0.5067084925144827], [0.8799207126415709, 0.13752417400257125, -0.10083702578372312, -0.05067084925144827, 1.1264821934677007, 0.7339677296110426, 1.2871460358425864, 0.10134169850289654], [0.8799207126415709, 0.13752417400257125, -0.10083702578372312, 0.06889608771768811, -0.05067084925144827, 1.1264821934677007, 0.7339677296110426, 1.2871460358425864, 3.1035480413919854, -1.114758683531862], [0.8799207126415709, 0.13752417400257125, -0.10083702578372312, 0.06889608771768811, -0.11367539594853329, 0.05067084925144827, 1.1264821934677007, 0.7339677296110426, 1.2871460358425864, 3.1035480413919854, 3.123103765214192, 1.9254922715550347], [0.8799207126415709, 0.13752417400257125, -0.10083702578372312, 0.06889608771768811, -0.11367539594853329, 0.10303050021436849, 0.05067084925144827, 1.1264821934677007, 0.7339677296110426, 1.2871460358425864, 3.1035480413919854, 3.123103765214192, 2.6855411544583356, 0.9120752865260693]], "best_expectation_values": [-92.44970770179772, -94.44349344747252, -95.91506405840342, -96.45549428496089, -96.49890843577523, -97.31647722039297, -98.08535656920357]}