{"params": [0.01613225, 0.77948604, 0.93177987, 0.76429424, -0.38737573, -0.32473794, -0.28406808, -0.22252692, 0.1890885, 0.36314993, 0.70347391, 0.39056186, 0.20654925, 0.67843748], "expectation_values": [8.517933941824474, 2.895793140783174, -40.05794934091885, -45.13542106520594, 27.474077103819866, -0.2944348269026793, -93.09579223077226], "best": [[0.8614044372746208, 1.1147586835318624], [0.016132249016789495, 0.6587210402688277, -0.22252692458155907, 1.3174420805376554], [0.016132249016789495, 0.7794860429995617, 0.5573793417659312, -0.22252692458155907, 0.1890884993245577, 0.7093918895202758], [0.016132249016789495, 0.7794860429995617, 0.9317798673734439, -0.4560376432630344, -0.22252692458155907, 0.1890884993245577, 0.36314992772722093, -1.114758683531862], [0.016132249016789495, 0.7794860429995617, 0.9317798673734439, 0.764294241208612, 0.5573793417659312, -0.22252692458155907, 0.1890884993245577, 0.36314992772722093, 0.7034739104684314, 0.7093918895202758], [0.016132249016789495, 0.7794860429995617, 0.9317798673734439, 0.764294241208612, -0.3873757264979871, -0.1520125477543448, -0.22252692458155907, 0.1890884993245577, 0.36314992772722093, 0.7034739104684314, 0.39056185687055484, 1.7228088745492416], [0.016132249016789495, 0.7794860429995617, 0.9317798673734439, 0.764294241208612, -0.3873757264979871, -0.3247379360641979, 0.25335424625724134, -0.22252692458155907, 0.1890884993245577, 0.36314992772722093, 0.7034739104684314, 0.39056185687055484, 0.20654924564529029, -1.5201254775434483]], "best_expectation_values": [-92.47053145602129, -93.47745994685555, -94.2056807258635, -93.0800181715934, -90.97653453537202, -92.13121343440409, -94.0714071005006]}