{"params": [0.54793963, -0.18710272, 0.05870412, 0.09370966, 0.0783055, 0.05096777, -0.07088055, 2.53130639, -1.52412884, -1.30779465, -1.92102516, 1.09437018, 0.31513879, 2.73952569], "expectation_values": [-72.05320441776949, -73.6096111682036, -73.60839953404393, -74.75470753766501, -74.96191894970063, -74.46189296879248, -76.03839360578797], "best": [[0.5573793417659312, 2.533542462572414], [0.5535329263381478, -0.1520125477543448, 2.5293005617611044, -1.5201254775434483], [0.5535329263381478, -0.18677423740620439, -0.05067084925144827, 2.5293005617611044, -1.5297767594651444, -0.3040250955086896], [0.5535329263381478, -0.18677423740620439, 0.055393529931613034, 0.05067084925144827, 2.5293005617611044, -1.5297767594651444, -1.3108319210807804, -1.9254922715550344], [0.5535329263381478, -0.18677423740620439, 0.055393529931613034, 0.09288353857274279, 0.05067084925144827, 2.5293005617611044, -1.5297767594651444, -1.3108319210807804, -1.9222131411129015, 0.7093918895202758], [0.5535329263381478, -0.18677423740620439, 0.055393529931613034, 0.09288353857274279, 0.08669864934037809, -0.05067084925144827, 2.5293005617611044, -1.5297767594651444, -1.3108319210807804, -1.9222131411129015, 1.0995836800338834, 1.3174420805376554], [0.5535329263381478, -0.18677423740620439, 0.055393529931613034, 0.09288353857274279, 0.08669864934037809, 0.047621308621711676, -0.05067084925144827, 2.5293005617611044, -1.5297767594651444, -1.3108319210807804, -1.9222131411129015, 1.0995836800338834, 0.2959645464487791, 2.330859065566621]], "best_expectation_values": [-72.05320441776949, -73.6096111682036, -74.03980447447043, -74.75470753766501, -74.98641594443241, -75.28996953260678, -75.69405608032172]}