{"params": [-0.5497224, -0.4157024, -0.19362473, -0.01980857, -0.10355988, -0.03231438, 0.11213641, 0.36916215, 0.75986687, 0.97767295, 1.32863758, 0.30742893, 1.93810138, 0.13927584], "expectation_values": [-1.8461440017355633, -2.970360772075618, -4.25063251607088, -4.414160506490491, -4.586876697447885, -4.565726262996727, -4.795333693577124], "best": [[-0.3293605201344138, 0.5573793417659312], [-0.5497224010610194, -0.2786896708829655, 0.3691621539669957, 0.8614044372746208], [-0.5497224010610194, -0.41570240258659263, -0.2280188216315172, 0.3691621539669957, 0.7598668659779789, 0.9627461357775173], [-0.5497224010610194, -0.41570240258659263, -0.19362473450422232, -0.12667712312862067, 0.3691621539669957, 0.7598668659779789, 0.9776729539151715, 1.3681129297891035], [-0.5497224010610194, -0.41570240258659263, -0.19362473450422232, -0.019808568300150087, -0.0760062738771724, 0.3691621539669957, 0.7598668659779789, 0.9776729539151715, 1.3286375803816262, 0.1520125477543448], [-0.5497224010610194, -0.41570240258659263, -0.19362473450422232, -0.019808568300150087, -0.10355987850101993, -0.0760062738771724, 0.3691621539669957, 0.7598668659779789, 0.9776729539151715, 1.3286375803816262, 0.30742893124494536, -0.9627461357775172], [-0.5497224010610194, -0.41570240258659263, -0.19362473450422232, -0.019808568300150087, -0.10355987850101993, -0.03231438119975762, 0.12667712312862067, 0.3691621539669957, 0.7598668659779789, 0.9776729539151715, 1.3286375803816262, 0.30742893124494536, 1.9381013787874166, 0.1520125477543448]], "best_expectation_values": [-2.8661630866051295, -3.6789629101393855, -4.299832334062943, -4.631423231532932, -4.620099017462482, -4.7939519782603774, -4.791240138595599]}