{"params": [-1.06817532, 0.1752734, -0.07317225, -0.12049154, -0.09940398, -0.108733, -0.09685669, -1.71775714, 2.46958825, -2.51624248, -0.09226939, -0.24700761, 0.4651728, -0.32738675], "expectation_values": [-35.961107075999564, -37.09947167855641, -37.30489885413518, -36.804667074123934, -37.71011027389388, -36.53052440965493, -39.34712366659467], "best": [[-0.9627461357775172, -1.7228088745492414], [-1.068175321432816, -0.1520125477543448, -1.7177571432811556, -0.3040250955086896], [-1.068175321432816, 0.17527339682992443, 0.05067084925144827, -1.7177571432811556, 2.469588250211313, 0.10134169850289654], [-1.068175321432816, 0.17527339682992443, -0.07317224810251496, -0.05067084925144827, -1.7177571432811556, 2.469588250211313, -2.5162424836099815, -0.10134169850289654], [-1.068175321432816, 0.17527339682992443, -0.07317224810251496, -0.12049154220480528, -0.05067084925144827, -1.7177571432811556, 2.469588250211313, -2.5162424836099815, -0.09226939329619244, -0.9120752865260688], [-1.068175321432816, 0.17527339682992443, -0.07317224810251496, -0.12049154220480528, -0.09940397670616623, 0.05067084925144827, -1.7177571432811556, 2.469588250211313, -2.5162424836099815, -0.09226939329619244, -0.24700760710506436, 2.736225859578207], [-1.068175321432816, 0.17527339682992443, -0.07317224810251496, -0.12049154220480528, -0.09940397670616623, -0.1087330019214738, 0.05067084925144827, -1.7177571432811556, 2.469588250211313, -2.5162424836099815, -0.09226939329619244, -0.24700760710506436, 0.4651727992828548, 2.533542462572414]], "best_expectation_values": [-36.30779983344027, -37.13669844657079, -37.33484511499084, -37.618030437009, -37.74693572494886, -37.636675392361056, -38.98961951316796]}