{"params": [-0.27729503, 0.11122518, 0.55911035, 0.42766196, 0.16429201, -0.50436712, -0.99391241, 0.64612019, 0.59287323, 0.30028324, -0.09940688, 0.32246603, 0.46910552, 1.63199595], "expectation_values": [-0.4199336905059201, -0.05864898247631363, 1.2811407134713466, 1.1388410914714144, 1.0376718294540697, 0.6721681277304973, -1.513538682062483], "best": [[0.6587210402688277, -2.1281756685608277], [-0.2772950336794019, -0.557379341765931, 0.6461201883753545, 1.9254922715550347], [-0.2772950336794019, 0.11122517897810293, -0.6587210402688276, 0.6461201883753545, 0.592873230892774, 1.1147586835318624], [-0.2772950336794019, 0.11122517897810293, 0.5591103486774254, -1.1654295327833104, 0.6461201883753545, 0.592873230892774, 0.3002832352644174, 1.5201254775434485], [-0.2772950336794019, 0.11122517897810293, 0.5591103486774254, 0.4276619564539672, -1.266771231286207, 0.6461201883753545, 0.592873230892774, 0.3002832352644174, -0.09940688339520147, 2.736225859578207], [-0.2772950336794019, 0.11122517897810293, 0.5591103486774254, 0.4276619564539672, 0.16429200730925533, 1.1654295327833104, 0.6461201883753545, 0.592873230892774, 0.3002832352644174, -0.09940688339520147, 0.322466028833287, -1.7228088745492414], [-0.2772950336794019, 0.11122517897810293, 0.5591103486774254, 0.4276619564539672, 0.16429200730925533, -0.5043671242337193, -0.9627461357775172, 0.6461201883753545, 0.592873230892774, 0.3002832352644174, -0.09940688339520147, 0.322466028833287, 0.46910552261967986, 1.7228088745492416]], "best_expectation_values": [-1.2981162919890925, -1.3715297645330338, -1.3448406566795048, -1.3976281433387643, -1.4126609943550543, -1.439660288397259, -1.512357180618915]}