{"params": [-0.41584629, -0.12685883, -0.27479782, 0.23307566, -0.3437964, -0.08058183, -0.03211158, 0.03768654, 0.12316228, 0.33033427, 0.32991085, 0.43271972, 0.26122678, 1.62943687], "expectation_values": [-11.702152807383907, -67.38329269018001, -71.14606606487703, -60.09039852959517, -53.04834234180617, -73.12320060640381, -74.40590044611302], "best": [[0.5573793417659312, 2.533542462572414], [-0.4158462942248927, 0.1520125477543448, 0.037686542568567453, 0.3040250955086896], [-0.4158462942248927, -0.12685882794231357, 0.1520125477543448, 0.037686542568567453, 0.1231622813390681, -1.7228088745492414], [-0.4158462942248927, -0.12685882794231357, -0.2747978178475633, 0.05067084925144827, 0.037686542568567453, 0.1231622813390681, 0.3303342662484179, -1.7228088745492414], [-0.4158462942248927, -0.12685882794231357, -0.2747978178475633, 0.23307565691657775, -0.25335424625724134, 0.037686542568567453, 0.1231622813390681, 0.3303342662484179, 0.3299108547029202, 1.3174420805376554], [-0.4158462942248927, -0.12685882794231357, -0.2747978178475633, 0.23307565691657775, -0.34379639557314967, -0.05067084925144827, 0.037686542568567453, 0.1231622813390681, 0.3303342662484179, 0.3299108547029202, 0.4327197199348511, 1.1147586835318624], [-0.4158462942248927, -0.12685882794231357, -0.2747978178475633, 0.23307565691657775, -0.34379639557314967, -0.08058183168110392, 0.05067084925144827, 0.037686542568567453, 0.1231622813390681, 0.3303342662484179, 0.3299108547029202, 0.4327197199348511, 0.2612267780392884, -1.7228088745492414]], "best_expectation_values": [-72.1979677478349, -72.3811344365299, -72.10187889539034, -72.41699726524227, -71.84266270059155, -74.15749432820779, -74.5294559410318]}