{"params": [-0.59631034, -0.52103592, -0.48479689, -0.39692243, -0.2017319, 0.18886339, -0.08690799, 0.35282312, 0.69523331, 0.79765002, 0.81787976, 1.07864302, -1.56290841, 0.17324563], "expectation_values": [-1.5258448922557963, -2.157204862977203, -2.9322022051717966, -4.330945498042828, -4.914510695656822, -5.081047141216627, -5.215042668827883], "best": [[-0.3800313693858621, 0.5573793417659312], [-0.596310344108451, -0.3293605201344138, 0.3528231227193028, 0.8614044372746208], [-0.596310344108451, -0.5210359200010016, -0.2786896708829655, 0.3528231227193028, 0.6952333106418691, 0.9627461357775173], [-0.596310344108451, -0.5210359200010016, -0.4847968918466101, -0.2786896708829655, 0.3528231227193028, 0.6952333106418691, 0.797650023070837, 0.9627461357775173], [-0.596310344108451, -0.5210359200010016, -0.4847968918466101, -0.3969224278663653, -0.2280188216315172, 0.3528231227193028, 0.6952333106418691, 0.797650023070837, 0.8178797624155625, 0.8614044372746208], [-0.596310344108451, -0.5210359200010016, -0.4847968918466101, -0.3969224278663653, -0.20173190386459178, -0.12667712312862067, 0.3528231227193028, 0.6952333106418691, 0.797650023070837, 0.8178797624155625, 1.0786430189277363, 1.3681129297891035], [-0.596310344108451, -0.5210359200010016, -0.4847968918466101, -0.3969224278663653, -0.20173190386459178, 0.18886339268908842, 0.0760062738771724, 0.3528231227193028, 0.6952333106418691, 0.797650023070837, 0.8178797624155625, 1.0786430189277363, -1.5629084105363131, -0.9627461357775172]], "best_expectation_values": [-2.7100402440748743, -3.5058562212226927, -4.094173449761825, -4.63371500404993, -5.026102710353149, -5.2230776885351595, -5.222957003470047]}