{"params": [1.70644696, 1.31026897, 0.1001059, 0.44507739, 0.40911783, 0.05969822, 0.15753624, -0.21189581, 0.45917066, 0.08005258, 0.0862845, 1.36198904, 0.04031738, 0.01627088, 0.10845306, 0.03986271, 0.13555088, 0.11426904, -0.16347982, 0.08047772, -0.98366417, 0.25643059, -0.08828101, 0.21787863, -0.03725612, 0.03498033, 0.14537361, 0.14428303, 0.28812158, 0.36856505, 0.15204735, 0.34231797, 0.26893689, 0.24999512, 0.49570758, 0.47145651, 0.66252118, 0.18425896, 0.72120675, 0.36201836, 0.80424175, -1.78277873], "expectation_values": [0.48952106036638326, 0.8439699434611033, -1.192249945021908, -1.6075731362440593, 3.2727738382386717, 4.04356665185718, 3.021719588757296, 3.9748279968505154, 3.3749357288993993, 3.2028863977255226, 2.1351018614329234], "best": [[-0.3800313693858621, 0.5573793417659312], [1.7064469649817444, 1.3102689657622963, -0.3293605201344138, 0.2564305884389969, -0.08828100973142433, 0.45603764326303464], [1.7064469649817444, 1.3102689657622963, 0.10010589580931216, 0.4450773875875313, 0.5827147663916552, 0.2564305884389969, -0.08828100973142433, 0.21787862514645845, -0.037256119780135905, -0.25335424625724134], [1.7064469649817444, 1.3102689657622963, 0.10010589580931216, 0.4450773875875313, 0.4091178307503251, 0.059698216722596835, -0.3293605201344138, 0.2564305884389969, -0.08828100973142433, 0.21787862514645845, -0.037256119780135905, 0.03498033008740983, 0.1453736069720021, 0.6587210402688277], [1.7064469649817444, 1.3102689657622963, 0.10010589580931216, 0.4450773875875313, 0.4091178307503251, 0.059698216722596835, 0.1575362371147325, -0.21189580869830113, -0.2280188216315172, 0.2564305884389969, -0.08828100973142433, 0.21787862514645845, -0.037256119780135905, 0.03498033008740983, 0.1453736069720021, 0.14428302890661152, 0.2881215846510757, 0.3546959447601379], [1.7064469649817444, 1.3102689657622963, 0.10010589580931216, 0.4450773875875313, 0.4091178307503251, 0.059698216722596835, 0.1575362371147325, -0.21189580869830113, 0.4591706559955415, 0.08005257733797337, 0.7853981633974483, 0.2564305884389969, -0.08828100973142433, 0.21787862514645845, -0.037256119780135905, 0.03498033008740983, 0.1453736069720021, 0.14428302890661152, 0.2881215846510757, 0.3685650509640671, 0.15204735483586626, -0.3546959447601379], [1.7064469649817444, 1.3102689657622963, 0.10010589580931216, 0.4450773875875313, 0.4091178307503251, 0.059698216722596835, 0.1575362371147325, -0.21189580869830113, 0.4591706559955415, 0.08005257733797337, 0.08628449506698976, 1.361989037162037, 0.734727314146, 0.2564305884389969, -0.08828100973142433, 0.21787862514645845, -0.037256119780135905, 0.03498033008740983, 0.1453736069720021, 0.14428302890661152, 0.2881215846510757, 0.3685650509640671, 0.15204735483586626, 0.342317974355084, 0.2689368917855971, -0.9627461357775172], [1.7064469649817444, 1.3102689657622963, 0.10010589580931216, 0.4450773875875313, 0.4091178307503251, 0.059698216722596835, 0.1575362371147325, -0.21189580869830113, 0.4591706559955415, 0.08005257733797337, 0.08628449506698976, 1.361989037162037, 0.04031737677320178, 0.016270880046101527, 0.7853981633974483, 0.2564305884389969, -0.08828100973142433, 0.21787862514645845, -0.037256119780135905, 0.03498033008740983, 0.1453736069720021, 0.14428302890661152, 0.2881215846510757, 0.3685650509640671, 0.15204735483586626, 0.342317974355084, 0.2689368917855971, 0.2499951225457513, 0.4957075843458022, 1.469454628292], [1.7064469649817444, 1.3102689657622963, 0.10010589580931216, 0.4450773875875313, 0.4091178307503251, 0.059698216722596835, 0.1575362371147325, -0.21189580869830113, 0.4591706559955415, 0.08005257733797337, 0.08628449506698976, 1.361989037162037, 0.04031737677320178, 0.016270880046101527, 0.10845305635722809, 0.03986271390381406, 0.7853981633974483, 0.2564305884389969, -0.08828100973142433, 0.21787862514645845, -0.037256119780135905, 0.03498033008740983, 0.1453736069720021, 0.14428302890661152, 0.2881215846510757, 0.3685650509640671, 0.15204735483586626, 0.342317974355084, 0.2689368917855971, 0.2499951225457513, 0.4957075843458022, 0.47145651145354045, 0.6625211819653869, 0.25335424625724134], [1.7064469649817444, 1.3102689657622963, 0.10010589580931216, 0.4450773875875313, 0.4091178307503251, 0.059698216722596835, 0.1575362371147325, -0.21189580869830113, 0.4591706559955415, 0.08005257733797337, 0.08628449506698976, 1.361989037162037, 0.04031737677320178, 0.016270880046101527, 0.10845305635722809, 0.03986271390381406, 0.13555088060296921, 0.11426903742321647, 0.5827147663916552, 0.2564305884389969, -0.08828100973142433, 0.21787862514645845, -0.037256119780135905, 0.03498033008740983, 0.1453736069720021, 0.14428302890661152, 0.2881215846510757, 0.3685650509640671, 0.15204735483586626, 0.342317974355084, 0.2689368917855971, 0.2499951225457513, 0.4957075843458022, 0.47145651145354045, 0.6625211819653869, 0.1842589629284012, 0.7212067473120998, -0.6587210402688276], [1.7064469649817444, 1.3102689657622963, 0.10010589580931216, 0.4450773875875313, 0.4091178307503251, 0.059698216722596835, 0.1575362371147325, -0.21189580869830113, 0.4591706559955415, 0.08005257733797337, 0.08628449506698976, 1.361989037162037, 0.04031737677320178, 0.016270880046101527, 0.10845305635722809, 0.03986271390381406, 0.13555088060296921, 0.11426903742321647, -0.16347982165278363, 0.08047772476506002, -0.5827147663916552, 0.2564305884389969, -0.08828100973142433, 0.21787862514645845, -0.037256119780135905, 0.03498033008740983, 0.1453736069720021, 0.14428302890661152, 0.2881215846510757, 0.3685650509640671, 0.15204735483586626, 0.342317974355084, 0.2689368917855971, 0.2499951225457513, 0.4957075843458022, 0.47145651145354045, 0.6625211819653869, 0.1842589629284012, 0.7212067473120998, 0.3620183571422502, 0.8042417510494086, 1.3681129297891035]], "best_expectation_values": [-3.9917122057681635, -4.170340170354099, -4.3598732692834545, -4.979319406511808, -5.174515977051637, -5.7988400496576515, -5.200293900278947, -5.70483225640952, -5.934058516648832, -5.091750193950827, -6.309711176554423]}