{"params": [1.08798923, 0.69155674, 0.66433203, 0.48644286, 0.41882503, -0.16231423, 0.4385467, 0.40351578, 0.04838315, 0.26188823, 1.42970199, -0.01472769, 0.06657333, -0.11450753, 0.17370783, -0.36823478, 0.05831282, 0.10072813, 0.03550604, -0.03623124, 0.50115838, 0.24577027, 0.33414785, -0.24542393, 0.08280119, 0.07875821, -0.0350801, -0.01593742, 1.10060102, 0.10249307, 0.30724228, 0.10477706, 0.31562309, 0.74814202, 0.27859691, 0.52486189, 0.41105198, 0.66268905, 0.48697387, 0.29580696, 0.63016589, 1.28234387], "expectation_values": [0.3514399905271105, 0.7933766213424859, 0.146013726752428, -3.215798351685238, -2.399754273732981, -4.825692415648144, 2.576165432882571, 3.42448773208912, 3.509410042950391, 3.3984052651802856, -0.3929296823036363], "best": [[-0.3800313693858621, 0.5573793417659312], [1.2720499340993359, 0.04259760915976518, -0.3800313693858621, 0.03919908119632487, 0.03164753329547113, 0.5573793417659312], [1.2720499340993359, 0.04259760915976518, -0.11582313160065652, 0.3173699343719259, -0.3800313693858621, 0.03919908119632487, 0.03164753329547113, 0.1113881848362737, -0.06583044822438214, 0.45603764326303464], [1.2720499340993359, 0.04259760915976518, -0.11582313160065652, 0.3173699343719259, 0.31206898777595227, 0.3308141813632338, 0.4307022186373104, 0.03919908119632487, 0.03164753329547113, 0.1113881848362737, -0.06583044822438214, 0.2575745414097637, -0.07906640313554596, -0.25335424625724134], [1.2720499340993359, 0.04259760915976518, -0.11582313160065652, 0.3173699343719259, 0.31206898777595227, 0.3308141813632338, 0.3906078427633963, -0.04324515957497927, -0.2786896708829655, 0.03919908119632487, 0.03164753329547113, 0.1113881848362737, -0.06583044822438214, 0.2575745414097637, -0.07906640313554596, 0.11067273333747475, 0.30834246400822574, 0.45603764326303464], [1.2720499340993359, 0.04259760915976518, -0.11582313160065652, 0.3173699343719259, 0.31206898777595227, 0.3308141813632338, 0.3906078427633963, -0.04324515957497927, 0.2686720270200065, 0.1566115425822366, -0.734727314146, 0.03919908119632487, 0.03164753329547113, 0.1113881848362737, -0.06583044822438214, 0.2575745414097637, -0.07906640313554596, 0.11067273333747475, 0.30834246400822574, 0.5865838069769068, -0.0021052538535929273, -0.25335424625724134], [1.2720499340993359, 0.04259760915976518, -0.11582313160065652, 0.3173699343719259, 0.31206898777595227, 0.3308141813632338, 0.3906078427633963, -0.04324515957497927, 0.2686720270200065, 0.1566115425822366, 0.20371228781854595, 1.3124124414820977, -0.7853981633974483, 0.03919908119632487, 0.03164753329547113, 0.1113881848362737, -0.06583044822438214, 0.2575745414097637, -0.07906640313554596, 0.11067273333747475, 0.30834246400822574, 0.5865838069769068, -0.0021052538535929273, 0.37065907639856965, 0.40105856222577946, -0.9627461357775172], [1.2720499340993359, 0.04259760915976518, -0.11582313160065652, 0.3173699343719259, 0.31206898777595227, 0.3308141813632338, 0.3906078427633963, -0.04324515957497927, 0.2686720270200065, 0.1566115425822366, 0.20371228781854595, 1.3124124414820977, 0.09116969594144786, 0.1924336365962452, -0.734727314146, 0.03919908119632487, 0.03164753329547113, 0.1113881848362737, -0.06583044822438214, 0.2575745414097637, -0.07906640313554596, 0.11067273333747475, 0.30834246400822574, 0.5865838069769068, -0.0021052538535929273, 0.37065907639856965, 0.40105856222577946, 0.3047961044465679, 0.46747509631502054, 1.3681129297891035], [1.2720499340993359, 0.04259760915976518, -0.11582313160065652, 0.3173699343719259, 0.31206898777595227, 0.3308141813632338, 0.3906078427633963, -0.04324515957497927, 0.2686720270200065, 0.1566115425822366, 0.20371228781854595, 1.3124124414820977, 0.09116969594144786, 0.1924336365962452, -0.05442472836379351, 0.06653556556306978, 0.7853981633974483, 0.03919908119632487, 0.03164753329547113, 0.1113881848362737, -0.06583044822438214, 0.2575745414097637, -0.07906640313554596, 0.11067273333747475, 0.30834246400822574, 0.5865838069769068, -0.0021052538535929273, 0.37065907639856965, 0.40105856222577946, 0.3047961044465679, 0.46747509631502054, 0.499126545757529, 0.5182714859979485, 0.3546959447601379], [1.2720499340993359, 0.04259760915976518, -0.11582313160065652, 0.3173699343719259, 0.31206898777595227, 0.3308141813632338, 0.3906078427633963, -0.04324515957497927, 0.2686720270200065, 0.1566115425822366, 0.20371228781854595, 1.3124124414820977, 0.09116969594144786, 0.1924336365962452, -0.05442472836379351, 0.06653556556306978, -0.06878571406572376, 0.028952336139748458, -0.734727314146, 0.03919908119632487, 0.03164753329547113, 0.1113881848362737, -0.06583044822438214, 0.2575745414097637, -0.07906640313554596, 0.11067273333747475, 0.30834246400822574, 0.5865838069769068, -0.0021052538535929273, 0.37065907639856965, 0.40105856222577946, 0.3047961044465679, 0.46747509631502054, 0.499126545757529, 0.5182714859979485, 0.47325743213370475, 0.7468497418081413, -0.8614044372746207], [1.2720499340993359, 0.04259760915976518, -0.11582313160065652, 0.3173699343719259, 0.31206898777595227, 0.3308141813632338, 0.3906078427633963, -0.04324515957497927, 0.2686720270200065, 0.1566115425822366, 0.20371228781854595, 1.3124124414820977, 0.09116969594144786, 0.1924336365962452, -0.05442472836379351, 0.06653556556306978, -0.06878571406572376, 0.028952336139748458, 0.025402185367696773, 0.10940570507845351, 0.734727314146, 0.03919908119632487, 0.03164753329547113, 0.1113881848362737, -0.06583044822438214, 0.2575745414097637, -0.07906640313554596, 0.11067273333747475, 0.30834246400822574, 0.5865838069769068, -0.0021052538535929273, 0.37065907639856965, 0.40105856222577946, 0.3047961044465679, 0.46747509631502054, 0.499126545757529, 0.5182714859979485, 0.47325743213370475, 0.7468497418081413, 0.174329597343697, 0.7457711745899469, 1.3681129297891035]], "best_expectation_values": [-4.422152436707706, -4.539304468341546, -4.340264687887237, -4.920454221864229, -5.5041757998698415, -6.064578578279892, -5.3809451616737975, -4.385922506889042, -4.7860269854617625, -5.0524302839126545, -6.311055961566228]}