{"params": [0.84547845, 0.15909244, -0.06470737, -0.12858399, -0.0956098, 0.09460809, -0.09447308, 1.92531281, 1.71342214, -2.54201874, -0.67208233, -0.3524625, -3.14086438, -2.51430675], "expectation_values": [-52.49796857049489, -53.45225945003567, -53.865566492105984, -53.17826958081486, -54.48992704355166, -54.57355349009855, -55.9632972179574], "best": [[0.8614044372746208, 1.9254922715550347], [0.8454784506136243, 0.1520125477543448, 1.9253128080091153, 1.7228088745492416], [0.8454784506136243, 0.15909243945718454, -0.05067084925144827, 1.9253128080091153, 1.713422144230876, -2.533542462572414], [0.8454784506136243, 0.15909243945718454, -0.064707371975627, -0.05067084925144827, 1.9253128080091153, 1.713422144230876, -2.542018743902882, -0.7093918895202758], [0.8454784506136243, 0.15909243945718454, -0.064707371975627, -0.12858399082094843, -0.05067084925144827, 1.9253128080091153, 1.713422144230876, -2.542018743902882, -0.6720823311732512, -1.3174420805376552], [0.8454784506136243, 0.15909243945718454, -0.064707371975627, -0.12858399082094843, -0.09560980329709823, 0.05067084925144827, 1.9253128080091153, 1.713422144230876, -2.542018743902882, -0.6720823311732512, -0.3524625000596468, 2.533542462572414], [0.8454784506136243, 0.15909243945718454, -0.064707371975627, -0.12858399082094843, -0.09560980329709823, 0.09460809339623304, -0.05067084925144827, 1.9253128080091153, 1.713422144230876, -2.542018743902882, -0.6720823311732512, -0.3524625000596468, -3.140864383312172, -2.533542462572414]], "best_expectation_values": [-52.49796857049489, -53.45225945003567, -53.865566492105984, -54.41981840939941, -54.59328454728161, -55.06926248953888, -55.470788670961895]}