{"params": [1.48235972, 0.263067425, 1.06127167, 0.317150027, 0.291591935, 0.140360079, 0.794406533, 0.0113305125, 0.0470850672, 0.133603834, 1.19926105, 0.164742387, 0.179627833, 0.194318842, -0.102223317, 0.451338772, 0.136332081, 0.532693997, 0.277496564, -0.00123973143, 0.433732969, -0.179529086, -0.116407321, 0.209371519, 0.215126047, 0.314841527, -0.0663207751, 0.0603994035, 1.36737814, 0.570573806, 0.274379431, 0.195820284, 0.497393493, 0.309227984, 0.491172146, 0.157306678, 0.0797601747, 0.290995674, 0.665130605, 0.333476975, 0.835303344, 1.94243441], "expectation_values": [0.08831924806369514, 1.9098447638454457, 2.0163684844101537, -1.6577398729678696, -1.6092442500780706, -2.5184799671756792, -2.337763852348951, -2.031613182326875, -2.4186669796279303, -1.4113214720830007, -3.962059111161099], "best": [[-0.3800313693858621, 0.5573793417659312], [1.4823597198172773, 0.26306742461936056, -0.2786896708829655, -0.1795290860653458, -0.11640732053059058, 0.8614044372746208], [1.4823597198172773, 0.26306742461936056, 1.0612716748195876, 0.31715002725135844, -0.43070221863731034, -0.1795290860653458, -0.11640732053059058, 0.20937151863641598, 0.2151260465383342, 0.6587210402688277], [1.4823597198172773, 0.26306742461936056, 1.0612716748195876, 0.31715002725135844, 0.29159193517250975, 0.14036007908667053, 0.48137306788875867, -0.1795290860653458, -0.11640732053059058, 0.20937151863641598, 0.2151260465383342, 0.31484152682923605, -0.06632077513471966, -0.3546959447601379], [1.4823597198172773, 0.26306742461936056, 1.0612716748195876, 0.31715002725135844, 0.29159193517250975, 0.14036007908667053, 0.7944065327674661, 0.011330512512294683, -0.3293605201344138, -0.1795290860653458, -0.11640732053059058, 0.20937151863641598, 0.2151260465383342, 0.31484152682923605, -0.06632077513471966, 0.06039940351032518, 1.3673781416771456, 0.9627461357775173], [1.4823597198172773, 0.26306742461936056, 1.0612716748195876, 0.31715002725135844, 0.29159193517250975, 0.14036007908667053, 0.7944065327674661, 0.011330512512294683, 0.04708506720200217, 0.1336038343186833, -0.4813730678887586, -0.1795290860653458, -0.11640732053059058, 0.20937151863641598, 0.2151260465383342, 0.31484152682923605, -0.06632077513471966, 0.06039940351032518, 1.3673781416771456, 0.5705738059798655, 0.2743794305624521, 0.1520125477543448], [1.4823597198172773, 0.26306742461936056, 1.0612716748195876, 0.31715002725135844, 0.29159193517250975, 0.14036007908667053, 0.7944065327674661, 0.011330512512294683, 0.04708506720200217, 0.1336038343186833, 1.199261048931844, 0.16474238731567917, 0.22801882163151732, -0.1795290860653458, -0.11640732053059058, 0.20937151863641598, 0.2151260465383342, 0.31484152682923605, -0.06632077513471966, 0.06039940351032518, 1.3673781416771456, 0.5705738059798655, 0.2743794305624521, 0.19582028365767226, 0.49739349291544765, 0.9627461357775173], [1.4823597198172773, 0.26306742461936056, 1.0612716748195876, 0.31715002725135844, 0.29159193517250975, 0.14036007908667053, 0.7944065327674661, 0.011330512512294683, 0.04708506720200217, 0.1336038343186833, 1.199261048931844, 0.16474238731567917, 0.1796278334398082, 0.1943188419424114, 0.22801882163151732, -0.1795290860653458, -0.11640732053059058, 0.20937151863641598, 0.2151260465383342, 0.31484152682923605, -0.06632077513471966, 0.06039940351032518, 1.3673781416771456, 0.5705738059798655, 0.2743794305624521, 0.19582028365767226, 0.49739349291544765, 0.30922798405067653, 0.4911721462312676, 0.5573793417659312], [1.4823597198172773, 0.26306742461936056, 1.0612716748195876, 0.31715002725135844, 0.29159193517250975, 0.14036007908667053, 0.7944065327674661, 0.011330512512294683, 0.04708506720200217, 0.1336038343186833, 1.199261048931844, 0.16474238731567917, 0.1796278334398082, 0.1943188419424114, -0.10222331660197498, 0.45133877208665885, 0.2786896708829656, -0.1795290860653458, -0.11640732053059058, 0.20937151863641598, 0.2151260465383342, 0.31484152682923605, -0.06632077513471966, 0.06039940351032518, 1.3673781416771456, 0.5705738059798655, 0.2743794305624521, 0.19582028365767226, 0.49739349291544765, 0.30922798405067653, 0.4911721462312676, 0.15730667837292547, 0.07976017470451817, 0.8614044372746208], [1.4823597198172773, 0.26306742461936056, 1.0612716748195876, 0.31715002725135844, 0.29159193517250975, 0.14036007908667053, 0.7944065327674661, 0.011330512512294683, 0.04708506720200217, 0.1336038343186833, 1.199261048931844, 0.16474238731567917, 0.1796278334398082, 0.1943188419424114, -0.10222331660197498, 0.45133877208665885, 0.1363320812781269, 0.5326939966804041, -0.2786896708829655, -0.1795290860653458, -0.11640732053059058, 0.20937151863641598, 0.2151260465383342, 0.31484152682923605, -0.06632077513471966, 0.06039940351032518, 1.3673781416771456, 0.5705738059798655, 0.2743794305624521, 0.19582028365767226, 0.49739349291544765, 0.30922798405067653, 0.4911721462312676, 0.15730667837292547, 0.07976017470451817, 0.29099567374660384, 0.665130605450968, -0.05067084925144827], [1.4823597198172773, 0.26306742461936056, 1.0612716748195876, 0.31715002725135844, 0.29159193517250975, 0.14036007908667053, 0.7944065327674661, 0.011330512512294683, 0.04708506720200217, 0.1336038343186833, 1.199261048931844, 0.16474238731567917, 0.1796278334398082, 0.1943188419424114, -0.10222331660197498, 0.45133877208665885, 0.1363320812781269, 0.5326939966804041, 0.2774965635885684, -0.0012397314301009878, -0.43070221863731034, -0.1795290860653458, -0.11640732053059058, 0.20937151863641598, 0.2151260465383342, 0.31484152682923605, -0.06632077513471966, 0.06039940351032518, 1.3673781416771456, 0.5705738059798655, 0.2743794305624521, 0.19582028365767226, 0.49739349291544765, 0.30922798405067653, 0.4911721462312676, 0.15730667837292547, 0.07976017470451817, 0.29099567374660384, 0.665130605450968, 0.3334769751422484, 0.8353033443376858, -1.1654295327833104]], "best_expectation_values": [-3.2807443082858176, -3.8065234817403173, -3.2597327387180606, -3.1045291613051194, -3.9989769970927895, -4.303371759680148, -4.8094481890848995, -5.3105709960411, -5.931526837326473, -5.980844281688504, -6.430994842077561]}