{"params": [-0.386645692, 0.731086184, 0.834808124, -0.17246101, -0.0724542093, 0.889052026, -0.0133815524, 0.0798974811, 0.193477119, 0.000582033934, 0.581303261, 0.253026162, 0.770030818, 1.61670869], "expectation_values": [6.988824886179129, 8.379489552910119, -13.688460554923127, -27.617721376860626, -90.66385707572279, -19.522138452708802, -95.00491184414456], "best": [[0.8614044372746208, 1.1147586835318624], [-0.04128496977777929, 0.6587210402688277, 0.13572531676909028, 1.7228088745492416], [-0.04128496977777929, 0.5205774411970219, 0.45603764326303464, 0.13572531676909028, 0.3827510964605533, 1.7228088745492416], [-0.04128496977777929, 0.5205774411970219, 1.0837509610637859, -0.7600627387717241, 0.13572531676909028, 0.3827510964605533, 0.0011936544457732013, -2.736225859578207], [-0.04128496977777929, 0.5205774411970219, 1.0837509610637859, 0.7550227496776538, -0.1520125477543448, 0.13572531676909028, 0.3827510964605533, 0.0011936544457732013, 0.22211527428948655, 1.7228088745492416], [-0.04128496977777929, 0.5205774411970219, 1.0837509610637859, 0.7550227496776538, 0.2300087377509011, 0.25335424625724134, 0.13572531676909028, 0.3827510964605533, 0.0011936544457732013, 0.22211527428948655, 0.41536151702729895, 0.3040250955086896], [-0.04128496977777929, 0.5205774411970219, 1.0837509610637859, 0.7550227496776538, 0.2300087377509011, -0.22209179716916727, 0.25335424625724134, 0.13572531676909028, 0.3827510964605533, 0.0011936544457732013, 0.22211527428948655, 0.41536151702729895, 1.77211339808607, -1.114758683531862]], "best_expectation_values": [-92.49133680084034, -92.63220675267509, -19.698048778547246, -94.11028773959382, -94.92833340463392, -94.66292783572963, -94.27361499700926]}