{"params": [-0.37099962, 0.42712323, 0.34111512, -0.18247329, -0.13697207, -0.07427862, -0.07836494, 0.00813517, 1.10091101, 0.29709764, 0.38197537, 0.42393135, 1.48198917, 0.33341311], "expectation_values": [8.641437980346845, -8.733865870207048, -82.35061662124495, -88.99158985763994, -88.56632423291144, -95.10620305574638, -95.37444115459284], "best": [[0.8614044372746208, 1.1147586835318624], [-0.26798980445391984, -0.25335424625724134, 0.043659496989818664, -1.9254922715550344], [-0.26798980445391984, 0.6545996804762492, 0.3546959447601379, 0.043659496989818664, 1.458598221129236, 1.1147586835318624], [-0.26798980445391984, 0.6545996804762492, 0.2745933941983868, -0.05067084925144827, 0.043659496989818664, 1.458598221129236, 0.3325962933778005, 0.9120752865260693], [-0.26798980445391984, 0.6545996804762492, 0.2745933941983868, -0.06839078601266482, -0.05067084925144827, 0.043659496989818664, 1.458598221129236, 0.3325962933778005, 0.10591012188067905, 2.1281756685608277], [-0.26798980445391984, 0.6545996804762492, 0.2745933941983868, -0.06839078601266482, -0.027140300624133737, 0.05067084925144827, 0.043659496989818664, 1.458598221129236, 0.3325962933778005, 0.10591012188067905, 0.2333681331026698, -0.3040250955086896], [-0.26798980445391984, 0.6545996804762492, 0.2745933941983868, -0.06839078601266482, -0.027140300624133737, -0.1237254509163819, 0.05067084925144827, 0.043659496989818664, 1.458598221129236, 0.3325962933778005, 0.10591012188067905, 0.2333681331026698, 1.493407688877807, -2.330859065566621]], "best_expectation_values": [-92.47053145602142, -93.0175346664594, -91.98435821992386, -94.30007473420683, -95.33698127518629, -95.34514241193693, -96.8661497371868]}