{"params": [1.63377315, 0.35781651, 0.26569841, 0.03328037, 0.57738023, 0.4908785, 1.39717239, 0.38438111, 0.2055669, 0.04612748, 0.14200006, 1.23734327, 0.00570867, 0.14079852, 0.02963654, 0.13469217, 0.04391774, -0.08618355, -0.0508467, 0.06094228, 0.77964586, -0.11532456, 0.07533569, 0.16634721, 0.21414094, 0.04132617, 0.14612271, 0.12193973, 0.29227905, 0.17916923, 0.30082348, 0.3680571, 0.12106931, 0.53859004, 0.43339293, 0.45206908, 0.47594127, 0.41853287, 0.33119682, 0.26952578, 0.79945784, 1.5119514], "expectation_values": [0.636429166871566, 1.6228749048908422, 2.5599700500231095, 1.538053496468119, 0.892504907421252, 2.25242083959015, 0.21007757438929306, 0.5960195992085687, 0.8063709120369976, 1.2381115816445514, 0.4490605934853885], "best": [[-0.3293605201344138, 0.5573793417659312], [1.6337731536599192, 0.3578165112414626, 0.32936052013441386, -0.11532456303383548, 0.0753356878213736, -0.6587210402688276], [1.6337731536599192, 0.3578165112414626, 0.2656984071881144, 0.033280365771635984, -0.43070221863731034, -0.11532456303383548, 0.0753356878213736, 0.1663472087334429, 0.2141409353140156, 0.1520125477543448], [1.6337731536599192, 0.3578165112414626, 0.2656984071881144, 0.033280365771635984, 0.5773802304249698, 0.490878496230059, -0.3800313693858621, -0.11532456303383548, 0.0753356878213736, 0.1663472087334429, 0.2141409353140156, 0.041326168928419796, 0.14612270991991888, 0.7600627387717243], [1.6337731536599192, 0.3578165112414626, 0.2656984071881144, 0.033280365771635984, 0.5773802304249698, 0.490878496230059, 1.3971723887820178, 0.3843811116870032, -0.5827147663916552, -0.11532456303383548, 0.0753356878213736, 0.1663472087334429, 0.2141409353140156, 0.041326168928419796, 0.14612270991991888, 0.12193972843636627, 0.29227904922738634, 0.25335424625724134], [1.6337731536599192, 0.3578165112414626, 0.2656984071881144, 0.033280365771635984, 0.5773802304249698, 0.490878496230059, 1.3971723887820178, 0.3843811116870032, 0.20556690136039377, 0.04612747735416941, 0.5827147663916552, -0.11532456303383548, 0.0753356878213736, 0.1663472087334429, 0.2141409353140156, 0.041326168928419796, 0.14612270991991888, 0.12193972843636627, 0.29227904922738634, 0.17916923431347467, 0.30082347547036276, -0.557379341765931], [1.6337731536599192, 0.3578165112414626, 0.2656984071881144, 0.033280365771635984, 0.5773802304249698, 0.490878496230059, 1.3971723887820178, 0.3843811116870032, 0.20556690136039377, 0.04612747735416941, 0.14200006324609543, 1.237343269773667, 0.5320439171402069, -0.11532456303383548, 0.0753356878213736, 0.1663472087334429, 0.2141409353140156, 0.041326168928419796, 0.14612270991991888, 0.12193972843636627, 0.29227904922738634, 0.17916923431347467, 0.30082347547036276, 0.36805710201785347, 0.12106930881519391, -1.1654295327833104], [1.6337731536599192, 0.3578165112414626, 0.2656984071881144, 0.033280365771635984, 0.5773802304249698, 0.490878496230059, 1.3971723887820178, 0.3843811116870032, 0.20556690136039377, 0.04612747735416941, 0.14200006324609543, 1.237343269773667, 0.005708673171175391, 0.14079852210577343, -0.6333856156431035, -0.11532456303383548, 0.0753356878213736, 0.1663472087334429, 0.2141409353140156, 0.041326168928419796, 0.14612270991991888, 0.12193972843636627, 0.29227904922738634, 0.17916923431347467, 0.30082347547036276, 0.36805710201785347, 0.12106930881519391, 0.5385900427340394, 0.4333929275877902, 0.9627461357775173], [1.6337731536599192, 0.3578165112414626, 0.2656984071881144, 0.033280365771635984, 0.5773802304249698, 0.490878496230059, 1.3971723887820178, 0.3843811116870032, 0.20556690136039377, 0.04612747735416941, 0.14200006324609543, 1.237343269773667, 0.005708673171175391, 0.14079852210577343, 0.029636537030850355, 0.13469216573822648, 0.734727314146, -0.11532456303383548, 0.0753356878213736, 0.1663472087334429, 0.2141409353140156, 0.041326168928419796, 0.14612270991991888, 0.12193972843636627, 0.29227904922738634, 0.17916923431347467, 0.30082347547036276, 0.36805710201785347, 0.12106930881519391, 0.5385900427340394, 0.4333929275877902, 0.45206908096565784, 0.4759412651008209, 0.1520125477543448], [1.6337731536599192, 0.3578165112414626, 0.2656984071881144, 0.033280365771635984, 0.5773802304249698, 0.490878496230059, 1.3971723887820178, 0.3843811116870032, 0.20556690136039377, 0.04612747735416941, 0.14200006324609543, 1.237343269773667, 0.005708673171175391, 0.14079852210577343, 0.029636537030850355, 0.13469216573822648, 0.04391774324992302, -0.08618354642504256, 0.734727314146, -0.11532456303383548, 0.0753356878213736, 0.1663472087334429, 0.2141409353140156, 0.041326168928419796, 0.14612270991991888, 0.12193972843636627, 0.29227904922738634, 0.17916923431347467, 0.30082347547036276, 0.36805710201785347, 0.12106930881519391, 0.5385900427340394, 0.4333929275877902, 0.45206908096565784, 0.4759412651008209, 0.4185328738423222, 0.33119681699922027, -0.557379341765931], [1.6337731536599192, 0.3578165112414626, 0.2656984071881144, 0.033280365771635984, 0.5773802304249698, 0.490878496230059, 1.3971723887820178, 0.3843811116870032, 0.20556690136039377, 0.04612747735416941, 0.14200006324609543, 1.237343269773667, 0.005708673171175391, 0.14079852210577343, 0.029636537030850355, 0.13469216573822648, 0.04391774324992302, -0.08618354642504256, -0.050846701640331386, 0.06094227762085688, 0.7853981633974483, -0.11532456303383548, 0.0753356878213736, 0.1663472087334429, 0.2141409353140156, 0.041326168928419796, 0.14612270991991888, 0.12193972843636627, 0.29227904922738634, 0.17916923431347467, 0.30082347547036276, 0.36805710201785347, 0.12106930881519391, 0.5385900427340394, 0.4333929275877902, 0.45206908096565784, 0.4759412651008209, 0.4185328738423222, 0.33119681699922027, 0.26952578249068976, 0.7994578379454382, 1.469454628292]], "best_expectation_values": [-2.312967517853068, -2.3922661862390533, -2.004627435025449, -2.995190358614542, -2.302726662214043, -2.9593254427045736, -2.3426261755674593, -3.4007386338544596, -3.645969582777586, -3.786231710338613, -4.033691234763467]}