{"params": [0.55099528, -0.16300162, 0.0279739, 0.08171803, 0.10095191, 0.04611705, -0.07152102, 2.52997202, -1.52231647, -1.31302397, -1.92096033, 1.09822213, 0.3047109, 2.32059037], "expectation_values": [-72.15011831198139, -73.58468342041054, -73.78479350606702, -74.51173206098636, -74.81560585105042, -74.45160707303941, -75.85941484050805], "best": [[0.5573793417659312, 2.533542462572414], [0.5509952797254752, -0.1520125477543448, 2.5299720211022803, -1.5201254775434483], [0.5509952797254752, -0.1630016212638916, -0.05067084925144827, 2.5299720211022803, -1.5223164650977963, 0.10134169850289654], [0.5509952797254752, -0.1630016212638916, 0.02797389701158804, 0.05067084925144827, 2.5299720211022803, -1.5223164650977963, -1.313023966457814, -1.9254922715550344], [0.5509952797254752, -0.1630016212638916, 0.02797389701158804, 0.08171802659684829, -0.05067084925144827, 2.5299720211022803, -1.5223164650977963, -1.313023966457814, -1.920960332861686, 3.141592653589793], [0.5509952797254752, -0.1630016212638916, 0.02797389701158804, 0.08171802659684829, 0.10095191199881151, -0.05067084925144827, 2.5299720211022803, -1.5223164650977963, -1.313023966457814, -1.920960332861686, 1.0982221347243093, 1.3174420805376554], [0.5509952797254752, -0.1630016212638916, 0.02797389701158804, 0.08171802659684829, 0.10095191199881151, 0.04611705082333311, -0.05067084925144827, 2.5299720211022803, -1.5223164650977963, -1.313023966457814, -1.920960332861686, 1.0982221347243093, 0.3047109032200529, 2.330859065566621]], "best_expectation_values": [-72.15011831198139, -73.58468342041054, -74.09754973852773, -74.51173206098636, -74.90827184253672, -75.28313550564853, -75.65774208213126]}