{"params": [1.54877721, 1.52986667, 0.35352388, 0.25591418, 0.55104945, -0.09228659, 0.51543723, 0.09122598, 0.14135724, -0.02803, 0.10036994, 1.31404851, 0.04836661, 0.11356288, 0.01034832, 0.06351278, 0.06409882, -0.09066874, 0.01377663, 0.0623287, 0.73069684, 0.03995515, 0.12128161, 0.38730878, -0.191488, 0.15204223, 0.2943395, 0.30136209, 0.15140497, 0.10286493, 0.25445215, 0.33262966, 0.13665987, 0.38511273, 0.48290776, 0.40528816, 0.454836, 0.4978044, 0.647973, 0.36954331, 0.64849296, 1.29239747], "expectation_values": [-1.7889335846010823e-17, 2.4502148025585, -3.13644822863745, 1.2492476577101637, 2.301463281963312, 2.5738950653374397, 1.0941357300837264, 1.4293243223287149, 1.8665352392439523, 2.0806705189107637, 0.08360722171618132], "best": [[-0.3800313693858621, 0.5573793417659312], [1.5487772068217964, 1.5298666677873898, 0.32936052013441386, 0.03995514934945297, 0.12128160927669389, -0.7600627387717241], [1.5487772068217964, 1.5298666677873898, 0.3535238799377172, 0.2559141816656891, 0.5320439171402069, 0.03995514934945297, 0.12128160927669389, 0.3873087779088643, -0.19148799940370298, -0.1520125477543448], [1.5487772068217964, 1.5298666677873898, 0.3535238799377172, 0.2559141816656891, 0.5510494522192781, -0.09228658607066419, -0.2280188216315172, 0.03995514934945297, 0.12128160927669389, 0.3873087779088643, -0.19148799940370298, 0.15204223109598689, 0.29433950223167055, 0.6587210402688277], [1.5487772068217964, 1.5298666677873898, 0.3535238799377172, 0.2559141816656891, 0.5510494522192781, -0.09228658607066419, 0.515437226751086, 0.09122597592953882, 0.734727314146, 0.03995514934945297, 0.12128160927669389, 0.3873087779088643, -0.19148799940370298, 0.15204223109598689, 0.29433950223167055, 0.30136209131074215, 0.1514049723907327, -0.25335424625724134], [1.5487772068217964, 1.5298666677873898, 0.3535238799377172, 0.2559141816656891, 0.5510494522192781, -0.09228658607066419, 0.515437226751086, 0.09122597592953882, 0.14135724066232613, -0.028030002913717565, 0.6333856156431035, 0.03995514934945297, 0.12128160927669389, 0.3873087779088643, -0.19148799940370298, 0.15204223109598689, 0.29433950223167055, 0.30136209131074215, 0.1514049723907327, 0.10286492659117161, 0.2544521496767053, -0.6587210402688276], [1.5487772068217964, 1.5298666677873898, 0.3535238799377172, 0.2559141816656891, 0.5510494522192781, -0.09228658607066419, 0.515437226751086, 0.09122597592953882, 0.14135724066232613, -0.028030002913717565, 0.10036993691935411, 1.3140485134225453, 0.6333856156431035, 0.03995514934945297, 0.12128160927669389, 0.3873087779088643, -0.19148799940370298, 0.15204223109598689, 0.29433950223167055, 0.30136209131074215, 0.1514049723907327, 0.10286492659117161, 0.2544521496767053, 0.33262965675114453, 0.13665987140652144, -1.1654295327833104], [1.5487772068217964, 1.5298666677873898, 0.3535238799377172, 0.2559141816656891, 0.5510494522192781, -0.09228658607066419, 0.515437226751086, 0.09122597592953882, 0.14135724066232613, -0.028030002913717565, 0.10036993691935411, 1.3140485134225453, 0.048366611942512704, 0.11356288489119025, -0.6333856156431035, 0.03995514934945297, 0.12128160927669389, 0.3873087779088643, -0.19148799940370298, 0.15204223109598689, 0.29433950223167055, 0.30136209131074215, 0.1514049723907327, 0.10286492659117161, 0.2544521496767053, 0.33262965675114453, 0.13665987140652144, 0.385112727032679, 0.4829077626829929, 1.0640878342804139], [1.5487772068217964, 1.5298666677873898, 0.3535238799377172, 0.2559141816656891, 0.5510494522192781, -0.09228658607066419, 0.515437226751086, 0.09122597592953882, 0.14135724066232613, -0.028030002913717565, 0.10036993691935411, 1.3140485134225453, 0.048366611942512704, 0.11356288489119025, 0.010348321369161965, 0.06351277777693391, -0.6840564648945517, 0.03995514934945297, 0.12128160927669389, 0.3873087779088643, -0.19148799940370298, 0.15204223109598689, 0.29433950223167055, 0.30136209131074215, 0.1514049723907327, 0.10286492659117161, 0.2544521496767053, 0.33262965675114453, 0.13665987140652144, 0.385112727032679, 0.4829077626829929, 0.4052881642565378, 0.45483599838869465, 0.25335424625724134], [1.5487772068217964, 1.5298666677873898, 0.3535238799377172, 0.2559141816656891, 0.5510494522192781, -0.09228658607066419, 0.515437226751086, 0.09122597592953882, 0.14135724066232613, -0.028030002913717565, 0.10036993691935411, 1.3140485134225453, 0.048366611942512704, 0.11356288489119025, 0.010348321369161965, 0.06351277777693391, 0.06409882264994797, -0.09066874079837808, -0.734727314146, 0.03995514934945297, 0.12128160927669389, 0.3873087779088643, -0.19148799940370298, 0.15204223109598689, 0.29433950223167055, 0.30136209131074215, 0.1514049723907327, 0.10286492659117161, 0.2544521496767053, 0.33262965675114453, 0.13665987140652144, 0.385112727032679, 0.4829077626829929, 0.4052881642565378, 0.45483599838869465, 0.49780439736588805, 0.6479729952248929, -0.8614044372746207], [1.5487772068217964, 1.5298666677873898, 0.3535238799377172, 0.2559141816656891, 0.5510494522192781, -0.09228658607066419, 0.515437226751086, 0.09122597592953882, 0.14135724066232613, -0.028030002913717565, 0.10036993691935411, 1.3140485134225453, 0.048366611942512704, 0.11356288489119025, 0.010348321369161965, 0.06351277777693391, 0.06409882264994797, -0.09066874079837808, 0.013776625557374352, 0.06232870236401023, 0.734727314146, 0.03995514934945297, 0.12128160927669389, 0.3873087779088643, -0.19148799940370298, 0.15204223109598689, 0.29433950223167055, 0.30136209131074215, 0.1514049723907327, 0.10286492659117161, 0.2544521496767053, 0.33262965675114453, 0.13665987140652144, 0.385112727032679, 0.4829077626829929, 0.4052881642565378, 0.45483599838869465, 0.49780439736588805, 0.6479729952248929, 0.3695433144801441, 0.6484929620364085, 1.266771231286207]], "best_expectation_values": [-2.9937841543261228, -3.0658062966775335, -3.5255954063434545, -4.070154444649537, -3.782378008945289, -4.067650544374938, -3.6131800248152017, -4.190187362094952, -4.227164868440802, -4.183054854924292, -4.4731205318825955]}