{"params": [-0.28509428, -0.05803416, -0.14646424, -0.24565112, -0.10902721, -0.01475732, -0.10484182, 1.04618812, 1.11758491, 1.27800216, 1.38801618, 0.48906692, 0.49206309, 0.59783727], "expectation_values": [-5.357840088049567, -34.33171011821195, -17.545983558452804, -4.200381658790775, -52.601813333205996, -51.82508265138158, -53.74662198722073], "best": [[0.8614044372746208, 1.9254922715550347], [-0.2850942839903115, 0.25335424625724134, 1.0461881187680167, -0.10134169850289654], [-0.2850942839903115, -0.0580341558213693, 0.25335424625724134, 1.0461881187680167, 1.117584910697015, -1.7228088745492414], [-0.2850942839903115, -0.0580341558213693, -0.14646424231801622, 0.45603764326303464, 1.0461881187680167, 1.117584910697015, 1.2780021554348218, -1.5201254775434483], [-0.2850942839903115, -0.0580341558213693, -0.14646424231801622, -0.24565111909905638, -0.1520125477543448, 1.0461881187680167, 1.117584910697015, 1.2780021554348218, 1.3880161782111033, 0.5067084925144827], [-0.2850942839903115, -0.0580341558213693, -0.14646424231801622, -0.24565111909905638, -0.10902721461324709, -0.1520125477543448, 1.0461881187680167, 1.117584910697015, 1.2780021554348218, 1.3880161782111033, 0.4890669189796016, 2.1281756685608277], [-0.2850942839903115, -0.0580341558213693, -0.14646424231801622, -0.24565111909905638, -0.10902721461324709, -0.014757324664984129, -0.1520125477543448, 1.0461881187680167, 1.117584910697015, 1.2780021554348218, 1.3880161782111033, 0.4890669189796016, 0.4920630891757066, 1.1147586835318624]], "best_expectation_values": [-52.5037095147062, -48.100815670255315, -48.1192297415327, -48.56930569790639, -52.601813333205996, -53.518307068598354, -53.78867277605261]}