{"params": [-0.2679898, 0.65459968, 0.27459339, -0.06839079, -0.0271403, -0.12372545, -0.09004175, 0.0436595, 1.45859822, 0.33259629, 0.10591012, 0.23336813, 1.49340769, 0.61960563], "expectation_values": [9.524745673591344, 25.691433562294627, 108.142844089159, 175.81994234134953, 171.28150582233025, 220.7731313606969, -97.34490677911094], "best": [[0.8614044372746208, 1.1147586835318624], [-0.2833256177401142, 0.8614044372746208, 0.06380608002429412, 2.1281756685608277], [-0.2833256177401142, 0.7557718206119775, -1.0640878342804139, 0.06380608002429412, 0.33974375405954055, -0.7093918895202758], [-0.2833256177401142, 0.7557718206119775, 0.7702476466203282, 1.266771231286207, 0.06380608002429412, 0.33974375405954055, 0.0324544852689956, -1.9254922715550344], [-0.2833256177401142, 0.7557718206119775, 0.7702476466203282, -0.1748418368670169, -1.3681129297891035, 0.06380608002429412, 0.33974375405954055, 0.0324544852689956, 0.3461880132450605, 0.3040250955086896], [-0.2833256177401142, 0.7557718206119775, 0.7702476466203282, -0.1748418368670169, -0.1621116563751761, 1.0640878342804139, 0.06380608002429412, 0.33974375405954055, 0.0324544852689956, 0.3461880132450605, 0.4326562315990035, 2.1281756685608277], [-0.2833256177401142, 0.7557718206119775, 0.7702476466203282, -0.1748418368670169, -0.1621116563751761, 0.9899852116373947, 0.1520125477543448, 0.06380608002429412, 0.33974375405954055, 0.0324544852689956, 0.3461880132450605, 0.4326562315990035, 0.49003807126864907, -1.9254922715550344]], "best_expectation_values": [-92.44970770179772, -86.17118853250356, -85.3860056310894, -92.01171997969153, -91.99589626706063, -89.63673818690866, -88.42316333255224]}