{"params": [1.27204993, 0.04259761, -0.11582313, 0.31736993, 0.31206899, 0.33081418, 0.39060784, -0.04324516, 0.26867203, 0.15661154, 0.20371229, 1.31241244, 0.0911697, 0.19243364, -0.05442473, 0.06653557, -0.06878571, 0.02895234, 0.02540219, 0.10940571, -0.75073076, 0.03919908, 0.03164753, 0.11138818, -0.06583045, 0.25757454, -0.0790664, 0.11067273, 0.30834246, 0.58658381, -0.00210525, 0.37065908, 0.40105856, 0.3047961, 0.4674751, 0.49912655, 0.51827149, 0.47325743, 0.74684974, 0.1743296, 0.74577117, -1.74452922], "expectation_values": [-1.5199328612120616e-16, -2.676706404893487, 2.6195760394885004, -1.4316526635703386, 0.47235658975866757, -1.521643105886676, -1.4584473638556574, -4.093663631501304, -7.682138900566986, -3.019507093844785, -0.3413510436811702], "best": [[-0.3800313693858621, 0.6587210402688277], [1.313931464841037, 1.1532251320927636, -0.3293605201344138, 0.2313806749062868, 0.12953991300336376, 0.7600627387717243], [1.313931464841037, 1.1532251320927636, -0.07854101998828808, 0.050246005020566004, -0.3800313693858621, 0.2313806749062868, 0.12953991300336376, 0.00821942703471909, 0.25144788717801786, 0.5573793417659312], [1.313931464841037, 1.1532251320927636, -0.07854101998828808, 0.050246005020566004, 0.1503290981265521, 0.3728132348486864, 0.6333856156431035, 0.2313806749062868, 0.12953991300336376, 0.00821942703471909, 0.25144788717801786, 0.2502597669313132, 0.09118165097785214, -0.25335424625724134], [1.313931464841037, 1.1532251320927636, -0.07854101998828808, 0.050246005020566004, 0.1503290981265521, 0.3728132348486864, 0.453189795144362, 0.1582095211445637, -0.43070221863731034, 0.2313806749062868, 0.12953991300336376, 0.00821942703471909, 0.25144788717801786, 0.2502597669313132, 0.09118165097785214, -0.0834872017947645, 1.3240372411855645, -0.3546959447601379], [1.313931464841037, 1.1532251320927636, -0.07854101998828808, 0.050246005020566004, 0.1503290981265521, 0.3728132348486864, 0.453189795144362, 0.1582095211445637, -0.011720613284929387, 0.21425952769137294, -0.3800313693858621, 0.2313806749062868, 0.12953991300336376, 0.00821942703471909, 0.25144788717801786, 0.2502597669313132, 0.09118165097785214, -0.0834872017947645, 1.3240372411855645, 0.24925807769450575, 0.6328138019040723, -1.266771231286207], [1.313931464841037, 1.1532251320927636, -0.07854101998828808, 0.050246005020566004, 0.1503290981265521, 0.3728132348486864, 0.453189795144362, 0.1582095211445637, -0.011720613284929387, 0.21425952769137294, 1.306329906055335, 0.041375210057667415, 0.4307022186373104, 0.2313806749062868, 0.12953991300336376, 0.00821942703471909, 0.25144788717801786, 0.2502597669313132, 0.09118165097785214, -0.0834872017947645, 1.3240372411855645, 0.24925807769450575, 0.6328138019040723, 0.13316054313190953, 0.32536739533798853, 1.469454628292], [1.313931464841037, 1.1532251320927636, -0.07854101998828808, 0.050246005020566004, 0.1503290981265521, 0.3728132348486864, 0.453189795144362, 0.1582095211445637, -0.011720613284929387, 0.21425952769137294, 1.306329906055335, 0.041375210057667415, 0.03367967231358079, 0.18052894657145355, 0.38003136938586213, 0.2313806749062868, 0.12953991300336376, 0.00821942703471909, 0.25144788717801786, 0.2502597669313132, 0.09118165097785214, -0.0834872017947645, 1.3240372411855645, 0.24925807769450575, 0.6328138019040723, 0.13316054313190953, 0.32536739533798853, 0.4073849353820681, 0.5791301815602459, 0.45603764326303464], [1.313931464841037, 1.1532251320927636, -0.07854101998828808, 0.050246005020566004, 0.1503290981265521, 0.3728132348486864, 0.453189795144362, 0.1582095211445637, -0.011720613284929387, 0.21425952769137294, 1.306329906055335, 0.041375210057667415, 0.03367967231358079, 0.18052894657145355, 0.24417227665953464, 0.3791103811810416, 0.22801882163151732, 0.2313806749062868, 0.12953991300336376, 0.00821942703471909, 0.25144788717801786, 0.2502597669313132, 0.09118165097785214, -0.0834872017947645, 1.3240372411855645, 0.24925807769450575, 0.6328138019040723, 0.13316054313190953, 0.32536739533798853, 0.4073849353820681, 0.5791301815602459, 0.3496270692399495, 0.2996862045310036, 1.0640878342804139], [1.313931464841037, 1.1532251320927636, -0.07854101998828808, 0.050246005020566004, 0.1503290981265521, 0.3728132348486864, 0.453189795144362, 0.1582095211445637, -0.011720613284929387, 0.21425952769137294, 1.306329906055335, 0.041375210057667415, 0.03367967231358079, 0.18052894657145355, 0.24417227665953464, 0.3791103811810416, 0.2856208880773465, 0.09271580829746696, -0.4813730678887586, 0.2313806749062868, 0.12953991300336376, 0.00821942703471909, 0.25144788717801786, 0.2502597669313132, 0.09118165097785214, -0.0834872017947645, 1.3240372411855645, 0.24925807769450575, 0.6328138019040723, 0.13316054313190953, 0.32536739533798853, 0.4073849353820681, 0.5791301815602459, 0.3496270692399495, 0.2996862045310036, 0.2971513124599832, 0.3620362932052383, -0.6587210402688276], [1.313931464841037, 1.1532251320927636, -0.07854101998828808, 0.050246005020566004, 0.1503290981265521, 0.3728132348486864, 0.453189795144362, 0.1582095211445637, -0.011720613284929387, 0.21425952769137294, 1.306329906055335, 0.041375210057667415, 0.03367967231358079, 0.18052894657145355, 0.24417227665953464, 0.3791103811810416, 0.2856208880773465, 0.09271580829746696, -0.03305216344481914, 0.012189363112800184, 0.48137306788875867, 0.2313806749062868, 0.12953991300336376, 0.00821942703471909, 0.25144788717801786, 0.2502597669313132, 0.09118165097785214, -0.0834872017947645, 1.3240372411855645, 0.24925807769450575, 0.6328138019040723, 0.13316054313190953, 0.32536739533798853, 0.4073849353820681, 0.5791301815602459, 0.3496270692399495, 0.2996862045310036, 0.2971513124599832, 0.3620362932052383, 0.5046035193785563, 0.6491580382486013, 1.3681129297891035]], "best_expectation_values": [-4.587296054302258, -6.454077767275662, -6.206169060264551, -5.948091248767366, -8.05172962761534, -4.872764835375595, -8.124142943476631, -8.421065697057424, -8.80171661381596, -9.094265957946089, -9.20849438207647]}