{"params": [0.1986473, 0.18524778, 0.39082725, 0.32854348, 0.13643478, 0.34740849, -1.41795715, 0.16727612, 0.19095182, 0.17444274, 0.35246764, 0.45227948, 0.50313467, 1.45400577], "expectation_values": [0.05702981553109452, 0.2592717652934278, 0.739013892826506, 1.236810089006266, 1.5512751919730206, 1.8621144552617326, -1.2428752931481062], "best": [[-0.7600627387717241, 1.3174420805376554], [0.1986473028698612, -0.7600627387717241, 0.16727611690427152, 1.1147586835318624], [0.1986473028698612, 0.18524777735224573, -0.8614044372746207, 0.16727611690427152, 0.19095182338965316, 0.9120752865260693], [0.1986473028698612, 0.18524777735224573, 0.3908272538802794, -1.0640878342804139, 0.16727611690427152, 0.19095182338965316, 0.1744427355506186, 0.9120752865260693], [0.1986473028698612, 0.18524777735224573, 0.3908272538802794, 0.32854348449308346, -1.1654295327833104, 0.16727611690427152, 0.19095182338965316, 0.1744427355506186, 0.3524676407450865, 0.9120752865260693], [0.1986473028698612, 0.18524777735224573, 0.3908272538802794, 0.32854348449308346, 0.13643477897407172, -1.266771231286207, 0.16727611690427152, 0.19095182338965316, 0.1744427355506186, 0.3524676407450865, 0.4522794817954438, 0.7093918895202758], [0.1986473028698612, 0.18524777735224573, 0.3908272538802794, 0.32854348449308346, 0.13643477897407172, 0.34740848986814893, -1.3681129297891035, 0.16727611690427152, 0.19095182338965316, 0.1744427355506186, 0.3524676407450865, 0.4522794817954438, 0.5031346710322745, 1.7228088745492416]], "best_expectation_values": [-1.121672362621721, -1.1264089282323513, -1.1403155540959946, -1.190237507110608, -1.2177353134775948, -1.2238473562475742, -1.2423558581611385]}