{"params": [-0.39802314, 0.30110879, 1.71478287, 0.40852193, 0.20037281, 0.26163744, -0.04718004, 0.05362556, 1.39437177, 0.13705837, 0.13545048, -0.04565486, 0.19977546, 0.20588305, 0.05132764, 0.19924568, 1.35827179, 0.03770712, 0.01325369, 0.2695036, -0.52259138, -0.16755173, 0.12892441, 0.15644245, -0.15472838, 0.44063692, 0.26989518, 1.10963832, 0.23360377, 0.25150434, 0.14767619, 0.25455789, 0.03260985, 0.39842477, 0.22824421, 0.38759973, 0.78725333, 0.1709382, 0.52851785, 0.18993309, 0.66640524, 0.4890648], "expectation_values": [-2.463335323330032, 0.13817451271717385, -1.7677595952218024, 2.869341994640944, -0.049191795372336734, 1.905263960754486, 3.930647590845906, -0.45593665931261995, -1.588624085449227, -1.3784422098714888, -5.3639464944427315], "best": [[0.38003136938586213, -0.6587210402688276], [-0.3980231359044641, 0.30110879268112617, 0.48137306788875867, -0.16755173251743008, 0.12892440648826634, -0.4560376432630344], [-0.3980231359044641, 0.30110879268112617, 1.7147828663768625, 0.4085219338310344, -0.3293605201344138, -0.16755173251743008, 0.12892440648826634, 0.15644244878454328, -0.15472837627064737, 0.8614044372746208], [-0.3980231359044641, 0.30110879268112617, 1.7147828663768625, 0.4085219338310344, 0.20037280723120285, 0.2616374385494442, -0.734727314146, -0.16755173251743008, 0.12892440648826634, 0.15644244878454328, -0.15472837627064737, 0.4406369156256658, 0.26989517728563056, -0.25335424625724134], [-0.3980231359044641, 0.30110879268112617, 1.7147828663768625, 0.4085219338310344, 0.20037280723120285, 0.2616374385494442, -0.047180042676226455, 0.05362556486437493, 0.734727314146, -0.16755173251743008, 0.12892440648826634, 0.15644244878454328, -0.15472837627064737, 0.4406369156256658, 0.26989517728563056, 1.109638319164747, 0.23360377391330825, 1.5707963267948966], [-0.3980231359044641, 0.30110879268112617, 1.7147828663768625, 0.4085219338310344, 0.20037280723120285, 0.2616374385494442, -0.047180042676226455, 0.05362556486437493, 1.3943717659114132, 0.1370583663959756, 0.734727314146, -0.16755173251743008, 0.12892440648826634, 0.15644244878454328, -0.15472837627064737, 0.4406369156256658, 0.26989517728563056, 1.109638319164747, 0.23360377391330825, 0.2515043351848784, 0.1476761922487241, 1.1654295327833104], [-0.3980231359044641, 0.30110879268112617, 1.7147828663768625, 0.4085219338310344, 0.20037280723120285, 0.2616374385494442, -0.047180042676226455, 0.05362556486437493, 1.3943717659114132, 0.1370583663959756, 0.13545047685568515, -0.045654862004813695, 0.734727314146, -0.16755173251743008, 0.12892440648826634, 0.15644244878454328, -0.15472837627064737, 0.4406369156256658, 0.26989517728563056, 1.109638319164747, 0.23360377391330825, 0.2515043351848784, 0.1476761922487241, 0.25455788790852685, 0.032609848701216235, 0.8614044372746208], [-0.3980231359044641, 0.30110879268112617, 1.7147828663768625, 0.4085219338310344, 0.20037280723120285, 0.2616374385494442, -0.047180042676226455, 0.05362556486437493, 1.3943717659114132, 0.1370583663959756, 0.13545047685568515, -0.045654862004813695, 0.19977545866752422, 0.20588305327377307, 0.38003136938586213, -0.16755173251743008, 0.12892440648826634, 0.15644244878454328, -0.15472837627064737, 0.4406369156256658, 0.26989517728563056, 1.109638319164747, 0.23360377391330825, 0.2515043351848784, 0.1476761922487241, 0.25455788790852685, 0.032609848701216235, 0.3984247719313237, 0.22824421226712172, 0.05067084925144827], [-0.3980231359044641, 0.30110879268112617, 1.7147828663768625, 0.4085219338310344, 0.20037280723120285, 0.2616374385494442, -0.047180042676226455, 0.05362556486437493, 1.3943717659114132, 0.1370583663959756, 0.13545047685568515, -0.045654862004813695, 0.19977545866752422, 0.20588305327377307, 0.05132763750400764, 0.19924567955567016, -0.5320439171402069, -0.16755173251743008, 0.12892440648826634, 0.15644244878454328, -0.15472837627064737, 0.4406369156256658, 0.26989517728563056, 1.109638319164747, 0.23360377391330825, 0.2515043351848784, 0.1476761922487241, 0.25455788790852685, 0.032609848701216235, 0.3984247719313237, 0.22824421226712172, 0.38759973390808716, 0.7872533333190248, -0.1520125477543448], [-0.3980231359044641, 0.30110879268112617, 1.7147828663768625, 0.4085219338310344, 0.20037280723120285, 0.2616374385494442, -0.047180042676226455, 0.05362556486437493, 1.3943717659114132, 0.1370583663959756, 0.13545047685568515, -0.045654862004813695, 0.19977545866752422, 0.20588305327377307, 0.05132763750400764, 0.19924567955567016, 1.3582717924695036, 0.037707117516671225, -0.3293605201344138, -0.16755173251743008, 0.12892440648826634, 0.15644244878454328, -0.15472837627064737, 0.4406369156256658, 0.26989517728563056, 1.109638319164747, 0.23360377391330825, 0.2515043351848784, 0.1476761922487241, 0.25455788790852685, 0.032609848701216235, 0.3984247719313237, 0.22824421226712172, 0.38759973390808716, 0.7872533333190248, 0.1709382007975419, 0.5285178475685863, 1.3681129297891035], [-0.3980231359044641, 0.30110879268112617, 1.7147828663768625, 0.4085219338310344, 0.20037280723120285, 0.2616374385494442, -0.047180042676226455, 0.05362556486437493, 1.3943717659114132, 0.1370583663959756, 0.13545047685568515, -0.045654862004813695, 0.19977545866752422, 0.20588305327377307, 0.05132763750400764, 0.19924567955567016, 1.3582717924695036, 0.037707117516671225, 0.013253685919539971, 0.2695035991161869, -0.5320439171402069, -0.16755173251743008, 0.12892440648826634, 0.15644244878454328, -0.15472837627064737, 0.4406369156256658, 0.26989517728563056, 1.109638319164747, 0.23360377391330825, 0.2515043351848784, 0.1476761922487241, 0.25455788790852685, 0.032609848701216235, 0.3984247719313237, 0.22824421226712172, 0.38759973390808716, 0.7872533333190248, 0.1709382007975419, 0.5285178475685863, 0.18993309186675394, 0.6664052432099509, 0.45603764326303464]], "best_expectation_values": [-4.013884047514475, -3.7891442601323204, -5.049904009533281, -5.141667830001173, -5.125745635919331, -5.2468971981152155, -5.737262710774816, -5.274391583398347, -3.419655518673931, -5.071804618498153, -6.547540182591715]}