{"params": [-0.6291819, -0.53769238, -0.47428262, -0.42705816, -0.33320321, -0.20731274, -0.11220771, 0.32448645, 0.65475364, 0.76203451, 0.82882833, 0.89381794, 1.13223714, 1.28710761], "expectation_values": [-1.4254061160010578, -2.691286368013864, -3.572449769401561, -4.554625814847922, -5.539802141670158, -5.9606015157812475, -6.435815416671788], "best": [[-0.3800313693858621, 0.5573793417659312], [-0.6291818963615236, -0.3293605201344138, 0.32448644846280233, 0.8614044372746208], [-0.6291818963615236, -0.5376923783719708, -0.2786896708829655, 0.32448644846280233, 0.6547536356023158, 0.9627461357775173], [-0.6291818963615236, -0.5376923783719708, -0.4742826247959774, -0.2786896708829655, 0.32448644846280233, 0.6547536356023158, 0.7620345061519331, 0.9627461357775173], [-0.6291818963615236, -0.5376923783719708, -0.4742826247959774, -0.4270581637744166, -0.2280188216315172, 0.32448644846280233, 0.6547536356023158, 0.7620345061519331, 0.828828331579688, 0.9627461357775173], [-0.6291818963615236, -0.5376923783719708, -0.4742826247959774, -0.4270581637744166, -0.33320321438953154, -0.17734797238006894, 0.32448644846280233, 0.6547536356023158, 0.7620345061519331, 0.828828331579688, 0.8938179422138881, 0.9627461357775173], [-0.6291818963615236, -0.5376923783719708, -0.4742826247959774, -0.4270581637744166, -0.33320321438953154, -0.20731273581737542, -0.12667712312862067, 0.32448644846280233, 0.6547536356023158, 0.7620345061519331, 0.828828331579688, 0.8938179422138881, 1.1322371376260671, 1.266771231286207]], "best_expectation_values": [-3.2807443082858176, -4.151087819702702, -4.8464547003615595, -5.436694898965098, -5.909096823505518, -6.241661463377973, -6.433875512491343]}