{"params": [-0.3802206, -0.17629108, -0.21604703, 0.06889125, -0.27629315, -0.15085464, -0.10521599, 0.04503778, 0.13197843, 0.31584113, 0.3444128, 0.43121477, 0.24154985, 1.60251203], "expectation_values": [-7.940968566719743, -62.22937445096491, -59.217727977519445, -56.38819631781993, -57.29074967709759, -65.11108152185903, -73.45573410231228], "best": [[0.5573793417659312, 2.533542462572414], [-0.36915430130521887, 0.25335424625724134, 0.047746127914021386, 0.3040250955086896], [-0.36915430130521887, -0.18066044684220486, 0.25335424625724134, 0.047746127914021386, 0.18581426202427148, -1.3174420805376552], [-0.36915430130521887, -0.18066044684220486, -0.19498179901601798, -0.25335424625724134, 0.047746127914021386, 0.18581426202427148, 0.3059622496447519, 0.3040250955086896], [-0.36915430130521887, -0.18066044684220486, -0.19498179901601798, -0.03450058344566566, 0.25335424625724134, 0.047746127914021386, 0.18581426202427148, 0.3059622496447519, 0.35010921004823853, -2.533542462572414], [-0.36915430130521887, -0.18066044684220486, -0.19498179901601798, -0.03450058344566566, -0.28444557175134605, -0.05067084925144827, 0.047746127914021386, 0.18581426202427148, 0.3059622496447519, 0.35010921004823853, 0.3934670657659236, 0.10134169850289654], [-0.36915430130521887, -0.18066044684220486, -0.19498179901601798, -0.03450058344566566, -0.28444557175134605, -0.09580790117275796, -0.1520125477543448, 0.047746127914021386, 0.18581426202427148, 0.3059622496447519, 0.35010921004823853, 0.3934670657659236, 0.24835445712171206, 0.3040250955086896]], "best_expectation_values": [-72.19796774783492, -72.12426553310368, -66.30878884249191, -69.41173421902236, -69.53390721750053, -71.04525658197852, -71.69903127145663]}