{"params": [0.38964622, 0.30717496, 0.25259663, 0.14345867, 0.36813538, 0.00827726, -1.34975348, 0.33123979, 0.27290988, 0.40430486, 0.41002038, 0.46870825, 0.53905379, 1.23484305], "expectation_values": [0.20733916169299615, 0.5460640157349074, 0.7292984566818885, 0.9940110002498667, 1.2808714551421696, 1.282438531434327, -0.9843229731292427], "best": [[-0.7600627387717241, 1.7228088745492416], [0.3896462221574906, -0.8614044372746207, 0.33123978563282985, 1.5201254775434485], [0.3896462221574906, 0.3071749622176008, -0.9627461357775172, 0.33123978563282985, 0.2729098815702857, 1.3174420805376554], [0.3896462221574906, 0.3071749622176008, 0.25259662766535385, -1.0640878342804139, 0.33123978563282985, 0.2729098815702857, 0.404304856212774, 1.3174420805376554], [0.3896462221574906, 0.3071749622176008, 0.25259662766535385, 0.143458668384846, -1.1654295327833104, 0.33123978563282985, 0.2729098815702857, 0.404304856212774, 0.41002038483131575, 1.1147586835318624], [0.3896462221574906, 0.3071749622176008, 0.25259662766535385, 0.143458668384846, 0.3681353820404374, -1.3681129297891035, 0.33123978563282985, 0.2729098815702857, 0.404304856212774, 0.41002038483131575, 0.46870825459158505, 1.7228088745492416], [0.3896462221574906, 0.3071749622176008, 0.25259662766535385, 0.143458668384846, 0.3681353820404374, 0.008277255892461602, -1.3681129297891035, 0.33123978563282985, 0.2729098815702857, 0.404304856212774, 0.41002038483131575, 0.46870825459158505, 0.5390537858652071, 1.3174420805376554]], "best_expectation_values": [-0.8856212419478334, -0.9055683981256993, -0.935522296742881, -0.9529685657509205, -0.9631171220128426, -0.983346725346628, -0.9839759100999633]}