{"params": [-0.29715079, -0.30654057, -0.17231027, -0.0144348, -0.11037784, -0.17752286, -0.11099659, 0.05996463, 1.16461185, 1.29346856, 0.29800239, 0.41804536, 1.41969037, 0.49142763], "expectation_values": [-17.846962423627726, -8.710866944121447, -30.815463907838975, -31.734795844887763, -29.72546273542672, -25.34447405260143, -37.99172772168954], "best": [[-0.9627461357775172, -1.7228088745492414], [-0.2971507914193625, 0.1520125477543448, 0.05996463365431601, -1.5201254775434483], [-0.2971507914193625, -0.3065405696625823, -0.25335424625724134, 0.05996463365431601, 1.1646118519761401, 0.10134169850289654], [-0.2971507914193625, -0.3065405696625823, -0.17231027097906626, 0.1520125477543448, 0.05996463365431601, 1.1646118519761401, 1.2934685553741008, -0.7093918895202758], [-0.2971507914193625, -0.3065405696625823, -0.17231027097906626, -0.014434802326515936, 0.05067084925144827, 0.05996463365431601, 1.1646118519761401, 1.2934685553741008, 0.298002390475431, 1.3174420805376554], [-0.2971507914193625, -0.3065405696625823, -0.17231027097906626, -0.014434802326515936, -0.11037783639386145, 0.05067084925144827, 0.05996463365431601, 1.1646118519761401, 1.2934685553741008, 0.298002390475431, 0.4180453642030926, 0.9120752865260693], [-0.2971507914193625, -0.3065405696625823, -0.17231027097906626, -0.014434802326515936, -0.11037783639386145, -0.1775228633618104, -0.1520125477543448, 0.05996463365431601, 1.1646118519761401, 1.2934685553741008, 0.298002390475431, 0.4180453642030926, 1.4196903702713626, -0.7093918895202758]], "best_expectation_values": [-36.307768004065935, -30.922055772509914, -35.34739521751243, -35.22058011742298, -31.274900518827117, -33.961047765038124, -38.13313774774852]}