{"params": [-0.39014138, -0.13020808, -0.22933754, -0.0917779, -0.14673357, -0.08509745, 0.0042468, 0.0565795, 1.198166, 1.34374636, 0.27675897, 0.45473358, 1.53234461, 0.58160349], "expectation_values": [-21.775861410992757, -28.25385172769679, -33.21446324706738, -34.568407489981546, -34.934240158961856, -37.527757867426146, -37.516581978531455], "best": [[-0.9627461357775172, -1.7228088745492414], [-0.3901413776410028, -0.1520125477543448, 0.05657950202645104, 1.3174420805376554], [-0.3901413776410028, -0.1302080795662807, -0.1520125477543448, 0.05657950202645104, 1.1981659982634383, 0.10134169850289654], [-0.3901413776410028, -0.1302080795662807, -0.22933754470777645, -0.1520125477543448, 0.05657950202645104, 1.1981659982634383, 1.3437463554961426, 0.10134169850289654], [-0.3901413776410028, -0.1302080795662807, -0.22933754470777645, -0.0917778981588137, -0.1520125477543448, 0.05657950202645104, 1.1981659982634383, 1.3437463554961426, 0.2767589707876617, -1.3174420805376552], [-0.3901413776410028, -0.1302080795662807, -0.22933754470777645, -0.0917778981588137, -0.14673357386833344, -0.05067084925144827, 0.05657950202645104, 1.1981659982634383, 1.3437463554961426, 0.2767589707876617, 0.45473358478977804, 2.736225859578207], [-0.3901413776410028, -0.1302080795662807, -0.22933754470777645, -0.0917778981588137, -0.14673357386833344, -0.08509744583540516, 0.05067084925144827, 0.05657950202645104, 1.1981659982634383, 1.3437463554961426, 0.2767589707876617, 0.45473358478977804, 1.5323446087509232, 0.10134169850289654]], "best_expectation_values": [-36.307799833440264, -35.46756097423482, -36.639277909001656, -36.04954278391549, -37.518573271611565, -37.699427673832744, -37.67912486051801]}