{"params": [-0.63876299, -0.56570516, -0.58813343, -0.19827574, 0.34591737, -0.24448484, -0.16706132, 0.34086628, 0.67653312, 0.76054481, 0.85641287, -0.81614006, 0.35769183, 1.38755486], "expectation_values": [-1.4254061160010578, -2.396920593492007, -2.999476446535546, -5.002988583633712, -5.220317404593908, -5.767939012453617, -6.4963254346371615], "best": [[-0.3800313693858621, 0.5573793417659312], [-0.6387629927685894, -0.3293605201344138, 0.34086628288177595, 0.8614044372746208], [-0.6387629927685894, -0.5657051625500816, -0.3293605201344138, 0.34086628288177595, 0.6765331168176437, 0.8614044372746208], [-0.6387629927685894, -0.5657051625500816, -0.5881334310472076, -0.3293605201344138, 0.34086628288177595, 0.6765331168176437, 0.7605448056580099, 0.9627461357775173], [-0.6387629927685894, -0.5657051625500816, -0.5881334310472076, -0.19827574290935457, 0.17734797238006894, 0.34086628288177595, 0.6765331168176437, 0.7605448056580099, 0.8564128685634471, -0.9627461357775172], [-0.6387629927685894, -0.5657051625500816, -0.5881334310472076, -0.19827574290935457, 0.3459173667442629, -0.17734797238006894, 0.34086628288177595, 0.6765331168176437, 0.7605448056580099, 0.8564128685634471, -0.8161400551478804, 0.1520125477543448], [-0.6387629927685894, -0.5657051625500816, -0.5881334310472076, -0.19827574290935457, 0.3459173667442629, -0.24448483534030963, -0.17734797238006894, 0.34086628288177595, 0.6765331168176437, 0.7605448056580099, 0.8564128685634471, -0.8161400551478804, 0.35769182645342146, 1.3681129297891035]], "best_expectation_values": [-3.280744308285817, -4.299924493373202, -5.204962094074004, -5.549336883270684, -5.965103770338507, -6.007363633011243, -6.494273416187235]}