{"params": [-0.60964809, -0.49989334, -0.37134737, -0.03548065, 0.20528973, 0.18481237, 0.08920293, 0.35331334, 0.70393081, 0.84759259, -0.75079626, -1.373081, 1.28393024, -1.02212022], "expectation_values": [-1.948824277999647, -3.9817438526003843, -5.812852692237372, -5.749870320334854, -6.868235618089283, -7.479522570164415, -7.7299435903482205], "best": [[-0.3800313693858621, 0.5573793417659312], [-0.6096480928369525, -0.3293605201344138, 0.35331334241684037, 0.8614044372746208], [-0.6096480928369525, -0.49989333659635604, -0.2786896708829655, 0.35331334241684037, 0.7039308068641527, 0.9627461357775173], [-0.6096480928369525, -0.49989333659635604, -0.3713473721614393, -0.17734797238006894, 0.35331334241684037, 0.7039308068641527, 0.8475925871650131, 0.9627461357775173], [-0.6096480928369525, -0.49989333659635604, -0.3713473721614393, -0.035480651295674466, 0.17734797238006894, 0.35331334241684037, 0.7039308068641527, 0.8475925871650131, -0.7507962603500751, -1.469454628292], [-0.6096480928369525, -0.49989333659635604, -0.3713473721614393, -0.035480651295674466, 0.20528972814890722, 0.12667712312862067, 0.35331334241684037, 0.7039308068641527, 0.8475925871650131, -0.7507962603500751, -1.3730810017960065, 1.266771231286207], [-0.6096480928369525, -0.49989333659635604, -0.3713473721614393, -0.035480651295674466, 0.20528972814890722, 0.1848123738564921, 0.0760062738771724, 0.35331334241684037, 0.7039308068641527, 0.8475925871650131, -0.7507962603500751, -1.3730810017960065, 1.2839302396947398, -0.9627461357775172]], "best_expectation_values": [-4.422152436707708, -5.586974500163629, -6.408341219571633, -7.113228723194159, -6.952494056094089, -7.52756335755968, -7.721610918978788]}