{"params": [1.26924801, 1.34017634, 0.2262692, 0.2929916, 0.59290265, -0.02852124, -0.01423824, 0.3369381, 0.09456295, 0.54410516, -0.06427136, -0.04210263, 0.08949818, -0.44048563, -0.01524663, 0.12971472, 1.10153051, 0.10376612, -0.08852469, -0.27819919, -0.70560443, 0.06064212, 0.21702764, 0.33506531, -0.05733211, -0.04554344, 0.30398607, 0.19085007, 0.16822831, 0.21246817, -0.1309632, 0.57390567, 0.42775496, 1.50072549, 0.36240502, 0.48250031, 0.44874345, 0.5465058, -0.03037112, 0.29060907, 0.01122978, -0.10492728], "expectation_values": [0.058318702673308624, -0.2884856123463018, -3.0527163938164104, -3.2159130576576223, 2.0275563546862854, -2.5324327391329073, -1.2858481868962257, -5.932930902096465, 0.03768835445430495, -0.8618586339621863, -5.194794205132079], "best": [[-0.3800313693858621, 0.5573793417659312], [1.2692480095031962, 1.3401763350744118, -0.2786896708829655, 0.0606421207914299, 0.2170276443440323, 0.5573793417659312], [1.2692480095031962, 1.3401763350744118, 0.22626919819391708, 0.2929916030356595, 0.6840564648945517, 0.0606421207914299, 0.2170276443440323, 0.33506530723210237, -0.05733210994439534, -0.25335424625724134], [1.2692480095031962, 1.3401763350744118, 0.22626919819391708, 0.2929916030356595, 0.5929026526737567, -0.028521244688823492, -0.2786896708829655, 0.0606421207914299, 0.2170276443440323, 0.33506530723210237, -0.05733210994439534, -0.04554344310716599, 0.30398607378494785, 0.5573793417659312], [1.2692480095031962, 1.3401763350744118, 0.22626919819391708, 0.2929916030356595, 0.5929026526737567, -0.028521244688823492, -0.014238239865505894, 0.33693810155914455, -0.5320439171402069, 0.0606421207914299, 0.2170276443440323, 0.33506530723210237, -0.05733210994439534, -0.04554344310716599, 0.30398607378494785, 0.19085006814946018, 0.16822830570919986, 0.1520125477543448], [1.2692480095031962, 1.3401763350744118, 0.22626919819391708, 0.2929916030356595, 0.5929026526737567, -0.028521244688823492, -0.014238239865505894, 0.33693810155914455, 0.09456295077105939, 0.5441051649629789, 0.38003136938586213, 0.0606421207914299, 0.2170276443440323, 0.33506530723210237, -0.05733210994439534, -0.04554344310716599, 0.30398607378494785, 0.19085006814946018, 0.16822830570919986, 0.21246816813784938, -0.13096320231316583, -0.1520125477543448], [1.2692480095031962, 1.3401763350744118, 0.22626919819391708, 0.2929916030356595, 0.5929026526737567, -0.028521244688823492, -0.014238239865505894, 0.33693810155914455, 0.09456295077105939, 0.5441051649629789, -0.06427135529885276, -0.04210263390172895, 0.38003136938586213, 0.0606421207914299, 0.2170276443440323, 0.33506530723210237, -0.05733210994439534, -0.04554344310716599, 0.30398607378494785, 0.19085006814946018, 0.16822830570919986, 0.21246816813784938, -0.13096320231316583, 0.573905665013835, 0.42775496155847714, -1.1654295327833104], [1.2692480095031962, 1.3401763350744118, 0.22626919819391708, 0.2929916030356595, 0.5929026526737567, -0.028521244688823492, -0.014238239865505894, 0.33693810155914455, 0.09456295077105939, 0.5441051649629789, -0.06427135529885276, -0.04210263390172895, 0.0894981769284845, -0.4404856280290521, -0.17734797238006894, 0.0606421207914299, 0.2170276443440323, 0.33506530723210237, -0.05733210994439534, -0.04554344310716599, 0.30398607378494785, 0.19085006814946018, 0.16822830570919986, 0.21246816813784938, -0.13096320231316583, 0.573905665013835, 0.42775496155847714, 1.500725488734317, 0.3624050201735932, -1.3681129297891035], [1.2692480095031962, 1.3401763350744118, 0.22626919819391708, 0.2929916030356595, 0.5929026526737567, -0.028521244688823492, -0.014238239865505894, 0.33693810155914455, 0.09456295077105939, 0.5441051649629789, -0.06427135529885276, -0.04210263390172895, 0.0894981769284845, -0.4404856280290521, -0.015246631645726436, 0.1297147237747631, 0.22801882163151732, 0.0606421207914299, 0.2170276443440323, 0.33506530723210237, -0.05733210994439534, -0.04554344310716599, 0.30398607378494785, 0.19085006814946018, 0.16822830570919986, 0.21246816813784938, -0.13096320231316583, 0.573905665013835, 0.42775496155847714, 1.500725488734317, 0.3624050201735932, 0.48250030804627475, 0.44874344503897623, 0.9627461357775173], [1.2692480095031962, 1.3401763350744118, 0.22626919819391708, 0.2929916030356595, 0.5929026526737567, -0.028521244688823492, -0.014238239865505894, 0.33693810155914455, 0.09456295077105939, 0.5441051649629789, -0.06427135529885276, -0.04210263390172895, 0.0894981769284845, -0.4404856280290521, -0.015246631645726436, 0.1297147237747631, 1.1015305072278248, 0.10376612121267832, 0.48137306788875867, 0.0606421207914299, 0.2170276443440323, 0.33506530723210237, -0.05733210994439534, -0.04554344310716599, 0.30398607378494785, 0.19085006814946018, 0.16822830570919986, 0.21246816813784938, -0.13096320231316583, 0.573905665013835, 0.42775496155847714, 1.500725488734317, 0.3624050201735932, 0.48250030804627475, 0.44874344503897623, 0.5465057954315568, -0.03037111989753589, 0.25335424625724134], [1.2692480095031962, 1.3401763350744118, 0.22626919819391708, 0.2929916030356595, 0.5929026526737567, -0.028521244688823492, -0.014238239865505894, 0.33693810155914455, 0.09456295077105939, 0.5441051649629789, -0.06427135529885276, -0.04210263390172895, 0.0894981769284845, -0.4404856280290521, -0.015246631645726436, 0.1297147237747631, 1.1015305072278248, 0.10376612121267832, -0.08852468782001552, -0.27819918783962555, -0.734727314146, 0.0606421207914299, 0.2170276443440323, 0.33506530723210237, -0.05733210994439534, -0.04554344310716599, 0.30398607378494785, 0.19085006814946018, 0.16822830570919986, 0.21246816813784938, -0.13096320231316583, 0.573905665013835, 0.42775496155847714, 1.500725488734317, 0.3624050201735932, 0.48250030804627475, 0.44874344503897623, 0.5465057954315568, -0.03037111989753589, 0.29060907044501666, 0.011229775938308487, -0.05067084925144827]], "best_expectation_values": [-3.8514483724967614, -4.4433831140133915, -4.224436818210644, -5.330723501392537, -4.884409869138861, -5.5370089646158975, -6.024166796525434, -6.771243141504227, -6.736227510968781, -6.725187609735938, -6.800027674551496]}