{"params": [0.33045927, 0.20337802, 1.29076173, 0.23924567, 0.41230573, 0.79216638, 0.21965767, 0.3114456, 0.22801007, 0.24827032, 0.20718496, 0.08953943, 0.23878595, 0.17795517, -0.08546662, 0.09022514, 1.22016505, 0.06693838, 0.17457076, 0.13807664, -0.68526425, 0.67022601, 0.21037507, 0.10541939, 0.12364015, 0.47549932, 0.15116184, 0.14100036, 0.03428869, 0.20769751, 0.48456181, 0.30389417, 0.32775152, 0.44276081, 0.33557649, 0.53629791, 0.54530335, 0.27502232, 0.54815101, 0.65181554, 0.32125275, 0.32293317], "expectation_values": [1.705545171147105, 0.023697873789860102, 1.9326480264393768, 2.5004654330474727, 2.4764360636665907, 2.4594663284523914, 3.0693236889939373, 2.448382266658183, -0.6408821308482145, 0.26213081299441465, -2.4309479724673624], "best": [[0.38003136938586213, -0.6587210402688276], [0.33045927188184315, 0.20337802432260346, 0.6840564648945517, 0.6702260126966553, 0.21037507186798962, -0.3546959447601379], [0.33045927188184315, 0.20337802432260346, 1.2907617304753873, 0.23924567246583558, 0.734727314146, 0.6702260126966553, 0.21037507186798962, 0.10541939429210202, 0.12364015031364599, -0.557379341765931], [0.33045927188184315, 0.20337802432260346, 1.2907617304753873, 0.23924567246583558, 0.41230573423996875, 0.7921663787799076, 0.5320439171402069, 0.6702260126966553, 0.21037507186798962, 0.10541939429210202, 0.12364015031364599, 0.4754993200720801, 0.15116184258748636, -0.9627461357775172], [0.33045927188184315, 0.20337802432260346, 1.2907617304753873, 0.23924567246583558, 0.41230573423996875, 0.7921663787799076, 0.2196576699198936, 0.3114455956265457, 0.734727314146, 0.6702260126966553, 0.21037507186798962, 0.10541939429210202, 0.12364015031364599, 0.4754993200720801, 0.15116184258748636, 0.14100036036403754, 0.03428868648960843, -0.9627461357775172], [0.33045927188184315, 0.20337802432260346, 1.2907617304753873, 0.23924567246583558, 0.41230573423996875, 0.7921663787799076, 0.2196576699198936, 0.3114455956265457, 0.22801006906615248, 0.24827031966074659, 0.5320439171402069, 0.6702260126966553, 0.21037507186798962, 0.10541939429210202, 0.12364015031364599, 0.4754993200720801, 0.15116184258748636, 0.14100036036403754, 0.03428868648960843, 0.20769751186568366, 0.48456181020647043, -0.557379341765931], [0.33045927188184315, 0.20337802432260346, 1.2907617304753873, 0.23924567246583558, 0.41230573423996875, 0.7921663787799076, 0.2196576699198936, 0.3114455956265457, 0.22801006906615248, 0.24827031966074659, 0.2071849621832516, 0.08953942606531844, -0.734727314146, 0.6702260126966553, 0.21037507186798962, 0.10541939429210202, 0.12364015031364599, 0.4754993200720801, 0.15116184258748636, 0.14100036036403754, 0.03428868648960843, 0.20769751186568366, 0.48456181020647043, 0.30389417244865424, 0.3277515185897797, 1.0640878342804139], [0.33045927188184315, 0.20337802432260346, 1.2907617304753873, 0.23924567246583558, 0.41230573423996875, 0.7921663787799076, 0.2196576699198936, 0.3114455956265457, 0.22801006906615248, 0.24827031966074659, 0.2071849621832516, 0.08953942606531844, 0.23878595313325413, 0.17795516552519466, -0.6333856156431035, 0.6702260126966553, 0.21037507186798962, 0.10541939429210202, 0.12364015031364599, 0.4754993200720801, 0.15116184258748636, 0.14100036036403754, 0.03428868648960843, 0.20769751186568366, 0.48456181020647043, 0.30389417244865424, 0.3277515185897797, 0.44276081228963754, 0.33557649173797066, 1.0640878342804139], [0.33045927188184315, 0.20337802432260346, 1.2907617304753873, 0.23924567246583558, 0.41230573423996875, 0.7921663787799076, 0.2196576699198936, 0.3114455956265457, 0.22801006906615248, 0.24827031966074659, 0.2071849621832516, 0.08953942606531844, 0.23878595313325413, 0.17795516552519466, -0.08546662060319347, 0.09022514480912298, -0.6840564648945517, 0.6702260126966553, 0.21037507186798962, 0.10541939429210202, 0.12364015031364599, 0.4754993200720801, 0.15116184258748636, 0.14100036036403754, 0.03428868648960843, 0.20769751186568366, 0.48456181020647043, 0.30389417244865424, 0.3277515185897797, 0.44276081228963754, 0.33557649173797066, 0.5362979068399845, 0.5453033547033145, -0.1520125477543448], [0.33045927188184315, 0.20337802432260346, 1.2907617304753873, 0.23924567246583558, 0.41230573423996875, 0.7921663787799076, 0.2196576699198936, 0.3114455956265457, 0.22801006906615248, 0.24827031966074659, 0.2071849621832516, 0.08953942606531844, 0.23878595313325413, 0.17795516552519466, -0.08546662060319347, 0.09022514480912298, 1.2201650512825104, 0.06693838431700133, -0.43070221863731034, 0.6702260126966553, 0.21037507186798962, 0.10541939429210202, 0.12364015031364599, 0.4754993200720801, 0.15116184258748636, 0.14100036036403754, 0.03428868648960843, 0.20769751186568366, 0.48456181020647043, 0.30389417244865424, 0.3277515185897797, 0.44276081228963754, 0.33557649173797066, 0.5362979068399845, 0.5453033547033145, 0.2750223207749791, 0.5481510083836927, 1.266771231286207], [0.33045927188184315, 0.20337802432260346, 1.2907617304753873, 0.23924567246583558, 0.41230573423996875, 0.7921663787799076, 0.2196576699198936, 0.3114455956265457, 0.22801006906615248, 0.24827031966074659, 0.2071849621832516, 0.08953942606531844, 0.23878595313325413, 0.17795516552519466, -0.08546662060319347, 0.09022514480912298, 1.2201650512825104, 0.06693838431700133, 0.17457075678648226, 0.13807664145467693, -0.6840564648945517, 0.6702260126966553, 0.21037507186798962, 0.10541939429210202, 0.12364015031364599, 0.4754993200720801, 0.15116184258748636, 0.14100036036403754, 0.03428868648960843, 0.20769751186568366, 0.48456181020647043, 0.30389417244865424, 0.3277515185897797, 0.44276081228963754, 0.33557649173797066, 0.5362979068399845, 0.5453033547033145, 0.2750223207749791, 0.5481510083836927, 0.6518155403608472, 0.32125274581546054, 0.3546959447601379]], "best_expectation_values": [-2.8670600339389103, -3.246320390179224, -3.2707023952040633, -0.37109208879944944, -1.000751417024776, 0.3424323430443231, -1.1942255831052133, -1.7300495015579251, -1.812653132885919, -1.8082108331327447, -2.7136816683063802]}