{"params": [1.44932351, 1.4744772, 0.12109631, 0.44073016, 0.47250077, -0.0713106, 0.23503821, 0.05662743, 0.2802815, 0.14524457, 0.13178446, 1.29337792, 0.06044372, 0.27982448, -0.09335583, 0.04577179, -0.01025812, -0.07518505, 0.1347346, 0.14274671, 0.73700481, 0.19825575, 0.09660277, 0.32459586, -0.07908847, -0.10568544, 0.2366408, 0.22121386, 0.31548281, 0.33279809, 0.07333418, 0.23395421, 0.23690944, 0.3102966, 0.48861293, 0.4201217, 0.41483097, 0.47900914, 0.85604789, 0.29739944, 0.72069638, 1.46910824], "expectation_values": [-9.59434219354946e-16, 1.1517379289165217, 2.875570600745756, -3.986370642591329, -0.25017471598156904, 0.6526193679609886, 1.0484629340137415, 0.4419406669192004, 0.5296039895519143, -2.064045067012242, -0.31867775658739145], "best": [[0.38003136938586213, -0.6587210402688276], [1.246150787915698, -0.036566029026057774, 0.38003136938586213, 0.055504147169587854, 0.19350292462196633, -0.8614044372746207], [1.246150787915698, -0.036566029026057774, -0.10389925014033405, 0.3387673845230691, -0.4813730678887586, 0.055504147169587854, 0.19350292462196633, 0.07748131455125709, -0.013539851435545987, 0.3546959447601379], [1.246150787915698, -0.036566029026057774, -0.10389925014033405, 0.3387673845230691, 0.32979339871519686, 0.44478050164702443, -0.3293605201344138, 0.055504147169587854, 0.19350292462196633, 0.07748131455125709, -0.013539851435545987, 0.14361659609377128, -0.09119708013700473, 0.9627461357775173], [1.246150787915698, -0.036566029026057774, -0.10389925014033405, 0.3387673845230691, 0.32979339871519686, 0.44478050164702443, 0.19192073486839675, 0.4151229950408741, 0.6840564648945517, 0.055504147169587854, 0.19350292462196633, 0.07748131455125709, -0.013539851435545987, 0.14361659609377128, -0.09119708013700473, 0.5357903846732064, 0.21241012011348254, -0.1520125477543448], [1.246150787915698, -0.036566029026057774, -0.10389925014033405, 0.3387673845230691, 0.32979339871519686, 0.44478050164702443, 0.19192073486839675, 0.4151229950408741, 0.20238253643425036, 0.1260449111035582, 0.48137306788875867, 0.055504147169587854, 0.19350292462196633, 0.07748131455125709, -0.013539851435545987, 0.14361659609377128, -0.09119708013700473, 0.5357903846732064, 0.21241012011348254, 0.1315583262957165, 0.2653004735710474, -0.4560376432630344], [1.246150787915698, -0.036566029026057774, -0.10389925014033405, 0.3387673845230691, 0.32979339871519686, 0.44478050164702443, 0.19192073486839675, 0.4151229950408741, 0.20238253643425036, 0.1260449111035582, 0.09181167126391976, 1.2208124133247178, 0.5320439171402069, 0.055504147169587854, 0.19350292462196633, 0.07748131455125709, -0.013539851435545987, 0.14361659609377128, -0.09119708013700473, 0.5357903846732064, 0.21241012011348254, 0.1315583262957165, 0.2653004735710474, 0.09437596871510567, 0.05334982754872515, -0.7600627387717241], [1.246150787915698, -0.036566029026057774, -0.10389925014033405, 0.3387673845230691, 0.32979339871519686, 0.44478050164702443, 0.19192073486839675, 0.4151229950408741, 0.20238253643425036, 0.1260449111035582, 0.09181167126391976, 1.2208124133247178, -0.005909812851421141, 0.014082979821374294, 0.5320439171402069, 0.055504147169587854, 0.19350292462196633, 0.07748131455125709, -0.013539851435545987, 0.14361659609377128, -0.09119708013700473, 0.5357903846732064, 0.21241012011348254, 0.1315583262957165, 0.2653004735710474, 0.09437596871510567, 0.05334982754872515, 0.4036026768884932, 0.16004119370876996, -1.266771231286207], [1.246150787915698, -0.036566029026057774, -0.10389925014033405, 0.3387673845230691, 0.32979339871519686, 0.44478050164702443, 0.19192073486839675, 0.4151229950408741, 0.20238253643425036, 0.1260449111035582, 0.09181167126391976, 1.2208124133247178, -0.005909812851421141, 0.014082979821374294, 0.0197876261121523, 0.029715081608363367, -0.5320439171402069, 0.055504147169587854, 0.19350292462196633, 0.07748131455125709, -0.013539851435545987, 0.14361659609377128, -0.09119708013700473, 0.5357903846732064, 0.21241012011348254, 0.1315583262957165, 0.2653004735710474, 0.09437596871510567, 0.05334982754872515, 0.4036026768884932, 0.16004119370876996, 0.2208716805851891, 0.6563026993150454, 0.9627461357775173], [1.246150787915698, -0.036566029026057774, -0.10389925014033405, 0.3387673845230691, 0.32979339871519686, 0.44478050164702443, 0.19192073486839675, 0.4151229950408741, 0.20238253643425036, 0.1260449111035582, 0.09181167126391976, 1.2208124133247178, -0.005909812851421141, 0.014082979821374294, 0.0197876261121523, 0.029715081608363367, -0.3990388641828842, 0.19345437538168186, 0.2786896708829656, 0.055504147169587854, 0.19350292462196633, 0.07748131455125709, -0.013539851435545987, 0.14361659609377128, -0.09119708013700473, 0.5357903846732064, 0.21241012011348254, 0.1315583262957165, 0.2653004735710474, 0.09437596871510567, 0.05334982754872515, 0.4036026768884932, 0.16004119370876996, 0.2208716805851891, 0.6563026993150454, 0.8967730509460239, 0.5588942762158954, 0.9627461357775173], [1.246150787915698, -0.036566029026057774, -0.10389925014033405, 0.3387673845230691, 0.32979339871519686, 0.44478050164702443, 0.19192073486839675, 0.4151229950408741, 0.20238253643425036, 0.1260449111035582, 0.09181167126391976, 1.2208124133247178, -0.005909812851421141, 0.014082979821374294, 0.0197876261121523, 0.029715081608363367, -0.3990388641828842, 0.19345437538168186, 0.1329505299075136, 0.12579657361508753, -0.17734797238006894, 0.055504147169587854, 0.19350292462196633, 0.07748131455125709, -0.013539851435545987, 0.14361659609377128, -0.09119708013700473, 0.5357903846732064, 0.21241012011348254, 0.1315583262957165, 0.2653004735710474, 0.09437596871510567, 0.05334982754872515, 0.4036026768884932, 0.16004119370876996, 0.2208716805851891, 0.6563026993150454, 0.8967730509460239, 0.5588942762158954, 0.6411198168817329, 0.6035373978627183, -1.469454628292]], "best_expectation_values": [-4.58729605430226, -4.875170339673618, -4.242171425169193, -5.875799378148991, -5.841476847645955, -5.206447130110391, -6.5254668769409845, -6.564547029457636, -6.645136467714682, -7.213478066339174, -7.904099125540242]}