{"params": [1.6168915, -0.12186837, -0.20281655, 0.3100453, 0.39850735, 0.34247703, 0.0211024, 0.0714812, 0.12738952, 0.01476717, 1.04958465, -0.22713651, -0.13644344, -0.15683179, -0.11327096, 0.01290903, 0.02459266, -0.34760021, 0.09150207, 0.07428702, 0.14819667, 0.04371826, 0.03323897, 0.2152901, 0.16870268, 0.00494137, -0.14049126, 0.17037565, 0.2939027, 0.28524029, 0.09358936, -0.11614727, 0.38719527, 0.32353746, 0.31014894, 0.99040786, 0.45451088, 0.41423656, 0.55744873, 0.19921387, 0.28744307, 1.38109797], "expectation_values": [0.10082056432090601, -1.8708746063122552, 1.233987728401006, -2.454865621937699, -1.9547878797467801, -0.985489526950746, -3.1602212056271983, -4.804603004649077, -5.307206601535619, -5.897454101538433, -5.4938782730597255], "best": [[-0.3800313693858621, 0.5573793417659312], [1.6168914989755885, -0.12186837301951532, 0.32936052013441386, 0.04371825717719735, 0.033238967103571535, -0.6587210402688276], [1.6168914989755885, -0.12186837301951532, -0.20281655324040568, 0.3100453010020436, -0.4813730678887586, 0.04371825717719735, 0.033238967103571535, 0.21529009533654314, 0.1687026835366111, 0.1520125477543448], [1.6168914989755885, -0.12186837301951532, -0.20281655324040568, 0.3100453010020436, 0.39850735113848607, 0.342477033470304, -0.2786896708829655, 0.04371825717719735, 0.033238967103571535, 0.21529009533654314, 0.1687026835366111, 0.0049413720882536, -0.14049126039375276, 0.9627461357775173], [1.6168914989755885, -0.12186837301951532, -0.20281655324040568, 0.3100453010020436, 0.39850735113848607, 0.342477033470304, 0.021102403772710835, 0.07148119665283108, -0.3293605201344138, 0.04371825717719735, 0.033238967103571535, 0.21529009533654314, 0.1687026835366111, 0.0049413720882536, -0.14049126039375276, 0.17037564735188626, 0.29390270113042216, 0.45603764326303464], [1.6168914989755885, -0.12186837301951532, -0.20281655324040568, 0.3100453010020436, 0.39850735113848607, 0.342477033470304, 0.021102403772710835, 0.07148119665283108, 0.12738952123600616, 0.01476717072806806, -0.43070221863731034, 0.04371825717719735, 0.033238967103571535, 0.21529009533654314, 0.1687026835366111, 0.0049413720882536, -0.14049126039375276, 0.17037564735188626, 0.29390270113042216, 0.28524029488352404, 0.0935893590971424, 0.05067084925144827], [1.6168914989755885, -0.12186837301951532, -0.20281655324040568, 0.3100453010020436, 0.39850735113848607, 0.342477033470304, 0.021102403772710835, 0.07148119665283108, 0.12738952123600616, 0.01476717072806806, 1.0495846472574888, -0.22713651317707817, -0.2280188216315172, 0.04371825717719735, 0.033238967103571535, 0.21529009533654314, 0.1687026835366111, 0.0049413720882536, -0.14049126039375276, 0.17037564735188626, 0.29390270113042216, 0.28524029488352404, 0.0935893590971424, -0.11614727324628264, 0.3871952746385532, 0.7600627387717243], [1.6168914989755885, -0.12186837301951532, -0.20281655324040568, 0.3100453010020436, 0.39850735113848607, 0.342477033470304, 0.021102403772710835, 0.07148119665283108, 0.12738952123600616, 0.01476717072806806, 1.0495846472574888, -0.22713651317707817, -0.1364434418947198, -0.15683178791229546, -0.17734797238006894, 0.04371825717719735, 0.033238967103571535, 0.21529009533654314, 0.1687026835366111, 0.0049413720882536, -0.14049126039375276, 0.17037564735188626, 0.29390270113042216, 0.28524029488352404, 0.0935893590971424, -0.11614727324628264, 0.3871952746385532, 0.32353745986860494, 0.31014893726951925, 0.6587210402688277], [1.6168914989755885, -0.12186837301951532, -0.20281655324040568, 0.3100453010020436, 0.39850735113848607, 0.342477033470304, 0.021102403772710835, 0.07148119665283108, 0.12738952123600616, 0.01476717072806806, 1.0495846472574888, -0.22713651317707817, -0.1364434418947198, -0.15683178791229546, -0.11327096403144273, 0.012909034393009304, -0.17734797238006894, 0.04371825717719735, 0.033238967103571535, 0.21529009533654314, 0.1687026835366111, 0.0049413720882536, -0.14049126039375276, 0.17037564735188626, 0.29390270113042216, 0.28524029488352404, 0.0935893590971424, -0.11614727324628264, 0.3871952746385532, 0.32353745986860494, 0.31014893726951925, 0.9904078629680717, 0.45451088377980037, 0.8614044372746208], [1.6168914989755885, -0.12186837301951532, -0.20281655324040568, 0.3100453010020436, 0.39850735113848607, 0.342477033470304, 0.021102403772710835, 0.07148119665283108, 0.12738952123600616, 0.01476717072806806, 1.0495846472574888, -0.22713651317707817, -0.1364434418947198, -0.15683178791229546, -0.11327096403144273, 0.012909034393009304, 0.024592662628848436, -0.34760020763443733, 0.17734797238006894, 0.04371825717719735, 0.033238967103571535, 0.21529009533654314, 0.1687026835366111, 0.0049413720882536, -0.14049126039375276, 0.17037564735188626, 0.29390270113042216, 0.28524029488352404, 0.0935893590971424, -0.11614727324628264, 0.3871952746385532, 0.32353745986860494, 0.31014893726951925, 0.9904078629680717, 0.45451088377980037, 0.41423655943896165, 0.557448728233563, 0.1520125477543448], [1.6168914989755885, -0.12186837301951532, -0.20281655324040568, 0.3100453010020436, 0.39850735113848607, 0.342477033470304, 0.021102403772710835, 0.07148119665283108, 0.12738952123600616, 0.01476717072806806, 1.0495846472574888, -0.22713651317707817, -0.1364434418947198, -0.15683178791229546, -0.11327096403144273, 0.012909034393009304, 0.024592662628848436, -0.34760020763443733, 0.09150206789471776, 0.07428701957383671, 0.12667712312862067, 0.04371825717719735, 0.033238967103571535, 0.21529009533654314, 0.1687026835366111, 0.0049413720882536, -0.14049126039375276, 0.17037564735188626, 0.29390270113042216, 0.28524029488352404, 0.0935893590971424, -0.11614727324628264, 0.3871952746385532, 0.32353745986860494, 0.31014893726951925, 0.9904078629680717, 0.45451088377980037, 0.41423655943896165, 0.557448728233563, 0.19921386700154214, 0.2874430696220498, 1.3681129297891035]], "best_expectation_values": [-3.5644882185370665, -3.6413053991299402, -3.456510971543806, -4.634578062340045, -4.646125333617445, -4.535895517388174, -5.524067320435018, -5.758720680564257, -6.198086145052562, -6.206220449626319, -6.558936815400908]}