{"params": [0.90181907, 0.18097017, -0.09251476, 0.07638437, -0.10089279, 0.05441219, 0.09894542, 1.12360063, 0.72716764, 1.36531154, -3.173149, -3.15844591, 2.70159131, 0.55206527], "expectation_values": [-92.47053145602126, -93.34700345230392, -95.3976024998362, -95.68835485588112, -96.44540973856891, -97.33087612734131, -98.53743161557122], "best": [[0.8614044372746208, 1.1147586835318624], [0.8827456780635373, 0.25335424625724134, 1.124937571025078, 1.1147586835318624], [0.8827456780635373, 0.17067670779275623, -0.1520125477543448, 1.124937571025078, 0.7339420306327694, 0.5067084925144827], [0.8827456780635373, 0.17067670779275623, -0.16549531329468692, 0.05067084925144827, 1.124937571025078, 0.7339420306327694, 1.289968355302502, 1.5201254775434485], [0.8827456780635373, 0.17067670779275623, -0.16549531329468692, 0.06276585404181649, 0.05067084925144827, 1.124937571025078, 0.7339420306327694, 1.289968355302502, -3.2002528014687392, 0.9120752865260693], [0.8827456780635373, 0.17067670779275623, -0.16549531329468692, 0.06276585404181649, -0.09034028254213623, 0.05067084925144827, 1.124937571025078, 0.7339420306327694, 1.289968355302502, -3.2002528014687392, -3.1605909357839046, 2.330859065566621], [0.8827456780635373, 0.17067670779275623, -0.16549531329468692, 0.06276585404181649, -0.09034028254213623, 0.07700298373632634, 0.05067084925144827, 1.124937571025078, 0.7339420306327694, 1.289968355302502, -3.2002528014687392, -3.1605909357839046, 2.7190730017345044, 0.5067084925144827]], "best_expectation_values": [-92.47053145602126, -94.52440137654227, -95.98084232736562, -96.63624875549617, -97.23034581222738, -97.5989903871261, -98.71275231806285]}