{"params": [0.55353293, -0.18677424, 0.05539353, 0.09288354, 0.08669865, 0.04762131, -0.06887697, 2.52930056, -1.52977676, -1.31083192, -1.92221314, 1.09958368, 0.29596455, 2.32751395], "expectation_values": [-72.24581718368849, -73.54256887677215, -73.76344465351518, -74.66941362215567, -74.6194014212072, -74.64562123426651, -75.81281200246342], "best": [[0.5573793417659312, 2.533542462572414], [0.5479396346589136, -0.1520125477543448, 2.5313063879672595, -1.5201254775434483], [0.5479396346589136, -0.1871027165981532, 0.05067084925144827, 2.5313063879672595, -1.5241288443375387, -1.3174420805376552], [0.5479396346589136, -0.1871027165981532, 0.058704120052783616, 0.05067084925144827, 2.5313063879672595, -1.5241288443375387, -1.307794645772585, -1.5201254775434483], [0.5479396346589136, -0.1871027165981532, 0.058704120052783616, 0.09370965537952941, -0.05067084925144827, 2.5313063879672595, -1.5241288443375387, -1.307794645772585, -1.921025161325279, -3.141592653589793], [0.5479396346589136, -0.1871027165981532, 0.058704120052783616, 0.09370965537952941, 0.07830550465124451, 0.05067084925144827, 2.5313063879672595, -1.5241288443375387, -1.307794645772585, -1.921025161325279, 1.094370179771973, -0.3040250955086896], [0.5479396346589136, -0.1871027165981532, 0.058704120052783616, 0.09370965537952941, 0.07830550465124451, 0.05096777051972422, -0.05067084925144827, 2.5313063879672595, -1.5241288443375387, -1.307794645772585, -1.921025161325279, 1.094370179771973, 0.3151387869311521, 2.736225859578207]], "best_expectation_values": [-72.24581718368849, -73.54256887677215, -73.76344465351518, -74.69725269493523, -74.73852205073464, -75.4231103555204, -75.88687402458181]}