{"params": [0.62347895, 0.81253581, -0.05653218, -0.01695109, 0.23031178, 0.85636264, -1.50767908, -1.23937397, -0.98369533, 0.35613323, 0.29220757, 0.26383395, 0.28611637, 2.24196116], "expectation_values": [-0.9948349468520918, -0.6058207366032016, -0.8228023143266201, -0.9434569005875671, -0.17513328701235947, 1.759968320401026, -1.4777163546949361], "best": [[0.7600627387717243, -2.1281756685608277], [0.6234789549195842, 0.45603764326303464, -1.2393739698228112, -3.141592653589793], [0.6234789549195842, 0.8125358088493977, -0.557379341765931, -1.2393739698228112, -0.983695331250314, 1.5201254775434485], [0.6234789549195842, 0.8125358088493977, -0.056532176457944845, -0.4560376432630344, -1.2393739698228112, -0.983695331250314, 0.3561332295218787, 1.1147586835318624], [0.6234789549195842, 0.8125358088493977, -0.056532176457944845, -0.016951093067570342, -0.4560376432630344, -1.2393739698228112, -0.983695331250314, 0.3561332295218787, 0.2922075663679164, 0.9120752865260693], [0.6234789549195842, 0.8125358088493977, -0.056532176457944845, -0.016951093067570342, 0.23031178083615828, -0.6587210402688276, -1.2393739698228112, -0.983695331250314, 0.3561332295218787, 0.2922075663679164, 0.26383395442937907, 0.5067084925144827], [0.6234789549195842, 0.8125358088493977, -0.056532176457944845, -0.016951093067570342, 0.23031178083615828, 0.8563626366574821, -1.469454628292, -1.2393739698228112, -0.983695331250314, 0.3561332295218787, 0.2922075663679164, 0.26383395442937907, 0.28611637355101044, 3.141592653589793]], "best_expectation_values": [-1.1574458860909784, -1.5210832073818012, -1.4749070444864782, -1.4803644591817953, -1.4845176929132282, -1.4670642352340277, -1.4999974922284856]}