{"params": [0.34967984, 0.77647659, 0.76285952, 0.85700244, -0.6252525, 0.21623679, -0.4387205, -0.44335763, 1.15271079, 0.13121667, 0.06960613, 0.23750209, 0.38760072, 0.6611884], "expectation_values": [13.775397558275518, -69.40382633355964, -62.22742602472821, 142.9591961237799, 19.07502992556816, -88.89384364749522, -83.7903525347099], "best": [[0.8614044372746208, 1.1147586835318624], [-0.09641344284491478, -0.6587210402688276, -0.05127527210094856, -0.3040250955086896], [-0.09641344284491478, 0.42477538104537826, 0.25335424625724134, -0.05127527210094856, 1.1400118128000591, 1.9254922715550347], [-0.09641344284491478, 0.42477538104537826, 0.793996677408076, -0.1520125477543448, -0.05127527210094856, 1.1400118128000591, 0.4463146444954271, -1.9254922715550344], [-0.09641344284491478, 0.42477538104537826, 0.793996677408076, -0.397090148425135, -0.4560376432630344, -0.05127527210094856, 1.1400118128000591, 0.4463146444954271, 0.389226104707813, -0.7093918895202758], [-0.09641344284491478, 0.42477538104537826, 0.793996677408076, -0.397090148425135, -0.058580789320640037, -0.25335424625724134, -0.05127527210094856, 1.1400118128000591, 0.4463146444954271, 0.389226104707813, 0.415511111222111, 2.1281756685608277], [-0.09641344284491478, 0.42477538104537826, 0.793996677408076, -0.397090148425135, -0.058580789320640037, 0.07517814338618117, -0.3546959447601379, -0.05127527210094856, 1.1400118128000591, 0.4463146444954271, 0.389226104707813, 0.415511111222111, 1.5916225236177197, -2.330859065566621]], "best_expectation_values": [-92.48093412843076, -93.56024802333685, -94.05330284094244, -94.17772669114608, -94.40752870483446, -94.93258692096167, -95.05414149730596]}