{"params": [0.61607671, 0.52317547, 0.45177678, -0.00459375, -0.19891333, 0.13365316, 0.15004574, -0.33491596, -0.66164256, -0.81460685, 1.03184119, 1.23051162, 1.29906815, 1.12773987], "expectation_values": [-1.308545404996481, -2.5304868357427024, -3.915396858733804, -3.5849154810417496, -4.773844850756946, -4.8261018013023715, -5.291396136520442], "best": [[0.38003136938586213, -0.6587210402688276], [0.61607671265734, 0.32936052013441386, -0.334915957239638, -0.8614044372746207], [0.61607671265734, 0.5231754652796378, 0.2786896708829656, -0.334915957239638, -0.6616425555676266, -0.8614044372746207], [0.61607671265734, 0.5231754652796378, 0.45177677710688907, 0.22801882163151732, -0.334915957239638, -0.6616425555676266, -0.8146068501530086, -0.9627461357775172], [0.61607671265734, 0.5231754652796378, 0.45177677710688907, -0.004593752999252203, -0.2280188216315172, -0.334915957239638, -0.6616425555676266, -0.8146068501530086, 1.031841192792183, 1.1654295327833104], [0.61607671265734, 0.5231754652796378, 0.45177677710688907, -0.004593752999252203, -0.19891333090935356, -0.0760062738771724, -0.334915957239638, -0.6616425555676266, -0.8146068501530086, 1.031841192792183, 1.2305116181347489, -0.4560376432630344], [0.61607671265734, 0.5231754652796378, 0.45177677710688907, -0.004593752999252203, -0.19891333090935356, 0.1336531612218817, 0.12667712312862067, -0.334915957239638, -0.6616425555676266, -0.8146068501530086, 1.031841192792183, 1.2305116181347489, 1.2990681548986838, 1.1654295327833104]], "best_expectation_values": [-2.8670600339389107, -3.748236395197326, -4.418865465660001, -4.919630733216918, -4.9243198841152855, -4.974798096016826, -5.2765901161753845]}