{"params": [0.53608636, 0.21711075, 0.14115688, 0.11115153, -0.02135437, 0.52370748, -0.36842632, -0.82260067, -0.86016793, -0.61177887, -0.28307092, -0.1998239, -0.23136452, 1.06682619], "expectation_values": [-0.9233603062100195, -1.1905430977879659, -1.3368457255020707, -1.4259049810142974, -1.3671114307709886, -1.1756879883198876, -1.637990391467515], "best": [[0.6587210402688277, -1.9254922715550344], [0.5360863627661572, 0.45603764326303464, -0.8226006670052712, -2.1281756685608277], [0.5360863627661572, 0.21711075414752826, 0.45603764326303464, -0.8226006670052712, -0.8601679329405567, -2.330859065566621], [0.5360863627661572, 0.21711075414752826, 0.14115688490700296, 0.3546959447601379, -0.8226006670052712, -0.8601679329405567, -0.611778869241771, -2.533542462572414], [0.5360863627661572, 0.21711075414752826, 0.14115688490700296, 0.11115152985999495, 0.3546959447601379, -0.8226006670052712, -0.8601679329405567, -0.611778869241771, -0.28307092425957076, -2.938909256584], [0.5360863627661572, 0.21711075414752826, 0.14115688490700296, 0.11115152985999495, -0.021354374403266166, 0.3546959447601379, -0.8226006670052712, -0.8601679329405567, -0.611778869241771, -0.28307092425957076, -0.19982389731666533, -2.736225859578207], [0.5360863627661572, 0.21711075414752826, 0.14115688490700296, 0.11115152985999495, -0.021354374403266166, 0.5237074766856799, -0.3546959447601379, -0.8226006670052712, -0.8601679329405567, -0.611778869241771, -0.28307092425957076, -0.19982389731666533, -0.2313645157053769, 1.1147586835318624]], "best_expectation_values": [-1.2943683034051967, -1.5050941058962137, -1.6265207578787204, -1.7136845394850992, -1.7688727445802253, -1.7592099742385672, -1.6367942492765593]}