{"params": [1.60399898, 1.25902399, 0.0839614463, 0.348101526, 0.438992111, 0.188707646, 0.0526514195, -0.0386640754, 0.284185295, 0.298193036, 0.139421017, 1.30330423, -0.00822228265, 0.0277723746, 0.0703859385, -0.00568889345, 0.136319213, -0.000239472173, -0.0561168622, 0.0531345921, 0.84654238, 0.166362098, -0.0104630242, 0.37387387, -0.0238535392, -0.082306917, 0.0377826455, 0.144567169, 0.3404702, 0.41770729, 0.0200793566, 0.272632697, 0.194125575, 0.348128086, 0.579052995, 0.417775014, 0.409843728, 0.511146943, 0.872441476, 0.326827986, 0.76642775, 1.3838113], "expectation_values": [0.2447605301831916, -0.5155296602742236, 1.5493176359104885, -3.2953270275532476, 0.3810328944849572, 2.190730935584631, 1.4676599338597522, 2.046669811869816, 2.28806125367736, 2.267084722976018, 0.49180583578840636], "best": [[-0.3800313693858621, 0.5573793417659312], [1.603998978684402, 1.2590239918110797, -0.3293605201344138, 0.16636209790575673, -0.010463024201931662, 0.5573793417659312], [1.603998978684402, 1.2590239918110797, 0.08396144627316701, 0.3481015259122146, 0.734727314146, 0.16636209790575673, -0.010463024201931662, 0.37387386966876246, -0.023853539200512322, -0.25335424625724134], [1.603998978684402, 1.2590239918110797, 0.08396144627316701, 0.3481015259122146, 0.43899211070234534, 0.1887076462070606, -0.2786896708829655, 0.16636209790575673, -0.010463024201931662, 0.37387386966876246, -0.023853539200512322, -0.08230691701747839, 0.037782645476012996, 0.8614044372746208], [1.603998978684402, 1.2590239918110797, 0.08396144627316701, 0.3481015259122146, 0.43899211070234534, 0.1887076462070606, 0.05265141949558341, -0.038664075444766445, -0.2280188216315172, 0.16636209790575673, -0.010463024201931662, 0.37387386966876246, -0.023853539200512322, -0.08230691701747839, 0.037782645476012996, 0.14456716908753195, 0.3404701996977807, 0.3546959447601379], [1.603998978684402, 1.2590239918110797, 0.08396144627316701, 0.3481015259122146, 0.43899211070234534, 0.1887076462070606, 0.05265141949558341, -0.038664075444766445, 0.28418529451181457, 0.29819303616253334, 0.734727314146, 0.16636209790575673, -0.010463024201931662, 0.37387386966876246, -0.023853539200512322, -0.08230691701747839, 0.037782645476012996, 0.14456716908753195, 0.3404701996977807, 0.4177072902482847, 0.020079356577848644, -0.1520125477543448], [1.603998978684402, 1.2590239918110797, 0.08396144627316701, 0.3481015259122146, 0.43899211070234534, 0.1887076462070606, 0.05265141949558341, -0.038664075444766445, 0.28418529451181457, 0.29819303616253334, 0.13942101742108284, 1.3033042283750926, 0.734727314146, 0.16636209790575673, -0.010463024201931662, 0.37387386966876246, -0.023853539200512322, -0.08230691701747839, 0.037782645476012996, 0.14456716908753195, 0.3404701996977807, 0.4177072902482847, 0.020079356577848644, 0.27263269653440236, 0.194125574676209, -0.6587210402688276], [1.603998978684402, 1.2590239918110797, 0.08396144627316701, 0.3481015259122146, 0.43899211070234534, 0.1887076462070606, 0.05265141949558341, -0.038664075444766445, 0.28418529451181457, 0.29819303616253334, 0.13942101742108284, 1.3033042283750926, -0.00822228265224788, 0.027772374612193826, -0.734727314146, 0.16636209790575673, -0.010463024201931662, 0.37387386966876246, -0.023853539200512322, -0.08230691701747839, 0.037782645476012996, 0.14456716908753195, 0.3404701996977807, 0.4177072902482847, 0.020079356577848644, 0.27263269653440236, 0.194125574676209, 0.34812808624358227, 0.5790529954679895, 1.5707963267948966], [1.603998978684402, 1.2590239918110797, 0.08396144627316701, 0.3481015259122146, 0.43899211070234534, 0.1887076462070606, 0.05265141949558341, -0.038664075444766445, 0.28418529451181457, 0.29819303616253334, 0.13942101742108284, 1.3033042283750926, -0.00822228265224788, 0.027772374612193826, 0.07038593853092927, -0.005688893451667803, -0.734727314146, 0.16636209790575673, -0.010463024201931662, 0.37387386966876246, -0.023853539200512322, -0.08230691701747839, 0.037782645476012996, 0.14456716908753195, 0.3404701996977807, 0.4177072902482847, 0.020079356577848644, 0.27263269653440236, 0.194125574676209, 0.34812808624358227, 0.5790529954679895, 0.41777501411695894, 0.40984372820938614, 0.6587210402688277], [1.603998978684402, 1.2590239918110797, 0.08396144627316701, 0.3481015259122146, 0.43899211070234534, 0.1887076462070606, 0.05265141949558341, -0.038664075444766445, 0.28418529451181457, 0.29819303616253334, 0.13942101742108284, 1.3033042283750926, -0.00822228265224788, 0.027772374612193826, 0.07038593853092927, -0.005688893451667803, 0.13631921311381545, -0.00023947217298520625, 0.6840564648945517, 0.16636209790575673, -0.010463024201931662, 0.37387386966876246, -0.023853539200512322, -0.08230691701747839, 0.037782645476012996, 0.14456716908753195, 0.3404701996977807, 0.4177072902482847, 0.020079356577848644, 0.27263269653440236, 0.194125574676209, 0.34812808624358227, 0.5790529954679895, 0.41777501411695894, 0.40984372820938614, 0.5111469426598185, 0.8724414761273162, -0.6587210402688276], [1.603998978684402, 1.2590239918110797, 0.08396144627316701, 0.3481015259122146, 0.43899211070234534, 0.1887076462070606, 0.05265141949558341, -0.038664075444766445, 0.28418529451181457, 0.29819303616253334, 0.13942101742108284, 1.3033042283750926, -0.00822228265224788, 0.027772374612193826, 0.07038593853092927, -0.005688893451667803, 0.13631921311381545, -0.00023947217298520625, -0.05611686216318101, 0.05313459210850721, -0.734727314146, 0.16636209790575673, -0.010463024201931662, 0.37387386966876246, -0.023853539200512322, -0.08230691701747839, 0.037782645476012996, 0.14456716908753195, 0.3404701996977807, 0.4177072902482847, 0.020079356577848644, 0.27263269653440236, 0.194125574676209, 0.34812808624358227, 0.5790529954679895, 0.41777501411695894, 0.40984372820938614, 0.5111469426598185, 0.8724414761273162, 0.32682798611151836, 0.7664277498835388, 1.3681129297891035]], "best_expectation_values": [-3.707968295516915, -4.043106646109017, -3.820674734919622, -4.974240437534267, -5.0005883624268845, -5.451838565868862, -5.139214966180935, -5.208242112183404, -5.353301675314032, -5.534538233994857, -5.788009888003212]}