{"params": [-0.89268306, -0.24104498, 0.0566103, 0.09175121, -0.10160188, -0.06188409, -0.09486687, -1.91974181, -1.75304706, 2.52649493, 0.69565737, 3.1581394, 0.30045374, 0.3143321], "expectation_values": [-52.50372549060983, -50.974135122475175, -52.467624296556956, -54.0229278528889, -48.0114899992311, -54.55986140230559, -56.30180968398961], "best": [[0.8614044372746208, 1.9254922715550347], [0.8670425157904921, 0.1520125477543448, 1.9228843692674074, 1.7228088745492416], [0.8670425157904921, 0.17380132060241713, -0.05067084925144827, 1.9228843692674074, 1.728797921501649, -2.533542462572414], [0.8670425157904921, 0.17380132060241713, -0.04631932242001315, -0.05067084925144827, 1.9228843692674074, 1.728797921501649, -2.54352376258102, -1.7228088745492414], [0.8670425157904921, 0.17380132060241713, -0.04631932242001315, -0.10788249674031854, -0.05067084925144827, 1.9228843692674074, 1.728797921501649, -2.54352376258102, -0.6726967231835573, -0.3040250955086896], [0.8670425157904921, 0.17380132060241713, -0.04631932242001315, -0.10788249674031854, -0.09968564502919999, -0.05067084925144827, 1.9228843692674074, 1.728797921501649, -2.54352376258102, -0.6726967231835573, -0.35904099396186007, -0.9120752865260688], [0.8670425157904921, 0.17380132060241713, -0.04631932242001315, -0.10788249674031854, -0.09968564502919999, 0.09022019276804387, -0.05067084925144827, 1.9228843692674074, 1.728797921501649, -2.54352376258102, -0.6726967231835573, -0.35904099396186007, -3.130937991630933, -2.533542462572414]], "best_expectation_values": [-52.50372549060988, -53.533502531802746, -53.99674284795023, -54.343370968708314, -54.68539965572969, -55.230420276839915, -55.644415645440674]}