{"params": [0.57091939, 0.1876123, 0.18611103, 0.04579766, 0.12020681, 0.39107997, -0.28985518, -0.82063917, -0.95001487, -0.9097714, -0.46950607, -0.31609832, -0.35030282, 0.9070817], "expectation_values": [-0.7645399949972093, -0.8858141072469994, -1.0830033464722661, -1.1482388974174662, -1.2278613003699785, -1.1276693453380613, -1.3107451514187558], "best": [[0.6587210402688277, -1.7228088745492414], [0.5709193869673054, 0.45603764326303464, -0.8206391729966727, -2.330859065566621], [0.5709193869673054, 0.18761230136773385, 0.45603764326303464, -0.8206391729966727, -0.9500148676172417, -2.330859065566621], [0.5709193869673054, 0.18761230136773385, 0.1861110268778026, 0.3546959447601379, -0.8206391729966727, -0.9500148676172417, -0.9097713960773559, -3.141592653589793], [0.5709193869673054, 0.18761230136773385, 0.1861110268778026, 0.045797657235516424, 0.3546959447601379, -0.8206391729966727, -0.9500148676172417, -0.9097713960773559, -0.4695060695778218, -3.141592653589793], [0.5709193869673054, 0.18761230136773385, 0.1861110268778026, 0.045797657235516424, 0.12020680893907572, 0.25335424625724134, -0.8206391729966727, -0.9500148676172417, -0.9097713960773559, -0.4695060695778218, -0.3160983193944895, -3.141592653589793], [0.5709193869673054, 0.18761230136773385, 0.1861110268778026, 0.045797657235516424, 0.12020680893907572, 0.39107997433812264, 0.25335424625724134, -0.8206391729966727, -0.9500148676172417, -0.9097713960773559, -0.4695060695778218, -0.3160983193944895, -0.3503028210303991, -3.141592653589793]], "best_expectation_values": [-0.973068584560532, -1.18638617259854, -1.267261661805734, -1.3821201401467529, -1.4079581354176256, -1.4503364464696498, -1.3078121534149285]}