{"params": [-0.60572999, -0.58037286, -0.28127169, 0.2949764, 0.08624548, -0.23888135, -0.24903106, 0.37457206, 0.75177557, 0.77043339, -0.55852819, 1.29134933, -0.87601477, 1.22957858], "expectation_values": [-1.3914814161081746, -2.0572849482263456, -3.8303272838575815, -3.660297737552075, -3.689618436684576, -3.7801410454359714, -5.007474416903982], "best": [[-0.3800313693858621, 0.5573793417659312], [-0.6057299874932309, -0.3293605201344138, 0.3745720610174527, 0.8614044372746208], [-0.6057299874932309, -0.5803728633841498, -0.2786896708829655, 0.3745720610174527, 0.7517755696276234, 0.9627461357775173], [-0.6057299874932309, -0.5803728633841498, -0.2812716881799145, -0.12667712312862067, 0.3745720610174527, 0.7517755696276234, 0.770433394474085, 0.6587210402688277], [-0.6057299874932309, -0.5803728633841498, -0.2812716881799145, 0.2949764032454301, 0.17734797238006894, 0.3745720610174527, 0.7517755696276234, 0.770433394474085, -0.5585281856189412, -0.9627461357775172], [-0.6057299874932309, -0.5803728633841498, -0.2812716881799145, 0.2949764032454301, 0.08624548016952233, -0.17734797238006894, 0.3745720610174527, 0.7517755696276234, 0.770433394474085, -0.5585281856189412, 1.2913493256588242, 0.8614044372746208], [-0.6057299874932309, -0.5803728633841498, -0.2812716881799145, 0.2949764032454301, 0.08624548016952233, -0.23888135165026583, -0.2280188216315172, 0.3745720610174527, 0.7517755696276234, 0.770433394474085, -0.5585281856189412, 1.2913493256588242, -0.876014774533756, 1.266771231286207]], "best_expectation_values": [-2.5665601670950267, -3.508293757934157, -4.059633054780671, -4.276894208301181, -4.317365674580436, -4.253723458631193, -4.987700627808308]}