{"params": [0.56163206, 0.24527219, 0.20954311, 0.20807359, -0.04331087, 0.24134803, -1.29941953, 0.91417591, 0.82258213, 0.91591242, 1.04990835, 1.26749204, 1.28126021, 3.10838605], "expectation_values": [0.597201006964834, 0.914342218141455, 1.1546999000056828, 1.2462910583699098, 1.2155539887082103, 1.3777803435149354, -1.2136769748788099], "best": [[-0.7600627387717241, 2.330859065566621], [0.5616320570483176, -0.9627461357775172, 0.9141759091884911, 1.9254922715550347], [0.5616320570483176, 0.24527218640824638, -1.1654295327833104, 0.9141759091884911, 0.8225821271228734, 1.7228088745492416], [0.5616320570483176, 0.24527218640824638, 0.20954310817753222, -1.266771231286207, 0.9141759091884911, 0.8225821271228734, 0.9159124239640124, 2.1281756685608277], [0.5616320570483176, 0.24527218640824638, 0.20954310817753222, 0.20807359127876443, -1.266771231286207, 0.9141759091884911, 0.8225821271228734, 0.9159124239640124, 1.0499083456612173, 3.141592653589793], [0.5616320570483176, 0.24527218640824638, 0.20954310817753222, 0.20807359127876443, -0.043310872277662366, -1.266771231286207, 0.9141759091884911, 0.8225821271228734, 0.9159124239640124, 1.0499083456612173, 1.2674920380892984, 2.938909256584], [0.5616320570483176, 0.24527218640824638, 0.20954310817753222, 0.20807359127876443, -0.043310872277662366, 0.24134803373016175, -1.266771231286207, 0.9141759091884911, 0.8225821271228734, 0.9159124239640124, 1.0499083456612173, 1.2674920380892984, 1.2812602107114732, 3.141592653589793]], "best_expectation_values": [-0.8488805685550117, -0.9328657066232184, -0.9680984363391489, -0.985598663052044, -1.0994814265207644, -1.1112387216513877, -1.2127999419183313]}