{"params": [-0.36599693, -0.17570936, -0.18679962, 0.01464183, -0.30293098, -0.08369564, -0.08325798, 0.04833199, 0.16755262, 0.30639032, 0.33078529, 0.43220863, 0.24014294, 1.59284227], "expectation_values": [-6.534168734146665, -41.492522098625074, -32.315561735465394, -51.360486984141126, -52.20403261090376, -63.363780909558145, -72.1121005374905], "best": [[0.5573793417659312, 2.533542462572414], [-0.3038400109958035, -0.6587210402688276, 0.06664024431933843, -1.3174420805376552], [-0.3038400109958035, -0.17618778683607772, -0.6587210402688276, 0.06664024431933843, 0.22401723913318383, -0.7093918895202758], [-0.3038400109958035, -0.17618778683607772, -0.12513679949029508, -0.7600627387717241, 0.06664024431933843, 0.22401723913318383, 0.18331318784071943, -1.3174420805376552], [-0.3038400109958035, -0.17618778683607772, -0.12513679949029508, -0.025182876813279412, -0.6587210402688276, 0.06664024431933843, 0.22401723913318383, 0.18331318784071943, 0.39170773805399495, -1.7228088745492414], [-0.3038400109958035, -0.17618778683607772, -0.12513679949029508, -0.025182876813279412, -0.32643597386952833, -0.1520125477543448, 0.06664024431933843, 0.22401723913318383, 0.18331318784071943, 0.39170773805399495, 0.4294811685527593, 0.10134169850289654], [-0.3038400109958035, -0.17618778683607772, -0.12513679949029508, -0.025182876813279412, -0.32643597386952833, -0.06847522766968372, -0.1520125477543448, 0.06664024431933843, 0.22401723913318383, 0.18331318784071943, 0.39170773805399495, 0.4294811685527593, 0.25060932497598376, 0.3040250955086896]], "best_expectation_values": [-72.05320441776949, -65.6209347505662, -66.77033090405784, -68.66164395769378, -68.95493864994411, -69.4420316077218, -69.7072431312895]}