{"params": [-0.6129785, -0.52522296, -0.47016926, -0.20799994, 0.01967902, 0.16057811, 0.16345642, 0.34978648, 0.67960722, 0.79115851, 0.93775716, -1.30774374, -0.1507665, -1.06229078], "expectation_values": [-1.5422668270056337, -3.3461424873998054, -4.5549297433260945, -6.786819881023569, -6.852716534279322, -6.5703031242723675, -7.475115180072974], "best": [[-0.3800313693858621, 0.5573793417659312], [-0.612978495005398, -0.3293605201344138, 0.34978647565453014, 0.8614044372746208], [-0.612978495005398, -0.5252229603439119, -0.2786896708829655, 0.34978647565453014, 0.6796072187210465, 0.8614044372746208], [-0.612978495005398, -0.5252229603439119, -0.4701692636221443, -0.2786896708829655, 0.34978647565453014, 0.6796072187210465, 0.7911585069681775, 0.9627461357775173], [-0.612978495005398, -0.5252229603439119, -0.4701692636221443, -0.2079999447523308, 0.0760062738771724, 0.34978647565453014, 0.6796072187210465, 0.7911585069681775, 0.9377571587877591, -1.3681129297891035], [-0.612978495005398, -0.5252229603439119, -0.4701692636221443, -0.2079999447523308, 0.019679016507648726, 0.0760062738771724, 0.34978647565453014, 0.6796072187210465, 0.7911585069681775, 0.9377571587877591, -1.307743736111857, -0.05067084925144827], [-0.612978495005398, -0.5252229603439119, -0.4701692636221443, -0.2079999447523308, 0.019679016507648726, 0.1605781059152176, 0.17734797238006894, 0.34978647565453014, 0.6796072187210465, 0.7911585069681775, 0.9377571587877591, -1.307743736111857, -0.15076650241121958, -1.0640878342804139]], "best_expectation_values": [-3.7079682955169138, -5.007550364355174, -6.0276550938068105, -6.7983989400276155, -6.95531661368573, -6.953509199168489, -7.469180610149659]}