{"params": [-0.40550392, -0.136740961, -0.175072613, -0.118761594, -0.000495987574, -0.0362447021, 0.0375260029, 0.0411378649, 1.26580248, 1.44909911, 0.478729365, 0.344476923, 1.47542123, 0.603326144], "expectation_values": [-24.077622308970657, -34.2086170799442, -32.60861889997552, -38.22312384793414, -38.425417175143835, -38.37902973828867, -38.89278708761876], "best": [[-0.9627461357775172, -1.7228088745492414], [-0.4055039198751482, -0.8614044372746207, 0.04113786487573769, -1.114758683531862], [-0.4055039198751482, -0.13674096121692253, 0.1520125477543448, 0.04113786487573769, 1.2658024813456266, -2.736225859578207], [-0.4055039198751482, -0.13674096121692253, -0.17507261272838107, 0.1520125477543448, 0.04113786487573769, 1.2658024813456266, 1.449099105912506, 2.736225859578207], [-0.4055039198751482, -0.13674096121692253, -0.17507261272838107, -0.11876159447581221, -0.05067084925144827, 0.04113786487573769, 1.2658024813456266, 1.449099105912506, 0.47872936482848477, -2.330859065566621], [-0.4055039198751482, -0.13674096121692253, -0.17507261272838107, -0.11876159447581221, -0.0004959875743703737, -0.05067084925144827, 0.04113786487573769, 1.2658024813456266, 1.449099105912506, 0.47872936482848477, 0.3444769234175719, -2.1281756685608277], [-0.4055039198751482, -0.13674096121692253, -0.17507261272838107, -0.11876159447581221, -0.0004959875743703737, -0.03624470206072017, -0.05067084925144827, 0.04113786487573769, 1.2658024813456266, 1.449099105912506, 0.47872936482848477, 0.3444769234175719, 1.4754212314134187, 2.1281756685608277]], "best_expectation_values": [-36.30779983344027, -36.07423105422202, -36.796321499166254, -38.812301952992534, -38.82855874048682, -38.91902218727771, -38.58245823946408]}