{"params": [0.54822909, -0.17688201, 0.05031624, 0.08689875, 0.08734443, 0.03181756, -0.06093795, 2.52908299, -1.52170497, -1.3143038, -1.92226727, 1.10435728, 0.29184561, 2.32656171], "expectation_values": [-72.15011831198134, -73.53950375102282, -73.67445462791595, -74.61395738677356, -75.0672535268687, -74.58168065746169, -75.8669549858011], "best": [[0.5573793417659312, 2.533542462572414], [0.5482290866105534, -0.1520125477543448, 2.529082991722274, -1.5201254775434483], [0.5482290866105534, -0.17688201256750813, -0.05067084925144827, 2.529082991722274, -1.5217049698796399, -0.3040250955086896], [0.5482290866105534, -0.17688201256750813, 0.050316239630301976, 0.05067084925144827, 2.529082991722274, -1.5217049698796399, -1.314303802241415, -1.9254922715550344], [0.5482290866105534, -0.17688201256750813, 0.050316239630301976, 0.0868987487021271, -0.05067084925144827, 2.529082991722274, -1.5217049698796399, -1.314303802241415, -1.9222672652070039, 3.141592653589793], [0.5482290866105534, -0.17688201256750813, 0.050316239630301976, 0.0868987487021271, 0.08734443203337211, 0.05067084925144827, 2.529082991722274, -1.5217049698796399, -1.314303802241415, -1.9222672652070039, 1.1043572801599835, -0.3040250955086896], [0.5482290866105534, -0.17688201256750813, 0.050316239630301976, 0.0868987487021271, 0.08734443203337211, 0.031817561186772335, -0.05067084925144827, 2.529082991722274, -1.5217049698796399, -1.314303802241415, -1.9222672652070039, 1.1043572801599835, 0.29184560792280173, 2.330859065566621]], "best_expectation_values": [-72.15011831198134, -73.53950375102282, -73.9777979579732, -74.61395738677356, -75.0702066107366, -75.48660324074862, -75.8052350389685]}