{"params": [1.23426997, 0.44777269, 0.83366661, 0.21547261, 0.5981543, -0.08103799, 0.49363486, 0.01636053, 0.04904062, 0.20276407, 1.24265624, 0.02156401, 0.06893675, 0.17910815, 0.22379709, 0.03026492, 0.10252668, 0.07316034, 0.10791832, 0.01760239, 0.04867983, 0.34906307, 0.26319566, -0.22299962, 0.19613756, 0.03203344, 0.13609916, -0.18014073, 1.51426434, 0.37537751, 0.49718489, 0.12188177, 0.45247656, 0.40930818, 0.54276944, 0.4665703, 0.45223335, 0.42616244, 0.38304715, 0.59521525, 0.73792771, 1.54613428], "expectation_values": [0.23449734979851083, -3.022931867842131, -0.7727419109920757, -1.1425792972307167, -3.2918125255232322, -2.801808173622367, -3.7716055264365203, -4.850187958402961, -6.8554784115173755, -6.616398418288995, -7.351237176804059], "best": [[-0.3800313693858621, 0.5573793417659312], [1.2342699716627175, 0.447772687950934, -0.6333856156431035, 0.3490630656525632, 0.2631956556573878, -0.05067084925144827], [1.2342699716627175, 0.447772687950934, 0.8336666104138213, 0.21547261376499993, -0.3293605201344138, 0.3490630656525632, 0.2631956556573878, -0.2229996172133249, 0.19613756389097708, 0.25335424625724134], [1.2342699716627175, 0.447772687950934, 0.8336666104138213, 0.21547261376499993, 0.5981543036245301, -0.08103799284947183, 0.6333856156431035, 0.3490630656525632, 0.2631956556573878, -0.2229996172133249, 0.19613756389097708, 0.0320334385138186, 0.13609915891858457, -0.3546959447601379], [1.2342699716627175, 0.447772687950934, 0.8336666104138213, 0.21547261376499993, 0.5981543036245301, -0.08103799284947183, 0.4936348637506496, 0.016360529107368987, -0.2786896708829655, 0.3490630656525632, 0.2631956556573878, -0.2229996172133249, 0.19613756389097708, 0.0320334385138186, 0.13609915891858457, -0.18014073447999393, 1.5142643447948305, -0.6587210402688276], [1.2342699716627175, 0.447772687950934, 0.8336666104138213, 0.21547261376499993, 0.5981543036245301, -0.08103799284947183, 0.4936348637506496, 0.016360529107368987, 0.049040621014062466, 0.20276407067760344, -0.43070221863731034, 0.3490630656525632, 0.2631956556573878, -0.2229996172133249, 0.19613756389097708, 0.0320334385138186, 0.13609915891858457, -0.18014073447999393, 1.5142643447948305, 0.3753775146079418, 0.4971848920008012, 0.25335424625724134], [1.2342699716627175, 0.447772687950934, 0.8336666104138213, 0.21547261376499993, 0.5981543036245301, -0.08103799284947183, 0.4936348637506496, 0.016360529107368987, 0.049040621014062466, 0.20276407067760344, 1.2426562444453315, 0.021564006183483912, 0.22801882163151732, 0.3490630656525632, 0.2631956556573878, -0.2229996172133249, 0.19613756389097708, 0.0320334385138186, 0.13609915891858457, -0.18014073447999393, 1.5142643447948305, 0.3753775146079418, 0.4971848920008012, 0.12188176603069216, 0.4524765564293047, 1.1654295327833104], [1.2342699716627175, 0.447772687950934, 0.8336666104138213, 0.21547261376499993, 0.5981543036245301, -0.08103799284947183, 0.4936348637506496, 0.016360529107368987, 0.049040621014062466, 0.20276407067760344, 1.2426562444453315, 0.021564006183483912, 0.06893675427554656, 0.17910814998352584, 0.22801882163151732, 0.3490630656525632, 0.2631956556573878, -0.2229996172133249, 0.19613756389097708, 0.0320334385138186, 0.13609915891858457, -0.18014073447999393, 1.5142643447948305, 0.3753775146079418, 0.4971848920008012, 0.12188176603069216, 0.4524765564293047, 0.40930817627858623, 0.5427694407601645, 0.5573793417659312], [1.2342699716627175, 0.447772687950934, 0.8336666104138213, 0.21547261376499993, 0.5981543036245301, -0.08103799284947183, 0.4936348637506496, 0.016360529107368987, 0.049040621014062466, 0.20276407067760344, 1.2426562444453315, 0.021564006183483912, 0.06893675427554656, 0.17910814998352584, 0.22379709343378726, 0.030264921388710585, 0.12667712312862067, 0.3490630656525632, 0.2631956556573878, -0.2229996172133249, 0.19613756389097708, 0.0320334385138186, 0.13609915891858457, -0.18014073447999393, 1.5142643447948305, 0.3753775146079418, 0.4971848920008012, 0.12188176603069216, 0.4524765564293047, 0.40930817627858623, 0.5427694407601645, 0.46657029712414133, 0.45223334781143526, 0.5573793417659312], [1.2342699716627175, 0.447772687950934, 0.8336666104138213, 0.21547261376499993, 0.5981543036245301, -0.08103799284947183, 0.4936348637506496, 0.016360529107368987, 0.049040621014062466, 0.20276407067760344, 1.2426562444453315, 0.021564006183483912, 0.06893675427554656, 0.17910814998352584, 0.22379709343378726, 0.030264921388710585, 0.10252668263175502, 0.07316034154362577, 0.0760062738771724, 0.3490630656525632, 0.2631956556573878, -0.2229996172133249, 0.19613756389097708, 0.0320334385138186, 0.13609915891858457, -0.18014073447999393, 1.5142643447948305, 0.3753775146079418, 0.4971848920008012, 0.12188176603069216, 0.4524765564293047, 0.40930817627858623, 0.5427694407601645, 0.46657029712414133, 0.45223334781143526, 0.4261624393263832, 0.38304714980498306, 0.8614044372746208], [1.2342699716627175, 0.447772687950934, 0.8336666104138213, 0.21547261376499993, 0.5981543036245301, -0.08103799284947183, 0.4936348637506496, 0.016360529107368987, 0.049040621014062466, 0.20276407067760344, 1.2426562444453315, 0.021564006183483912, 0.06893675427554656, 0.17910814998352584, 0.22379709343378726, 0.030264921388710585, 0.10252668263175502, 0.07316034154362577, 0.10791831707227156, 0.01760239275063861, -0.0760062738771724, 0.3490630656525632, 0.2631956556573878, -0.2229996172133249, 0.19613756389097708, 0.0320334385138186, 0.13609915891858457, -0.18014073447999393, 1.5142643447948305, 0.3753775146079418, 0.4971848920008012, 0.12188176603069216, 0.4524765564293047, 0.40930817627858623, 0.5427694407601645, 0.46657029712414133, 0.45223334781143526, 0.4261624393263832, 0.38304714980498306, 0.5952152522046763, 0.7379277135540709, 1.1654295327833104]], "best_expectation_values": [-3.8514483724967614, -3.9247341760794483, -5.192284580787124, -4.478551235173509, -5.732054604277808, -5.503413699344613, -6.111285154893143, -6.684086862291734, -7.05367520335221, -7.340449783658732, -7.364031964964641]}