{"params": [-1.06482022, 0.18718824, -0.05444617, -0.11394747, 0.08396961, -0.10701437, -0.09450256, -1.71869698, 2.4960285, -2.50817288, -0.09684556, 3.18342434, -2.9699616, -0.32358629], "expectation_values": [-35.96109404213098, -37.08183477600929, -37.27799254167065, -36.2818041709756, -37.519708338018035, -36.786028655277256, -39.162430916263624], "best": [[-0.9627461357775172, -1.7228088745492414], [-1.0648202158352693, -0.1520125477543448, -1.7186969812035249, -0.3040250955086896], [-1.0648202158352693, 0.18718824404355933, -0.05067084925144827, -1.7186969812035249, 2.496028503768185, -2.533542462572414], [-1.0648202158352693, 0.18718824404355933, -0.054446171804773597, 0.05067084925144827, -1.7186969812035249, 2.496028503768185, -2.5081728823219276, 2.736225859578207], [-1.0648202158352693, 0.18718824404355933, -0.054446171804773597, -0.11394747213671945, 0.05067084925144827, -1.7186969812035249, 2.496028503768185, -2.5081728823219276, -0.09684555533827473, 2.533542462572414], [-1.0648202158352693, 0.18718824404355933, -0.054446171804773597, -0.11394747213671945, 0.08396960750006928, 0.05067084925144827, -1.7186969812035249, 2.496028503768185, -2.5081728823219276, -0.09684555533827473, 3.183424337831433, -0.7093918895202758], [-1.0648202158352693, 0.18718824404355933, -0.054446171804773597, -0.11394747213671945, 0.08396960750006928, -0.10701436672194972, 0.05067084925144827, -1.7186969812035249, 2.496028503768185, -2.5081728823219276, -0.09684555533827473, 3.183424337831433, -2.9699616030024676, 2.533542462572414]], "best_expectation_values": [-36.307783918753124, -37.1224714920005, -37.27799254167065, -37.51860298314259, -37.56564127874551, -37.75241858130615, -38.85943200542678]}