{"params": [1.32767778, -0.00363386, -0.11335394, 0.20875428, 0.36112257, 0.54411863, 0.09990828, 0.0829359, 0.20064566, 0.35911598, 0.03324374, 1.32775829, 0.0786487, 0.05039567, 0.07358221, 0.00862196, -0.01158127, 0.10460285, -0.09965746, 0.08349708, 0.71077, 0.03570655, -0.01780627, 0.23699782, -0.01183941, 0.17904976, 0.00279613, 0.20760163, 0.32294862, 0.52825764, -0.02326173, 0.33967108, 0.3029092, 0.28340269, 0.44741316, 0.51116797, 0.78677693, 0.29112792, 0.59295542, 0.27376858, 0.83767383, 1.40357241], "expectation_values": [0.015352544060629216, -0.8623338304686952, 2.502404808270013, -1.625064649325942, 1.1453678390564426, 2.767536463213685, 1.8996818077871802, 2.305238967836871, 2.139947975464054, 2.040120323084215, 0.14773515530323036], "best": [[-0.3293605201344138, 0.5573793417659312], [1.327677781069135, -0.003633859917385268, -0.3293605201344138, 0.03570655451458767, -0.017806265222262703, 0.5573793417659312], [1.327677781069135, -0.003633859917385268, -0.1133539382683694, 0.2087542848545681, -0.3800313693858621, 0.03570655451458767, -0.017806265222262703, 0.23699782204215417, -0.01183940800387536, 0.3546959447601379], [1.327677781069135, -0.003633859917385268, -0.1133539382683694, 0.2087542848545681, 0.3611225684078592, 0.544118626261725, -0.3293605201344138, 0.03570655451458767, -0.017806265222262703, 0.23699782204215417, -0.01183940800387536, 0.179049759508244, 0.0027961286863306648, 0.8614044372746208], [1.327677781069135, -0.003633859917385268, -0.1133539382683694, 0.2087542848545681, 0.3611225684078592, 0.544118626261725, 0.09990827679122619, 0.08293589599686377, -0.3800313693858621, 0.03570655451458767, -0.017806265222262703, 0.23699782204215417, -0.01183940800387536, 0.179049759508244, 0.0027961286863306648, 0.20760162977054905, 0.32294862264467733, 0.25335424625724134], [1.327677781069135, -0.003633859917385268, -0.1133539382683694, 0.2087542848545681, 0.3611225684078592, 0.544118626261725, 0.09990827679122619, 0.08293589599686377, 0.20064566323457134, 0.3591159829336151, 0.6840564648945517, 0.03570655451458767, -0.017806265222262703, 0.23699782204215417, -0.01183940800387536, 0.179049759508244, 0.0027961286863306648, 0.20760162977054905, 0.32294862264467733, 0.5282576430407604, -0.02326172699428236, -0.1520125477543448], [1.327677781069135, -0.003633859917385268, -0.1133539382683694, 0.2087542848545681, 0.3611225684078592, 0.544118626261725, 0.09990827679122619, 0.08293589599686377, 0.20064566323457134, 0.3591159829336151, 0.03324374237872254, 1.3277582850379455, 0.6840564648945517, 0.03570655451458767, -0.017806265222262703, 0.23699782204215417, -0.01183940800387536, 0.179049759508244, 0.0027961286863306648, 0.20760162977054905, 0.32294862264467733, 0.5282576430407604, -0.02326172699428236, 0.3396710754741583, 0.30290919783772, -0.8614044372746207], [1.327677781069135, -0.003633859917385268, -0.1133539382683694, 0.2087542848545681, 0.3611225684078592, 0.544118626261725, 0.09990827679122619, 0.08293589599686377, 0.20064566323457134, 0.3591159829336151, 0.03324374237872254, 1.3277582850379455, 0.07864869719525572, 0.05039567332896736, -0.6840564648945517, 0.03570655451458767, -0.017806265222262703, 0.23699782204215417, -0.01183940800387536, 0.179049759508244, 0.0027961286863306648, 0.20760162977054905, 0.32294862264467733, 0.5282576430407604, -0.02326172699428236, 0.3396710754741583, 0.30290919783772, 0.2834026913292861, 0.4474131628332899, 1.5707963267948966], [1.327677781069135, -0.003633859917385268, -0.1133539382683694, 0.2087542848545681, 0.3611225684078592, 0.544118626261725, 0.09990827679122619, 0.08293589599686377, 0.20064566323457134, 0.3591159829336151, 0.03324374237872254, 1.3277582850379455, 0.07864869719525572, 0.05039567332896736, 0.07358221090010487, 0.00862195510822047, -0.6840564648945517, 0.03570655451458767, -0.017806265222262703, 0.23699782204215417, -0.01183940800387536, 0.179049759508244, 0.0027961286863306648, 0.20760162977054905, 0.32294862264467733, 0.5282576430407604, -0.02326172699428236, 0.3396710754741583, 0.30290919783772, 0.2834026913292861, 0.4474131628332899, 0.5111679701228868, 0.7867769253489203, 0.25335424625724134], [1.327677781069135, -0.003633859917385268, -0.1133539382683694, 0.2087542848545681, 0.3611225684078592, 0.544118626261725, 0.09990827679122619, 0.08293589599686377, 0.20064566323457134, 0.3591159829336151, 0.03324374237872254, 1.3277582850379455, 0.07864869719525572, 0.05039567332896736, 0.07358221090010487, 0.00862195510822047, -0.011581266561161334, 0.10460284823807667, -0.734727314146, 0.03570655451458767, -0.017806265222262703, 0.23699782204215417, -0.01183940800387536, 0.179049759508244, 0.0027961286863306648, 0.20760162977054905, 0.32294862264467733, 0.5282576430407604, -0.02326172699428236, 0.3396710754741583, 0.30290919783772, 0.2834026913292861, 0.4474131628332899, 0.5111679701228868, 0.7867769253489203, 0.2911279196677188, 0.5929554236947051, -0.6587210402688276], [1.327677781069135, -0.003633859917385268, -0.1133539382683694, 0.2087542848545681, 0.3611225684078592, 0.544118626261725, 0.09990827679122619, 0.08293589599686377, 0.20064566323457134, 0.3591159829336151, 0.03324374237872254, 1.3277582850379455, 0.07864869719525572, 0.05039567332896736, 0.07358221090010487, 0.00862195510822047, -0.011581266561161334, 0.10460284823807667, -0.09965745639172201, 0.08349707741319601, 0.734727314146, 0.03570655451458767, -0.017806265222262703, 0.23699782204215417, -0.01183940800387536, 0.179049759508244, 0.0027961286863306648, 0.20760162977054905, 0.32294862264467733, 0.5282576430407604, -0.02326172699428236, 0.3396710754741583, 0.30290919783772, 0.2834026913292861, 0.4474131628332899, 0.5111679701228868, 0.7867769253489203, 0.2911279196677188, 0.5929554236947051, 0.27376857699891194, 0.837673825206701, 1.3681129297891035]], "best_expectation_values": [-2.8661630866051295, -2.928902709635281, -2.815727025962691, -3.4810191062102804, -3.5334823085152838, -3.6436200224525472, -3.5394890845824, -4.209862791128854, -3.9883233037334564, -3.749407059401039, -4.200379390802875]}