{"params": [-0.4784526717656976, -0.28588524271390947, 0.5025157102584492, 0.9170263040541983], "expectation_values": [-1.1820394400479473, -2.102948576084932], "best": [[-0.3293605201344138, 0.5573793417659312], [-0.4784526717656976, -0.2786896708829655, 0.5025157102584492, 0.9627461357775173]], "best_expectation_values": [-1.4330815433025659, -2.094733882731865]}