{"params": [0.84712919, 0.16383968, -0.06401529, -0.12724467, -0.1039479, 0.09499585, -0.09727031, 1.92480726, 1.7309719, -2.53411155, -0.68343056, -0.35933552, 3.14306272, -2.5136177], "expectation_values": [-52.497968570494876, -53.45619858310152, -53.969272027816075, -52.6976038553029, -53.82504699190528, -54.577802110017416, -56.01002794746568], "best": [[0.8614044372746208, 1.9254922715550347], [0.8471291885255999, 0.1520125477543448, 1.9248072555012965, 1.7228088745492416], [0.8471291885255999, 0.16383967986025247, -0.05067084925144827, 1.9248072555012965, 1.730971904257333, -2.533542462572414], [0.8471291885255999, 0.16383967986025247, -0.06401528634759088, -0.05067084925144827, 1.9248072555012965, 1.730971904257333, -2.534111546662875, -0.7093918895202758], [0.8471291885255999, 0.16383967986025247, -0.06401528634759088, -0.1272446727865641, 0.05067084925144827, 1.9248072555012965, 1.730971904257333, -2.534111546662875, -0.6834305608246685, 1.5201254775434485], [0.8471291885255999, 0.16383967986025247, -0.06401528634759088, -0.1272446727865641, -0.10394789768591094, 0.05067084925144827, 1.9248072555012965, 1.730971904257333, -2.534111546662875, -0.6834305608246685, -0.3593355165302656, 2.533542462572414], [0.8471291885255999, 0.16383967986025247, -0.06401528634759088, -0.1272446727865641, -0.10394789768591094, 0.09499584615456726, -0.05067084925144827, 1.9248072555012965, 1.730971904257333, -2.534111546662875, -0.6834305608246685, -0.3593355165302656, 3.1430627155098803, -2.533542462572414]], "best_expectation_values": [-52.497968570494876, -53.45619858310152, -53.969272027816075, -54.38243100383622, -54.45987542739315, -55.074558971468115, -55.464560696556504]}