{"params": [-0.37008566, -0.08646247, -0.26316584, -0.00727467, -0.03144083, -0.09140455, -0.01100671, 0.06604743, 1.15615416, 1.48044462, 0.37438296, 0.37794054, 1.5103739, 0.58750635], "expectation_values": [-21.684514049525447, -32.15142877207599, -33.88816033859437, -34.641191919715816, -34.58007039135348, -36.47175567804489, -36.84550397163796], "best": [[-0.9627461357775172, -1.7228088745492414], [-0.37008565560095164, -0.1520125477543448, 0.06604743252671841, 1.9254922715550347], [-0.37008565560095164, -0.0864624748830467, -0.1520125477543448, 0.06604743252671841, 1.156154158945949, 2.1281756685608277], [-0.37008565560095164, -0.0864624748830467, -0.26316583656819403, 0.05067084925144827, 0.06604743252671841, 1.156154158945949, 1.4804446156066235, 2.736225859578207], [-0.37008565560095164, -0.0864624748830467, -0.26316583656819403, -0.007274672795912417, -0.1520125477543448, 0.06604743252671841, 1.156154158945949, 1.4804446156066235, 0.3743829633352965, 0.10134169850289654], [-0.37008565560095164, -0.0864624748830467, -0.26316583656819403, -0.007274672795912417, -0.031440827984013, 0.1520125477543448, 0.06604743252671841, 1.156154158945949, 1.4804446156066235, 0.3743829633352965, 0.37794053745789696, -2.533542462572414], [-0.37008565560095164, -0.0864624748830467, -0.26316583656819403, -0.007274672795912417, -0.031440827984013, -0.09140455406576213, 0.05067084925144827, 0.06604743252671841, 1.156154158945949, 1.4804446156066235, 0.3743829633352965, 0.37794053745789696, 1.5103738972883465, -0.7093918895202758]], "best_expectation_values": [-36.307783918753124, -33.9523477906969, -35.755211867656534, -36.07201621222513, -36.576851644226146, -36.91265505272487, -37.20747260733503]}