{"params": [0.60985462, 0.49487192, 0.40523381, -0.02991996, -0.0296171, -0.30311992, -0.16212784, -0.3323566, -0.66338505, -0.77560189, 0.60878102, 1.36857598, 0.25546211, -0.99918378], "expectation_values": [-1.5702544859957763, -3.700192992348585, -5.016755466327034, -4.953888828409897, -5.217027960962554, -5.987135910211514, -6.541431851880569], "best": [[0.38003136938586213, -0.6587210402688276], [0.6098546168647839, 0.32936052013441386, -0.3323566003437731, -0.8614044372746207], [0.6098546168647839, 0.49487192493093674, 0.2786896708829656, -0.3323566003437731, -0.6633850473594449, -0.8614044372746207], [0.6098546168647839, 0.49487192493093674, 0.4052338104199027, 0.22801882163151732, -0.3323566003437731, -0.6633850473594449, -0.7756018920638343, -0.9627461357775172], [0.6098546168647839, 0.49487192493093674, 0.4052338104199027, -0.02991996032094782, 0.22801882163151732, -0.3323566003437731, -0.6633850473594449, -0.7756018920638343, 0.6087810172697684, -1.5707963267948966], [0.6098546168647839, 0.49487192493093674, 0.4052338104199027, -0.02991996032094782, -0.029617101450287557, -0.17734797238006894, -0.3323566003437731, -0.6633850473594449, -0.7756018920638343, 0.6087810172697684, 1.3685759769745696, 0.25335424625724134], [0.6098546168647839, 0.49487192493093674, 0.4052338104199027, -0.02991996032094782, -0.029617101450287557, -0.3031199204466911, -0.17734797238006894, -0.3323566003437731, -0.6633850473594449, -0.7756018920638343, 0.6087810172697684, 1.3685759769745696, 0.2554621141388791, -0.9627461357775172]], "best_expectation_values": [-3.440472040726692, -4.625318731553835, -5.55439459282757, -6.147133695524138, -6.21608534367018, -6.197737800106681, -6.5327882595975115]}