{"params": [0.90527203, 0.18825808, -0.08346066, 0.07567996, -0.0967395, 0.0657811, 0.10706702, 1.12532431, 0.72500232, 1.35703921, -3.16027386, 3.13333521, 2.6896226, 0.5604618], "expectation_values": [-92.49133680084037, -90.99578783230133, -94.15460456543742, -94.64193576851905, -96.20114935829469, -97.08433331477644, -98.67778380366106], "best": [[0.8614044372746208, 1.1147586835318624], [0.884493778728049, 0.25335424625724134, 1.129250586837412, 1.1147586835318624], [0.884493778728049, 0.15569378899000982, -0.1520125477543448, 1.129250586837412, 0.7296991110971988, 0.5067084925144827], [0.884493778728049, 0.15569378899000982, -0.14177141813903543, -0.05067084925144827, 1.129250586837412, 0.7296991110971988, 1.2963171561325322, 0.10134169850289654], [0.884493778728049, 0.15569378899000982, -0.14177141813903543, 0.061590422234787764, 0.05067084925144827, 1.129250586837412, 0.7296991110971988, 1.2963171561325322, -3.1866969124986406, 0.3040250955086896], [0.884493778728049, 0.15569378899000982, -0.14177141813903543, 0.061590422234787764, -0.0863803443866964, 0.05067084925144827, 1.129250586837412, 0.7296991110971988, 1.2963171561325322, -3.1866969124986406, 3.124547828679419, 2.330859065566621], [0.884493778728049, 0.15569378899000982, -0.14177141813903543, 0.061590422234787764, -0.0863803443866964, 0.08673042542743636, 0.05067084925144827, 1.129250586837412, 0.7296991110971988, 1.2963171561325322, -3.1866969124986406, 3.124547828679419, 2.70252728931179, 0.5067084925144827]], "best_expectation_values": [-92.49133680084037, -94.40897973352247, -95.94911811829115, -96.20957599787417, -96.69067347055899, -98.00659226302062, -98.57757050470242]}