{"params": [-0.38348823, -0.12858148, -0.21412312, -0.12916015, -0.1508588, -0.14484861, -0.08011515, 1.03301622, 1.08746627, 1.30140849, 1.42049468, 0.46158408, 0.51182489, 0.5921198], "expectation_values": [-6.80149467907998, -36.908224771843635, -3.7003704796272032, 7.577602876396075, -42.647369823882194, -52.050419090060906, -53.71436754880019], "best": [[0.8614044372746208, 1.9254922715550347], [-0.3834882293273679, 0.3546959447601379, 1.0330162193588397, 2.938909256584], [-0.3834882293273679, -0.12858148019452903, 0.25335424625724134, 1.0330162193588397, 1.0874662742369479, -0.7093918895202758], [-0.3834882293273679, -0.12858148019452903, -0.2141231187041639, -0.3546959447601379, 1.0330162193588397, 1.0874662742369479, 1.301408493155407, 0.9120752865260693], [-0.3834882293273679, -0.12858148019452903, -0.2141231187041639, -0.12916014501276404, 0.3546959447601379, 1.0330162193588397, 1.0874662742369479, 1.301408493155407, 1.4204946769529074, -2.938909256584], [-0.3834882293273679, -0.12858148019452903, -0.2141231187041639, -0.12916014501276404, -0.15085880285957406, -0.1520125477543448, 1.0330162193588397, 1.0874662742369479, 1.301408493155407, 1.4204946769529074, 0.46158408270030177, -0.5067084925144827], [-0.3834882293273679, -0.12858148019452903, -0.2141231187041639, -0.12916014501276404, -0.15085880285957406, -0.14484861462750148, 0.1520125477543448, 1.0330162193588397, 1.0874662742369479, 1.301408493155407, 1.4204946769529074, 0.46158408270030177, 0.5118248850642487, -0.7093918895202758]], "best_expectation_values": [-52.49796857049489, -45.79788807525911, -49.01116493869472, -47.49187990200806, -50.761589154468155, -52.29368982351845, -53.7527104934864]}