{"params": [-0.70053249, -0.10854735, 0.00449914, -0.51320392, -0.02123101, -0.41697934, -0.24457032, 0.34942547, 0.96818346, 1.00629011, 0.92054921, -0.96347457, 0.09855609, -0.8936881], "expectation_values": [-1.1399765220105051, -3.1884073660629744, -2.939895456066999, -3.851300666427033, -4.738881643182211, -6.06827949894664, -8.071036930221128], "best": [[-0.3800313693858621, 0.5573793417659312], [-0.7005324921552587, -0.3800313693858621, 0.3494254748851942, 0.8614044372746208], [-0.7005324921552587, -0.1085473479813317, 0.32936052013441386, 0.3494254748851942, 0.9681834602244839, -1.3681129297891035], [-0.7005324921552587, -0.1085473479813317, 0.004499135116550368, -0.3293605201344138, 0.3494254748851942, 0.9681834602244839, 1.0062901079994442, 0.7600627387717243], [-0.7005324921552587, -0.1085473479813317, 0.004499135116550368, -0.5132039244925921, -0.2786896708829655, 0.3494254748851942, 0.9681834602244839, 1.0062901079994442, 0.9205492085417042, -0.9627461357775172], [-0.7005324921552587, -0.1085473479813317, 0.004499135116550368, -0.5132039244925921, -0.02123101187571076, -0.2786896708829655, 0.3494254748851942, 0.9681834602244839, 1.0062901079994442, 0.9205492085417042, -0.9634745709230607, -0.05067084925144827], [-0.7005324921552587, -0.1085473479813317, 0.004499135116550368, -0.5132039244925921, -0.02123101187571076, -0.4169793373806858, -0.2280188216315172, 0.3494254748851942, 0.9681834602244839, 1.0062901079994442, 0.9205492085417042, -0.9634745709230607, 0.09855609135157735, -0.8614044372746207]], "best_expectation_values": [-4.2786723597278575, -5.373244504795503, -6.091366026734962, -6.101617954243254, -7.101912324181398, -7.091562223860068, -8.049803974948377]}