{"params": [-0.241842028, 0.361540959, 0.371162401, 0.252225252, 0.0331476274, 0.376466936, 0.416955813, 0.0225902713, 0.168525055, 1.20611236, 0.313531229, 0.0612521884, -0.107887265, 0.216596852, 1.27194008, -0.0796338447, 0.180734096, -0.130350794, -0.000874496854, -0.109496482, -0.420157386, 1.10352249, 0.397896434, 0.162369683, -0.171657144, 0.0223843191, 0.0184025685, -0.0682522445, 0.339912163, 0.152759613, 0.251753078, 1.21117731, 0.352112975, 0.243362892, 0.312466007, 0.416574002, 0.403265329, 0.614021041, 0.260208921, 0.494224956, 0.696989363, 0.440529621], "expectation_values": [-2.1736184782081653, -0.20857298208547853, -0.17217907953362996, -1.0485054010023047, -0.8183272095799871, 0.08301993441378991, -2.452208513833178, 1.8312871695234656, -1.3617132741594824, -1.3871317304027584, -3.39674940723118], "best": [[-0.3800313693858621, 0.6587210402688277], [-0.24184202784267947, 0.36154095907246175, -0.43070221863731034, 1.1035224873371399, 0.3978964342157521, 0.9627461357775173], [-0.24184202784267947, 0.36154095907246175, 0.37116240122482064, 0.2522252523417607, 0.6840564648945517, 1.1035224873371399, 0.3978964342157521, 0.16236968258991252, -0.17165714407170976, 0.05067084925144827], [-0.24184202784267947, 0.36154095907246175, 0.37116240122482064, 0.2522252523417607, 0.033147627389130185, 0.3764669364065888, -0.2786896708829655, 1.1035224873371399, 0.3978964342157521, 0.16236968258991252, -0.17165714407170976, 0.022384319057748434, 0.018402568497686646, 1.0640878342804139], [-0.24184202784267947, 0.36154095907246175, 0.37116240122482064, 0.2522252523417607, 0.033147627389130185, 0.3764669364065888, 0.4169558129592195, 0.022590271313367258, -0.43070221863731034, 1.1035224873371399, 0.3978964342157521, 0.16236968258991252, -0.17165714407170976, 0.022384319057748434, 0.018402568497686646, -0.06825224448788142, 0.3399121630483177, 0.6587210402688277], [-0.24184202784267947, 0.36154095907246175, 0.37116240122482064, 0.2522252523417607, 0.033147627389130185, 0.3764669364065888, 0.4169558129592195, 0.022590271313367258, 0.16852505511427213, 1.2061123562225031, -0.2280188216315172, 1.1035224873371399, 0.3978964342157521, 0.16236968258991252, -0.17165714407170976, 0.022384319057748434, 0.018402568497686646, -0.06825224448788142, 0.3399121630483177, 0.15275961329001367, 0.25175307793980684, -1.469454628292], [-0.24184202784267947, 0.36154095907246175, 0.37116240122482064, 0.2522252523417607, 0.033147627389130185, 0.3764669364065888, 0.4169558129592195, 0.022590271313367258, 0.16852505511427213, 1.2061123562225031, 0.31353122883987966, 0.06125218842632409, 0.32936052013441386, 1.1035224873371399, 0.3978964342157521, 0.16236968258991252, -0.17165714407170976, 0.022384319057748434, 0.018402568497686646, -0.06825224448788142, 0.3399121630483177, 0.15275961329001367, 0.25175307793980684, 1.2111773122793732, 0.35211297462306024, 0.5573793417659312], [-0.24184202784267947, 0.36154095907246175, 0.37116240122482064, 0.2522252523417607, 0.033147627389130185, 0.3764669364065888, 0.4169558129592195, 0.022590271313367258, 0.16852505511427213, 1.2061123562225031, 0.31353122883987966, 0.06125218842632409, -0.10788726485426663, 0.21659685236304782, -0.2280188216315172, 1.1035224873371399, 0.3978964342157521, 0.16236968258991252, -0.17165714407170976, 0.022384319057748434, 0.018402568497686646, -0.06825224448788142, 0.3399121630483177, 0.15275961329001367, 0.25175307793980684, 1.2111773122793732, 0.35211297462306024, 0.24336289169594136, 0.3124660074051844, -1.266771231286207], [-0.24184202784267947, 0.36154095907246175, 0.37116240122482064, 0.2522252523417607, 0.033147627389130185, 0.3764669364065888, 0.4169558129592195, 0.022590271313367258, 0.16852505511427213, 1.2061123562225031, 0.31353122883987966, 0.06125218842632409, -0.10788726485426663, 0.21659685236304782, 1.271940079259777, -0.07963384474869784, 0.4307022186373104, 1.1035224873371399, 0.3978964342157521, 0.16236968258991252, -0.17165714407170976, 0.022384319057748434, 0.018402568497686646, -0.06825224448788142, 0.3399121630483177, 0.15275961329001367, 0.25175307793980684, 1.2111773122793732, 0.35211297462306024, 0.24336289169594136, 0.3124660074051844, 0.41657400220443397, 0.40326532863670356, -0.6587210402688276], [-0.24184202784267947, 0.36154095907246175, 0.37116240122482064, 0.2522252523417607, 0.033147627389130185, 0.3764669364065888, 0.4169558129592195, 0.022590271313367258, 0.16852505511427213, 1.2061123562225031, 0.31353122883987966, 0.06125218842632409, -0.10788726485426663, 0.21659685236304782, 1.271940079259777, -0.07963384474869784, 0.1807340961035815, -0.13035079424853474, 0.48137306788875867, 1.1035224873371399, 0.3978964342157521, 0.16236968258991252, -0.17165714407170976, 0.022384319057748434, 0.018402568497686646, -0.06825224448788142, 0.3399121630483177, 0.15275961329001367, 0.25175307793980684, 1.2111773122793732, 0.35211297462306024, 0.24336289169594136, 0.3124660074051844, 0.41657400220443397, 0.40326532863670356, 0.6140210410995479, 0.2602089206782027, -1.5707963267948966], [-0.24184202784267947, 0.36154095907246175, 0.37116240122482064, 0.2522252523417607, 0.033147627389130185, 0.3764669364065888, 0.4169558129592195, 0.022590271313367258, 0.16852505511427213, 1.2061123562225031, 0.31353122883987966, 0.06125218842632409, -0.10788726485426663, 0.21659685236304782, 1.271940079259777, -0.07963384474869784, 0.1807340961035815, -0.13035079424853474, -0.0008744968544312612, -0.10949648230309941, -0.43070221863731034, 1.1035224873371399, 0.3978964342157521, 0.16236968258991252, -0.17165714407170976, 0.022384319057748434, 0.018402568497686646, -0.06825224448788142, 0.3399121630483177, 0.15275961329001367, 0.25175307793980684, 1.2111773122793732, 0.35211297462306024, 0.24336289169594136, 0.3124660074051844, 0.41657400220443397, 0.40326532863670356, 0.6140210410995479, 0.2602089206782027, 0.49422495577770714, 0.6969893628280249, 0.45603764326303464]], "best_expectation_values": [-3.4404720407266915, -3.6870827959401336, -1.2657606213966488, -1.8290868932716027, -4.4093170622257505, -4.397863614953502, -5.180204368723599, -5.514409448801321, -5.13582383332902, -5.663193004582234, -5.8637284462942825]}