{"params": [0.84479629, 0.17435015, -0.05897102, -0.12713127, -0.10728085, 0.09347754, -0.08979146, 1.92524527, 1.73110967, -2.52571943, -0.68727678, -0.36451192, -3.13598563, -2.51893753], "expectation_values": [-52.497968570494834, -53.45021658741003, -53.924284187456685, -52.79165785860663, -53.90863225352652, -54.81561661249711, -56.00569894103936], "best": [[0.8614044372746208, 1.9254922715550347], [0.8447962878705334, 0.1520125477543448, 1.9252452674355547, 1.7228088745492416], [0.8447962878705334, 0.17435014658490683, -0.05067084925144827, 1.9252452674355547, 1.7311096735215745, -2.533542462572414], [0.8447962878705334, 0.17435014658490683, -0.0589710213742146, -0.05067084925144827, 1.9252452674355547, 1.7311096735215745, -2.525719430087965, -1.7228088745492414], [0.8447962878705334, 0.17435014658490683, -0.0589710213742146, -0.12713127317752032, 0.05067084925144827, 1.9252452674355547, 1.7311096735215745, -2.525719430087965, -0.6872767795680095, 1.5201254775434485], [0.8447962878705334, 0.17435014658490683, -0.0589710213742146, -0.12713127317752032, -0.1072808522530091, 0.05067084925144827, 1.9252452674355547, 1.7311096735215745, -2.525719430087965, -0.6872767795680095, -0.36451191819374373, 2.533542462572414], [0.8447962878705334, 0.17435014658490683, -0.0589710213742146, -0.12713127317752032, -0.1072808522530091, 0.09347753788089962, -0.05067084925144827, 1.9252452674355547, 1.7311096735215745, -2.525719430087965, -0.6872767795680095, -0.36451191819374373, -3.135985633637491, -2.533542462572414]], "best_expectation_values": [-52.497968570494834, -53.45021658741003, -53.924284187456685, -54.383761813941184, -54.623708037575504, -55.159922552887785, -55.63343639788529]}