{"params": [1.53052687, 1.54641006, -0.17772719, 0.34439044, 0.60185649, 0.28123356, 0.3028454, -0.00466883, 0.32655325, 0.04871286, 0.01185062, 1.36344571, 0.0422786, 0.12478755, -0.01038845, 0.16994326, 0.06936277, 0.14492458, -0.17777787, 0.07867583, -0.92493499, 0.27987659, -0.14335688, 0.2778504, -0.05593552, 0.03751507, 0.07294911, 0.40141144, -0.11541641, 0.37511567, 0.25283939, 0.4486344, 0.32553687, 0.19367349, 0.44989406, 0.28624493, 0.54267994, 0.31646138, 0.45630274, 0.59939276, 0.65199487, -1.58820078], "expectation_values": [-5.6446275605026575e-18, -0.8827597030428355, 1.4230476050556757, -1.266668168076367, 1.8789482619206106, 1.9852759637436372, 1.886779801852089, 2.004548873211185, 0.38162939548762276, -0.023635265026255448, 0.15527865046390837], "best": [[-0.3800313693858621, 0.5573793417659312], [1.4473838805292154, 1.1475476539773763, -0.2786896708829655, 1.082302170019516, -0.10246484997667549, 0.9627461357775173], [1.4473838805292154, 1.1475476539773763, 1.266446360435675, 0.4426230309100394, -0.2280188216315172, 1.082302170019516, -0.10246484997667549, 0.018712656456142843, -0.10720653511024748, 1.469454628292], [1.4473838805292154, 1.1475476539773763, 1.266446360435675, 0.4426230309100394, 0.26233761136673145, 0.005734832921183663, -0.3293605201344138, 1.082302170019516, -0.10246484997667549, 0.018712656456142843, -0.10720653511024748, 0.016136898834083698, 0.4504327448819434, 1.0640878342804139], [1.4473838805292154, 1.1475476539773763, 1.266446360435675, 0.4426230309100394, 0.26233761136673145, 0.005734832921183663, 0.10209680983911987, 0.0921858614264642, -0.4813730678887586, 1.082302170019516, -0.10246484997667549, 0.018712656456142843, -0.10720653511024748, 0.016136898834083698, 0.4504327448819434, 0.40611475546455056, 0.3428723658718836, 0.3546959447601379], [1.4473838805292154, 1.1475476539773763, 1.266446360435675, 0.4426230309100394, 0.26233761136673145, 0.005734832921183663, 0.10209680983911987, 0.0921858614264642, 0.2526836926802649, 0.03801786844526253, 0.7853981633974483, 1.082302170019516, -0.10246484997667549, 0.018712656456142843, -0.10720653511024748, 0.016136898834083698, 0.4504327448819434, 0.40611475546455056, 0.3428723658718836, 0.15694338384878645, 0.31778687399094807, -0.05067084925144827], [1.4473838805292154, 1.1475476539773763, 1.266446360435675, 0.4426230309100394, 0.26233761136673145, 0.005734832921183663, 0.10209680983911987, 0.0921858614264642, 0.2526836926802649, 0.03801786844526253, 0.16856636972682393, 1.3902168253531326, 0.734727314146, 1.082302170019516, -0.10246484997667549, 0.018712656456142843, -0.10720653511024748, 0.016136898834083698, 0.4504327448819434, 0.40611475546455056, 0.3428723658718836, 0.15694338384878645, 0.31778687399094807, 0.24329263194131695, 0.21342357811943494, -0.4560376432630344], [1.4473838805292154, 1.1475476539773763, 1.266446360435675, 0.4426230309100394, 0.26233761136673145, 0.005734832921183663, 0.10209680983911987, 0.0921858614264642, 0.2526836926802649, 0.03801786844526253, 0.16856636972682393, 1.3902168253531326, 0.1392488175477572, -0.10792237795167058, 0.6840564648945517, 1.082302170019516, -0.10246484997667549, 0.018712656456142843, -0.10720653511024748, 0.016136898834083698, 0.4504327448819434, 0.40611475546455056, 0.3428723658718836, 0.15694338384878645, 0.31778687399094807, 0.24329263194131695, 0.21342357811943494, 0.4101059046878481, 0.5962315895870881, -1.469454628292], [1.4473838805292154, 1.1475476539773763, 1.266446360435675, 0.4426230309100394, 0.26233761136673145, 0.005734832921183663, 0.10209680983911987, 0.0921858614264642, 0.2526836926802649, 0.03801786844526253, 0.16856636972682393, 1.3902168253531326, 0.1392488175477572, -0.10792237795167058, 0.14382584031425807, 0.015042105141392554, -0.734727314146, 1.082302170019516, -0.10246484997667549, 0.018712656456142843, -0.10720653511024748, 0.016136898834083698, 0.4504327448819434, 0.40611475546455056, 0.3428723658718836, 0.15694338384878645, 0.31778687399094807, 0.24329263194131695, 0.21342357811943494, 0.4101059046878481, 0.5962315895870881, 0.41181428911758694, 0.6347975747695308, 0.6587210402688277], [1.4473838805292154, 1.1475476539773763, 1.266446360435675, 0.4426230309100394, 0.26233761136673145, 0.005734832921183663, 0.10209680983911987, 0.0921858614264642, 0.2526836926802649, 0.03801786844526253, 0.16856636972682393, 1.3902168253531326, 0.1392488175477572, -0.10792237795167058, 0.14382584031425807, 0.015042105141392554, 0.02809206577330801, 0.042007096050655286, -0.7853981633974483, 1.082302170019516, -0.10246484997667549, 0.018712656456142843, -0.10720653511024748, 0.016136898834083698, 0.4504327448819434, 0.40611475546455056, 0.3428723658718836, 0.15694338384878645, 0.31778687399094807, 0.24329263194131695, 0.21342357811943494, 0.4101059046878481, 0.5962315895870881, 0.41181428911758694, 0.6347975747695308, 0.6646337177532452, 0.4473900593296277, -0.4560376432630344], [1.4473838805292154, 1.1475476539773763, 1.266446360435675, 0.4426230309100394, 0.26233761136673145, 0.005734832921183663, 0.10209680983911987, 0.0921858614264642, 0.2526836926802649, 0.03801786844526253, 0.16856636972682393, 1.3902168253531326, 0.1392488175477572, -0.10792237795167058, 0.14382584031425807, 0.015042105141392554, 0.02809206577330801, 0.042007096050655286, 0.1410508239185341, -0.0493387738551084, -0.7853981633974483, 1.082302170019516, -0.10246484997667549, 0.018712656456142843, -0.10720653511024748, 0.016136898834083698, 0.4504327448819434, 0.40611475546455056, 0.3428723658718836, 0.15694338384878645, 0.31778687399094807, 0.24329263194131695, 0.21342357811943494, 0.4101059046878481, 0.5962315895870881, 0.41181428911758694, 0.6347975747695308, 0.6646337177532452, 0.4473900593296277, 0.5796366086581564, 0.39086388310604264, -1.3681129297891035]], "best_expectation_values": [-3.707968295516914, -2.462923361988135, -3.367476438612321, -4.261940842505419, -5.110337589727845, -5.468981707028136, -5.721497106551404, -4.6356946797175205, -5.0820705503764385, -5.5079489499771315, -6.189897736285853]}