{"params": [-0.06309970391298576, -0.8577248033159234, 0.2341485150405916, -1.1353533585671716], "expectation_values": [0.5681239089260479, -12.886726483382404], "best": [[0.5573793417659312, 2.736225859578207], [-0.06309970391298576, 0.9627461357775173, 0.2341485150405916, 1.5201254775434485]], "best_expectation_values": [-12.89306002042321, -13.12229244849585]}