{"params": [0.31311043, 0.14822944, 0.50780001, 0.02179743, 0.60494455, -0.52983155, -1.0147216, 0.3878586, 0.27430228, 0.41272553, 0.88053358, 0.78182846, 1.32903459, 0.7400675], "expectation_values": [0.38431163404176616, 0.755391531154165, 1.7053451766524585, 1.730095886467246, 2.0035125129309836, 0.86519542629433, -1.8504782254954915], "best": [[-0.7600627387717241, 1.5201254775434485], [0.3131104287459573, -0.8614044372746207, 0.38785860426567614, 1.3174420805376554], [0.3131104287459573, 0.1482294409640762, -0.9627461357775172, 0.38785860426567614, 0.27430228343284757, 1.1147586835318624], [0.3131104287459573, 0.1482294409640762, 0.507800006632946, -1.1654295327833104, 0.38785860426567614, 0.27430228343284757, 0.4127255251826377, 1.5201254775434485], [0.3131104287459573, 0.1482294409640762, 0.507800006632946, 0.021797432454213884, -1.266771231286207, 0.38785860426567614, 0.27430228343284757, 0.4127255251826377, 0.8805335825209909, 0.7093918895202758], [0.3131104287459573, 0.1482294409640762, 0.507800006632946, 0.021797432454213884, 0.6049445531872756, 1.266771231286207, 0.38785860426567614, 0.27430228343284757, 0.4127255251826377, 0.8805335825209909, 0.7818284588073304, 0.10134169850289654], [0.3131104287459573, 0.1482294409640762, 0.507800006632946, 0.021797432454213884, 0.6049445531872756, -0.5298315515470226, -0.9627461357775172, 0.38785860426567614, 0.27430228343284757, 0.4127255251826377, 0.8805335825209909, 0.7818284588073304, 1.3290345919462039, 0.7093918895202758]], "best_expectation_values": [-1.5304241890132642, -1.5770213763729877, -1.6139459041669193, -1.7388875839381064, -1.7365836015066942, -1.7356912722188282, -1.8414450596364305]}