{"params": [1.47326416, 1.3338331, 0.05088881, 0.66531912, 0.3276312, 0.02157325, 0.1242866, -0.33856909, 0.35024275, 0.08359082, 0.18128614, 1.33276249, 0.01184897, 0.07788796, -0.03376885, 0.23787066, 0.07402082, 0.11573289, -0.13967604, 0.13183688, -1.14569729, 0.07502316, 0.08575141, 0.15328574, 0.10655148, -0.01831268, 0.16062939, 0.12397937, 0.32912749, 0.47603714, 0.11311291, 0.35839075, 0.28004893, 0.36576321, 0.39345003, 0.44642747, 0.53549337, 0.43230383, 0.60598956, 0.52510339, 0.75379911, -1.72500317], "expectation_values": [0.11663740534661712, 1.286724631253258, 4.656574495437178, -2.1968291459763414, -0.413344495967846, 2.929312626810098, 1.4379217162227247, 1.5050836948479798, 2.8012073800153683, 2.417330337584379, 1.2361521360989531], "best": [[-0.3800313693858621, 0.5573793417659312], [1.6076451026447898, 1.5113136082234009, -0.3800313693858621, 0.13819811227803502, -0.07489661011051298, 0.5573793417659312], [1.6076451026447898, 1.5113136082234009, -0.05604311875073155, 0.24338940487091845, -0.5320439171402069, 0.13819811227803502, -0.07489661011051298, 0.2824549757749176, 0.012985973553861345, 0.1520125477543448], [1.6076451026447898, 1.5113136082234009, -0.05604311875073155, 0.24338940487091845, 0.33905165467210613, 0.3998259913387561, -0.3800313693858621, 0.13819811227803502, -0.07489661011051298, 0.2824549757749176, 0.012985973553861345, 0.05182980898614634, 0.04482654689065892, 0.8614044372746208], [1.6076451026447898, 1.5113136082234009, -0.05604311875073155, 0.24338940487091845, 0.33905165467210613, 0.3998259913387561, -0.040074335719046665, 0.20033634835718914, -0.3800313693858621, 0.13819811227803502, -0.07489661011051298, 0.2824549757749176, 0.012985973553861345, 0.05182980898614634, 0.04482654689065892, 0.3044071792274268, -0.03835217364965363, 0.5573793417659312], [1.6076451026447898, 1.5113136082234009, -0.05604311875073155, 0.24338940487091845, 0.33905165467210613, 0.3998259913387561, -0.040074335719046665, 0.20033634835718914, 0.2836913590037442, 0.14247166089163188, 0.6840564648945517, 0.13819811227803502, -0.07489661011051298, 0.2824549757749176, 0.012985973553861345, 0.05182980898614634, 0.04482654689065892, 0.3044071792274268, -0.03835217364965363, 0.3303920155486589, 0.11553770826721806, -0.25335424625724134], [1.6076451026447898, 1.5113136082234009, -0.05604311875073155, 0.24338940487091845, 0.33905165467210613, 0.3998259913387561, -0.040074335719046665, 0.20033634835718914, 0.2836913590037442, 0.14247166089163188, 0.13420208559514238, 1.3346610897599203, 0.5827147663916552, 0.13819811227803502, -0.07489661011051298, 0.2824549757749176, 0.012985973553861345, 0.05182980898614634, 0.04482654689065892, 0.3044071792274268, -0.03835217364965363, 0.3303920155486589, 0.11553770826721806, 0.22734375550226654, 0.33620013948767563, -0.9627461357775172], [1.6076451026447898, 1.5113136082234009, -0.05604311875073155, 0.24338940487091845, 0.33905165467210613, 0.3998259913387561, -0.040074335719046665, 0.20033634835718914, 0.2836913590037442, 0.14247166089163188, 0.13420208559514238, 1.3346610897599203, 0.046864058294254995, -0.03566325031712998, -0.6333856156431035, 0.13819811227803502, -0.07489661011051298, 0.2824549757749176, 0.012985973553861345, 0.05182980898614634, 0.04482654689065892, 0.3044071792274268, -0.03835217364965363, 0.3303920155486589, 0.11553770826721806, 0.22734375550226654, 0.33620013948767563, 0.20189984980682826, 0.4509580201516455, 1.5707963267948966], [1.6076451026447898, 1.5113136082234009, -0.05604311875073155, 0.24338940487091845, 0.33905165467210613, 0.3998259913387561, -0.040074335719046665, 0.20033634835718914, 0.2836913590037442, 0.14247166089163188, 0.13420208559514238, 1.3346610897599203, 0.046864058294254995, -0.03566325031712998, 0.07076359041453094, 0.09777494427076136, -0.734727314146, 0.13819811227803502, -0.07489661011051298, 0.2824549757749176, 0.012985973553861345, 0.05182980898614634, 0.04482654689065892, 0.3044071792274268, -0.03835217364965363, 0.3303920155486589, 0.11553770826721806, 0.22734375550226654, 0.33620013948767563, 0.20189984980682826, 0.4509580201516455, 0.4664180862709814, 0.6295140765917718, 0.5573793417659312], [1.6076451026447898, 1.5113136082234009, -0.05604311875073155, 0.24338940487091845, 0.33905165467210613, 0.3998259913387561, -0.040074335719046665, 0.20033634835718914, 0.2836913590037442, 0.14247166089163188, 0.13420208559514238, 1.3346610897599203, 0.046864058294254995, -0.03566325031712998, 0.07076359041453094, 0.09777494427076136, 0.13440027771589091, 0.13863399719745884, 0.5827147663916552, 0.13819811227803502, -0.07489661011051298, 0.2824549757749176, 0.012985973553861345, 0.05182980898614634, 0.04482654689065892, 0.3044071792274268, -0.03835217364965363, 0.3303920155486589, 0.11553770826721806, 0.22734375550226654, 0.33620013948767563, 0.20189984980682826, 0.4509580201516455, 0.4664180862709814, 0.6295140765917718, 0.2608570113833739, 0.7498484607425049, -0.3546959447601379], [1.6076451026447898, 1.5113136082234009, -0.05604311875073155, 0.24338940487091845, 0.33905165467210613, 0.3998259913387561, -0.040074335719046665, 0.20033634835718914, 0.2836913590037442, 0.14247166089163188, 0.13420208559514238, 1.3346610897599203, 0.046864058294254995, -0.03566325031712998, 0.07076359041453094, 0.09777494427076136, 0.13440027771589091, 0.13863399719745884, -0.18128853554563965, 0.06386514856375936, -0.6333856156431035, 0.13819811227803502, -0.07489661011051298, 0.2824549757749176, 0.012985973553861345, 0.05182980898614634, 0.04482654689065892, 0.3044071792274268, -0.03835217364965363, 0.3303920155486589, 0.11553770826721806, 0.22734375550226654, 0.33620013948767563, 0.20189984980682826, 0.4509580201516455, 0.4664180862709814, 0.6295140765917718, 0.2608570113833739, 0.7498484607425049, 0.4417878028721136, 0.835409685767444, 1.469454628292]], "best_expectation_values": [-4.278672359727858, -4.284761579874697, -3.8097381076849777, -5.476194598599456, -5.452119998841083, -5.307909782029814, -4.855030090197879, -5.0480631934658415, -6.582668807199428, -5.643994440774335, -7.371775807930387]}