{"params": [-1.0574845, 0.18092111, -0.06952484, -0.12172304, 0.10043143, -0.10870514, -0.10034149, -1.72050474, 2.47798951, -2.51298978, -0.09177712, 3.19894186, -2.98086073, -0.32509759], "expectation_values": [-35.96110707599958, -37.066323917788566, -37.289419396898914, -36.57965661662329, -37.45475577785508, -36.34536627057578, -39.288334907633256], "best": [[-0.9627461357775172, -1.7228088745492414], [-1.057484496916646, -0.1520125477543448, -1.7205047401316855, -0.3040250955086896], [-1.057484496916646, 0.18092110972694805, 0.05067084925144827, -1.7205047401316855, 2.477989511147084, 0.9120752865260693], [-1.057484496916646, 0.18092110972694805, -0.06952483746126158, -0.05067084925144827, -1.7205047401316855, 2.477989511147084, -2.512989776826919, -0.10134169850289654], [-1.057484496916646, 0.18092110972694805, -0.06952483746126158, -0.12172304295397375, 0.05067084925144827, -1.7205047401316855, 2.477989511147084, -2.512989776826919, -0.09177711566415246, 2.533542462572414], [-1.057484496916646, 0.18092110972694805, -0.06952483746126158, -0.12172304295397375, 0.10043143189706519, 0.05067084925144827, -1.7205047401316855, 2.477989511147084, -2.512989776826919, -0.09177711566415246, 3.1989418597854944, -0.7093918895202758], [-1.057484496916646, 0.18092110972694805, -0.06952483746126158, -0.12172304295397375, 0.10043143189706519, -0.10870514321859043, 0.05067084925144827, -1.7205047401316855, 2.477989511147084, -2.512989776826919, -0.09177711566415246, 3.1989418597854944, -2.98086073248563, 2.533542462572414]], "best_expectation_values": [-36.307799833440264, -37.115092840070325, -37.29423900695271, -37.57352584656886, -37.52207285718454, -37.48740921286586, -38.910178599180966]}