{"params": [-0.61524346, -0.5106045, -0.32706087, -0.08871938, -0.12301126, -0.14050432, -0.09158137, 0.37093912, 0.71590324, 0.81532899, 1.28732982, -0.58540056, 1.43480667, -1.04191759], "expectation_values": [-1.5422668270056346, -3.54286599063375, -5.751599895564818, -1.3989075469078969, -2.7518071331927088, -3.4836456285354283, -7.2275051866969795], "best": [[-0.3800313693858621, 0.5573793417659312], [-0.6467412615831146, -0.3293605201344138, 0.3733981721805577, 0.8614044372746208], [-0.6467412615831146, -0.5105987056369792, -0.2786896708829655, 0.3733981721805577, 0.6852802573443173, 0.8614044372746208], [-0.6467412615831146, -0.5105987056369792, 0.2094943386008583, -0.4813730678887586, 0.3733981721805577, 0.6852802573443173, 1.2343239799657975, -0.25335424625724134], [-0.6467412615831146, -0.5105987056369792, 0.2094943386008583, -0.555913587974008, 0.22801882163151732, 0.3733981721805577, 0.6852802573443173, 1.2343239799657975, -0.5801251112549989, -0.4560376432630344], [-0.6467412615831146, -0.5105987056369792, 0.2094943386008583, -0.555913587974008, -0.02132690875945656, 0.22801882163151732, 0.3733981721805577, 0.6852802573443173, 1.2343239799657975, -0.5801251112549989, -1.6425585714312978, 1.1654295327833104], [-0.6467412615831146, -0.5105987056369792, 0.2094943386008583, -0.555913587974008, -0.02132690875945656, 0.250456883658097, 0.22801882163151732, 0.3733981721805577, 0.6852802573443173, 1.2343239799657975, -0.5801251112549989, -1.6425585714312978, 0.913876087697872, -1.3681129297891035]], "best_expectation_values": [-3.7079682955169138, -4.869674478944399, -5.836331689341935, -6.204899666068505, -6.430481441917482, -6.396633252296892, -7.168975129533902]}