{"params": [0.00137820622, -0.100098083, 0.252558197, 0.23878992, 0.415248612, 0.168287314, 0.100892989, 0.165240053, 0.279897809, 0.233569963, 0.151925397, 1.27790563, 0.0615747521, 0.161940808, -0.070568597, 0.0264566237, -0.0650174168, -0.0324965994, 0.159232748, 0.0347021016, 0.596968734, 0.100948201, 0.0582575574, 0.302443673, -0.174742815, 0.282895797, -0.135939745, 0.302450508, 0.396314774, 0.386019275, 0.0692668991, 0.316180822, 0.204962889, 0.397261004, 0.393394548, 0.688083792, 0.40946848, 0.453334508, 0.747718207, 0.356702051, 0.60386585, 1.44918838], "expectation_values": [-0.03831240571638124, 1.6913657847132946, -0.2847243071675229, -1.52761444824686, 2.0520822732544444, 1.2817613268152608, 1.7299646334476255, 2.5093323549894357, 2.228509774828847, 1.9639095057179567, -0.6175902826527226], "best": [[-0.3800313693858621, 0.5573793417659312], [0.0013782062221926045, -0.1000980833719519, 0.32936052013441386, 0.10094820149901847, 0.05825755744994396, -0.7600627387717241], [0.0013782062221926045, -0.1000980833719519, 0.2525581968247295, 0.2387899197351781, 0.5827147663916552, 0.10094820149901847, 0.05825755744994396, 0.3024436732319749, -0.17474281492294472, -0.25335424625724134], [0.0013782062221926045, -0.1000980833719519, 0.2525581968247295, 0.2387899197351781, 0.4152486117301054, 0.1682873138951426, -0.3293605201344138, 0.10094820149901847, 0.05825755744994396, 0.3024436732319749, -0.17474281492294472, 0.28289579690380123, -0.13593974496869374, 0.9627461357775173], [0.0013782062221926045, -0.1000980833719519, 0.2525581968247295, 0.2387899197351781, 0.4152486117301054, 0.1682873138951426, 0.10089298885962424, 0.16524005322862825, -0.43070221863731034, 0.10094820149901847, 0.05825755744994396, 0.3024436732319749, -0.17474281492294472, 0.28289579690380123, -0.13593974496869374, 0.30245050811089996, 0.3963147736537188, 0.1520125477543448], [0.0013782062221926045, -0.1000980833719519, 0.2525581968247295, 0.2387899197351781, 0.4152486117301054, 0.1682873138951426, 0.10089298885962424, 0.16524005322862825, 0.2798978086648631, 0.23356996329947113, 0.6333856156431035, 0.10094820149901847, 0.05825755744994396, 0.3024436732319749, -0.17474281492294472, 0.28289579690380123, -0.13593974496869374, 0.30245050811089996, 0.3963147736537188, 0.38601927487768295, 0.06926689909737385, -0.25335424625724134], [0.0013782062221926045, -0.1000980833719519, 0.2525581968247295, 0.2387899197351781, 0.4152486117301054, 0.1682873138951426, 0.10089298885962424, 0.16524005322862825, 0.2798978086648631, 0.23356996329947113, 0.15192539736146293, 1.2779056274735912, 0.6333856156431035, 0.10094820149901847, 0.05825755744994396, 0.3024436732319749, -0.17474281492294472, 0.28289579690380123, -0.13593974496869374, 0.30245050811089996, 0.3963147736537188, 0.38601927487768295, 0.06926689909737385, 0.3161808218815553, 0.20496288946148683, -0.7600627387717241], [0.0013782062221926045, -0.1000980833719519, 0.2525581968247295, 0.2387899197351781, 0.4152486117301054, 0.1682873138951426, 0.10089298885962424, 0.16524005322862825, 0.2798978086648631, 0.23356996329947113, 0.15192539736146293, 1.2779056274735912, 0.061574752113137225, 0.16194080811178965, -0.6333856156431035, 0.10094820149901847, 0.05825755744994396, 0.3024436732319749, -0.17474281492294472, 0.28289579690380123, -0.13593974496869374, 0.30245050811089996, 0.3963147736537188, 0.38601927487768295, 0.06926689909737385, 0.3161808218815553, 0.20496288946148683, 0.3972610037887353, 0.39339454839970067, 1.5707963267948966], [0.0013782062221926045, -0.1000980833719519, 0.2525581968247295, 0.2387899197351781, 0.4152486117301054, 0.1682873138951426, 0.10089298885962424, 0.16524005322862825, 0.2798978086648631, 0.23356996329947113, 0.15192539736146293, 1.2779056274735912, 0.061574752113137225, 0.16194080811178965, -0.07056859695719772, 0.026456623667711256, -0.6840564648945517, 0.10094820149901847, 0.05825755744994396, 0.3024436732319749, -0.17474281492294472, 0.28289579690380123, -0.13593974496869374, 0.30245050811089996, 0.3963147736537188, 0.38601927487768295, 0.06926689909737385, 0.3161808218815553, 0.20496288946148683, 0.3972610037887353, 0.39339454839970067, 0.6880837923963772, 0.40946848022889953, 0.5573793417659312], [0.0013782062221926045, -0.1000980833719519, 0.2525581968247295, 0.2387899197351781, 0.4152486117301054, 0.1682873138951426, 0.10089298885962424, 0.16524005322862825, 0.2798978086648631, 0.23356996329947113, 0.15192539736146293, 1.2779056274735912, 0.061574752113137225, 0.16194080811178965, -0.07056859695719772, 0.026456623667711256, -0.06501741675299372, -0.032496599364823596, -0.5827147663916552, 0.10094820149901847, 0.05825755744994396, 0.3024436732319749, -0.17474281492294472, 0.28289579690380123, -0.13593974496869374, 0.30245050811089996, 0.3963147736537188, 0.38601927487768295, 0.06926689909737385, 0.3161808218815553, 0.20496288946148683, 0.3972610037887353, 0.39339454839970067, 0.6880837923963772, 0.40946848022889953, 0.4533345078030704, 0.7477182074648777, -0.6587210402688276], [0.0013782062221926045, -0.1000980833719519, 0.2525581968247295, 0.2387899197351781, 0.4152486117301054, 0.1682873138951426, 0.10089298885962424, 0.16524005322862825, 0.2798978086648631, 0.23356996329947113, 0.15192539736146293, 1.2779056274735912, 0.061574752113137225, 0.16194080811178965, -0.07056859695719772, 0.026456623667711256, -0.06501741675299372, -0.032496599364823596, 0.15923274846725083, 0.034702101600282725, 0.5827147663916552, 0.10094820149901847, 0.05825755744994396, 0.3024436732319749, -0.17474281492294472, 0.28289579690380123, -0.13593974496869374, 0.30245050811089996, 0.3963147736537188, 0.38601927487768295, 0.06926689909737385, 0.3161808218815553, 0.20496288946148683, 0.3972610037887353, 0.39339454839970067, 0.6880837923963772, 0.40946848022889953, 0.4533345078030704, 0.7477182074648777, 0.3567020510552979, 0.6038658500661369, 1.469454628292]], "best_expectation_values": [-2.566560167095026, -2.6865600199532764, -2.553076086587394, -2.9777983316013286, -2.9970023824197964, -2.6873072406289147, -3.125120690013118, -2.3494585912928803, -2.517964497021554, -2.3004149619242242, -3.531288341548751]}