{"params": [-0.60722669, -0.52046378, -0.40836666, -0.27283188, -0.00183293, 0.07164136, 0.15606629, 0.31994629, 0.66206598, 0.79018184, 0.84355745, -1.52183438, 0.72779989, -1.25266795], "expectation_values": [-1.5258448922557966, -2.5890686270227232, -3.8900609204909937, -4.879202024904309, -4.839029485908019, -4.7746428411241935, -5.329560633982046], "best": [[-0.3800313693858621, 0.5573793417659312], [-0.6072266899031693, -0.3293605201344138, 0.3199462942454998, 0.8614044372746208], [-0.6072266899031693, -0.5204637784427384, -0.2786896708829655, 0.3199462942454998, 0.6620659843383613, 0.8614044372746208], [-0.6072266899031693, -0.5204637784427384, -0.40836665957708, -0.2280188216315172, 0.3199462942454998, 0.6620659843383613, 0.7901818435379172, 0.9627461357775173], [-0.6072266899031693, -0.5204637784427384, -0.40836665957708, -0.27283188246892837, -0.12667712312862067, 0.3199462942454998, 0.6620659843383613, 0.7901818435379172, 0.8435574536362188, 0.9627461357775173], [-0.6072266899031693, -0.5204637784427384, -0.40836665957708, -0.27283188246892837, -0.0018329312817171014, 0.12667712312862067, 0.3199462942454998, 0.6620659843383613, 0.7901818435379172, 0.8435574536362188, -1.5218343831419565, -0.6587210402688276], [-0.6072266899031693, -0.5204637784427384, -0.40836665957708, -0.27283188246892837, -0.0018329312817171014, 0.07164135877994973, 0.17734797238006894, 0.3199462942454998, 0.6620659843383613, 0.7901818435379172, 0.8435574536362188, -1.5218343831419565, 0.7277998901397992, -1.266771231286207]], "best_expectation_values": [-2.710040244074874, -3.677436133324746, -4.533613475249359, -5.013926958757195, -5.253438906830047, -5.250975603934705, -5.319904895367858]}