{"params": [-1.06245353, 0.19023217, -0.0687677, -0.11492227, 0.08176198, -0.10521433, -0.09595969, -1.71988594, 2.48656102, -2.50399274, -0.1028511, -3.0898366, -2.97173058, -0.3289002], "expectation_values": [-35.961107075999564, -37.070980965475734, -37.26206672848148, -36.32323401810432, -37.60140603932078, -36.659006514602815, -39.226005454782], "best": [[-0.9627461357775172, -1.7228088745492414], [-1.0624535348995439, -0.1520125477543448, -1.7198859381787892, -0.3040250955086896], [-1.0624535348995439, 0.19023216781057836, -0.05067084925144827, -1.7198859381787892, 2.486561015059121, -2.533542462572414], [-1.0624535348995439, 0.19023216781057836, -0.0687676965328955, -0.05067084925144827, -1.7198859381787892, 2.486561015059121, -2.5039927426164317, -0.10134169850289654], [-1.0624535348995439, 0.19023216781057836, -0.0687676965328955, -0.11492227264808841, 0.05067084925144827, -1.7198859381787892, 2.486561015059121, -2.5039927426164317, -0.10285109867058738, 2.533542462572414], [-1.0624535348995439, 0.19023216781057836, -0.0687676965328955, -0.11492227264808841, 0.08176197588735036, 0.05067084925144827, -1.7198859381787892, 2.486561015059121, -2.5039927426164317, -0.10285109867058738, -3.089836596647024, -0.7093918895202758], [-1.0624535348995439, 0.19023216781057836, -0.0687676965328955, -0.11492227264808841, 0.08176197588735036, -0.10521432671753225, 0.05067084925144827, -1.7198859381787892, 2.486561015059121, -2.5039927426164317, -0.10285109867058738, -3.089836596647024, -2.971730582459794, 2.533542462572414]], "best_expectation_values": [-36.307799833440285, -37.11887417591565, -37.26206672848148, -37.48885080110427, -37.67472258478271, -37.747552831944276, -38.86607890828525]}