{"params": [0.61356459, 0.52410861, 0.45123838, 0.18700957, -0.17317029, -0.33518893, -0.15779247, -0.34512978, -0.67169729, -0.85201723, 1.12766934, -0.19556424, 1.12427757, -1.03565384], "expectation_values": [-1.308545404996481, -2.2706923789958835, -3.5044214197928074, -3.453742683611642, -3.4749335534349646, -4.540706439091128, -5.055149846684848], "best": [[0.38003136938586213, -0.6587210402688276], [0.6135645923045915, 0.32936052013441386, -0.3451297787542812, -0.8614044372746207], [0.6135645923045915, 0.5241086122310831, 0.2786896708829656, -0.3451297787542812, -0.6716972871551241, -0.9627461357775172], [0.6135645923045915, 0.5241086122310831, 0.4512383821300001, 0.22801882163151732, -0.3451297787542812, -0.6716972871551241, -0.8520172321601042, -0.9627461357775172], [0.6135645923045915, 0.5241086122310831, 0.4512383821300001, 0.18700956823823997, -0.12667712312862067, -0.3451297787542812, -0.6716972871551241, -0.8520172321601042, 1.1276693396838704, -0.6587210402688276], [0.6135645923045915, 0.5241086122310831, 0.4512383821300001, 0.18700956823823997, -0.17317029110754564, -0.2280188216315172, -0.3451297787542812, -0.6716972871551241, -0.8520172321601042, 1.1276693396838704, -0.19556424290795507, 1.0640878342804139], [0.6135645923045915, 0.5241086122310831, 0.4512383821300001, 0.18700956823823997, -0.17317029110754564, -0.33518893217829016, -0.17734797238006894, -0.3451297787542812, -0.6716972871551241, -0.8520172321601042, 1.1276693396838704, -0.19556424290795507, 1.1242775687461102, -1.0640878342804139]], "best_expectation_values": [-2.8670600339389103, -3.625766376278998, -4.120473599916351, -4.613973602110411, -3.794919852079535, -4.697056383681324, -5.042612777905691]}