{"params": [-0.28332562, 0.75577182, 0.77024765, -0.17484184, -0.16211166, 0.98998521, -0.00514141, 0.06380608, 0.33974375, 0.03245449, 0.34618801, 0.43265623, 0.49003807, 1.60603615], "expectation_values": [8.024413776524023, -68.49028996595311, -54.90021455747351, -91.50437277536271, -88.98937756549826, -37.64878076243928, -86.42285043244874], "best": [[0.8614044372746208, 1.1147586835318624], [-0.3709996247971924, 0.45603764326303464, 0.008135167534808993, 0.7093918895202758], [-0.3709996247971924, 0.4271232344245578, -0.1520125477543448, 0.008135167534808993, 1.1009110075624404, 2.1281756685608277], [-0.3709996247971924, 0.4271232344245578, 0.341115115154483, 0.25335424625724134, 0.008135167534808993, 1.1009110075624404, 0.29709763970146696, -2.1281756685608277], [-0.3709996247971924, 0.4271232344245578, 0.341115115154483, -0.18247328878045177, 0.1520125477543448, 0.008135167534808993, 1.1009110075624404, 0.29709763970146696, 0.3819753700267263, 2.938909256584], [-0.3709996247971924, 0.4271232344245578, 0.341115115154483, -0.18247328878045177, -0.1369720697383064, -0.05067084925144827, 0.008135167534808993, 1.1009110075624404, 0.29709763970146696, 0.3819753700267263, 0.42393134727887966, 0.3040250955086896], [-0.3709996247971924, 0.4271232344245578, 0.341115115154483, -0.18247328878045177, -0.1369720697383064, -0.07427862275754689, -0.05067084925144827, 0.008135167534808993, 1.1009110075624404, 0.29709763970146696, 0.3819753700267263, 0.42393134727887966, 1.4819891704796753, -1.3174420805376552]], "best_expectation_values": [-92.48093412843082, -93.59271576645942, -95.6560739690067, -93.91294339734895, -95.06230282905173, -95.10494994337462, -95.80319419935283]}