{"params": [-0.42418526, -0.19568357, -0.20341847, 0.07092389, -0.24757236, -0.05810199, -0.06410042, 0.034115, 0.11669231, 0.3542161, 0.34860936, 0.43635343, 0.31026165, 1.64006641], "expectation_values": [-12.274637370250563, -65.57116024383927, -69.09753332948513, -67.78997323167175, -62.87954457458255, -72.13114749408294, -73.43915582411225], "best": [[0.5573793417659312, 2.533542462572414], [-0.3932027956191345, 0.1520125477543448, 0.043399923218227165, 0.3040250955086896], [-0.3932027956191345, -0.17566654556641761, 0.25335424625724134, 0.043399923218227165, 0.13640999310625948, -1.7228088745492414], [-0.3932027956191345, -0.17566654556641761, -0.24498444673351266, 0.1520125477543448, 0.043399923218227165, 0.13640999310625948, 0.30669307685956326, -1.7228088745492414], [-0.3932027956191345, -0.17566654556641761, -0.24498444673351266, 0.08872320863422731, 0.25335424625724134, 0.043399923218227165, 0.13640999310625948, 0.30669307685956326, 0.32198871412160035, 2.938909256584], [-0.3932027956191345, -0.17566654556641761, -0.24498444673351266, 0.08872320863422731, -0.25673397272387816, -0.05067084925144827, 0.043399923218227165, 0.13640999310625948, 0.30669307685956326, 0.32198871412160035, 0.44322050286135034, 0.7093918895202758], [-0.3932027956191345, -0.17566654556641761, -0.24498444673351266, 0.08872320863422731, -0.25673397272387816, -0.11563145354643879, -0.05067084925144827, 0.043399923218227165, 0.13640999310625948, 0.30669307685956326, 0.32198871412160035, 0.44322050286135034, 0.26052004984977895, 0.3040250955086896]], "best_expectation_values": [-72.24581718368849, -73.08553555049473, -70.09562787831712, -71.34338235735288, -70.57919845449429, -72.80650186762249, -73.70248614670669]}