{"params": [0.89704849, 0.18314723, -0.117048, 0.07690476, -0.08895447, 0.05565644, 0.09830999, 1.12440844, 0.72836286, 1.35953173, -3.1707649, -3.16350257, 2.70807748, 0.55027132], "expectation_values": [-92.47053145602126, -94.09212083016375, -95.44720844199135, -95.06724270785121, -94.86011130503007, -94.97374891153743, -98.69392692501204], "best": [[0.8614044372746208, 1.1147586835318624], [0.9018190650608127, -0.25335424625724134, 1.1236006322036836, -0.7093918895202758], [0.9018190650608127, 0.18097017091736445, -0.05067084925144827, 1.1236006322036836, 0.7271676412936313, 0.9120752865260693], [0.9018190650608127, 0.18097017091736445, -0.09251475815453375, -0.05067084925144827, 1.1236006322036836, 0.7271676412936313, 1.365311540018602, -0.10134169850289654], [0.9018190650608127, 0.18097017091736445, -0.09251475815453375, 0.07638437491351442, 0.05067084925144827, 1.1236006322036836, 0.7271676412936313, 1.365311540018602, -3.173149001108962, 0.5067084925144827], [0.9018190650608127, 0.18097017091736445, -0.09251475815453375, 0.07638437491351442, -0.1008927891862947, -0.05067084925144827, 1.1236006322036836, 0.7271676412936313, 1.365311540018602, -3.173149001108962, -3.1584459133558207, 0.3040250955086896], [0.9018190650608127, 0.18097017091736445, -0.09251475815453375, 0.07638437491351442, -0.1008927891862947, 0.05441218857032535, 0.05067084925144827, 1.1236006322036836, 0.7271676412936313, 1.365311540018602, -3.173149001108962, -3.1584459133558207, 2.7015913133800855, 1.3174420805376554]], "best_expectation_values": [-92.47053145602126, -94.56123640987343, -95.87478199216274, -96.31625453721638, -96.33124737463672, -97.15964510362734, -97.49169285662366]}