{"params": [0.55478056, -0.1783478, 0.05338335, 0.0646179, 0.08120628, 0.05101343, -0.06518336, 2.53040218, -1.52194832, -1.31048519, -1.92340166, 1.10321764, 0.29610815, 2.33561979], "expectation_values": [-72.19796774783492, -73.57106079591745, -73.7893073609262, -74.56127867888979, -74.89121376368497, -74.77777590660408, -75.79490578648262], "best": [[0.5573793417659312, 2.533542462572414], [0.5553561126217585, -0.1520125477543448, 2.53003442971218, -1.5201254775434483], [0.5553561126217585, -0.1750005653929323, -0.05067084925144827, 2.53003442971218, -1.5217686266323769, -0.3040250955086896], [0.5553561126217585, -0.1750005653929323, 0.03556996469400545, 0.05067084925144827, 2.53003442971218, -1.5217686266323769, -1.3142536987562345, -1.9254922715550344], [0.5553561126217585, -0.1750005653929323, 0.03556996469400545, 0.07306660406864772, -0.05067084925144827, 2.53003442971218, -1.5217686266323769, -1.3142536987562345, -1.9221834465367513, -3.141592653589793], [0.5553561126217585, -0.1750005653929323, 0.03556996469400545, 0.07306660406864772, 0.09234742791898667, -0.05067084925144827, 2.53003442971218, -1.5217686266323769, -1.3142536987562345, -1.9221834465367513, 1.0986109308972287, 1.3174420805376554], [0.5553561126217585, -0.1750005653929323, 0.03556996469400545, 0.07306660406864772, 0.09234742791898667, 0.048233559851185916, -0.05067084925144827, 2.53003442971218, -1.5217686266323769, -1.3142536987562345, -1.9221834465367513, 1.0986109308972287, 0.30310238847030324, 2.330859065566621]], "best_expectation_values": [-72.19796774783492, -73.57106079591745, -73.96756792282507, -74.56127867888979, -74.93504127621995, -75.35418975654459, -75.7942713476729]}