{"params": [1.56351822, 0.47562785, 0.94852976, 0.54360804, 0.56806742, 0.00611825, 0.17144736, 0.75655859, -0.05759477, 0.116222, 1.34873957, 0.0204326, 0.03044875, 0.04509393, 0.02759856, -0.14219836, -0.31755912, 0.43191251, 0.11760978, 0.00681563, 0.36065665, 0.11855563, 0.21434347, 0.0559467, 0.23713212, -0.2057827, 0.58817624, 0.09078177, 0.12091846, 0.21810156, 0.30031654, 0.28798819, 0.10459889, 0.063528, 0.42688522, 0.57628742, 0.53841419, 0.56044028, 0.40947633, 0.86822827, 0.56279706, 1.54924952], "expectation_values": [0.9379893991940398, -2.3359474938561844, 0.5433931872266282, -1.3086371538072556, 0.7348021359158524, -1.4884620532452701, -1.286586260356076, -1.0667267927904045, -3.8599561103665003, -0.5734176390858079, -0.5760066593257296], "best": [[-0.3293605201344138, 0.5573793417659312], [1.563518215027208, 0.47562785342075675, 0.5827147663916552, 0.11855563130308248, 0.21434346713508698, -0.25335424625724134], [1.563518215027208, 0.47562785342075675, 0.9485297643881434, 0.5436080446725047, 0.6840564648945517, 0.11855563130308248, 0.21434346713508698, 0.055946703113295214, 0.23713212064714118, -0.25335424625724134], [1.563518215027208, 0.47562785342075675, 0.9485297643881434, 0.5436080446725047, 0.5680674194320137, 0.006118245642293144, -0.2280188216315172, 0.11855563130308248, 0.21434346713508698, 0.055946703113295214, 0.23713212064714118, -0.2057827033255722, 0.588176240126086, 0.45603764326303464], [1.563518215027208, 0.47562785342075675, 0.9485297643881434, 0.5436080446725047, 0.5680674194320137, 0.006118245642293144, 0.17144735694049001, 0.7565585894606728, 0.4307022186373104, 0.11855563130308248, 0.21434346713508698, 0.055946703113295214, 0.23713212064714118, -0.2057827033255722, 0.588176240126086, 0.09078176868955251, 0.12091845592808052, -0.1520125477543448], [1.563518215027208, 0.47562785342075675, 0.9485297643881434, 0.5436080446725047, 0.5680674194320137, 0.006118245642293144, 0.17144735694049001, 0.7565585894606728, -0.05759477378351009, 0.11622200419207769, 0.48137306788875867, 0.11855563130308248, 0.21434346713508698, 0.055946703113295214, 0.23713212064714118, -0.2057827033255722, 0.588176240126086, 0.09078176868955251, 0.12091845592808052, 0.21810155566635211, 0.3003165350946556, -0.6587210402688276], [1.563518215027208, 0.47562785342075675, 0.9485297643881434, 0.5436080446725047, 0.5680674194320137, 0.006118245642293144, 0.17144735694049001, 0.7565585894606728, -0.05759477378351009, 0.11622200419207769, 1.3487395676416172, 0.020432598949059567, 0.38003136938586213, 0.11855563130308248, 0.21434346713508698, 0.055946703113295214, 0.23713212064714118, -0.2057827033255722, 0.588176240126086, 0.09078176868955251, 0.12091845592808052, 0.21810155566635211, 0.3003165350946556, 0.2879881940602695, 0.10459888850100646, -1.1654295327833104], [1.563518215027208, 0.47562785342075675, 0.9485297643881434, 0.5436080446725047, 0.5680674194320137, 0.006118245642293144, 0.17144735694049001, 0.7565585894606728, -0.05759477378351009, 0.11622200419207769, 1.3487395676416172, 0.020432598949059567, 0.03044874540757132, 0.04509393433517553, 0.4307022186373104, 0.11855563130308248, 0.21434346713508698, 0.055946703113295214, 0.23713212064714118, -0.2057827033255722, 0.588176240126086, 0.09078176868955251, 0.12091845592808052, 0.21810155566635211, 0.3003165350946556, 0.2879881940602695, 0.10459888850100646, 0.06352799595516628, 0.42688522249577665, -1.5707963267948966], [1.563518215027208, 0.47562785342075675, 0.9485297643881434, 0.5436080446725047, 0.5680674194320137, 0.006118245642293144, 0.17144735694049001, 0.7565585894606728, -0.05759477378351009, 0.11622200419207769, 1.3487395676416172, 0.020432598949059567, 0.03044874540757132, 0.04509393433517553, 0.027598559475902895, -0.1421983615044732, -0.3293605201344138, 0.11855563130308248, 0.21434346713508698, 0.055946703113295214, 0.23713212064714118, -0.2057827033255722, 0.588176240126086, 0.09078176868955251, 0.12091845592808052, 0.21810155566635211, 0.3003165350946556, 0.2879881940602695, 0.10459888850100646, 0.06352799595516628, 0.42688522249577665, 0.576287424429322, 0.5384141875604913, 0.45603764326303464], [1.563518215027208, 0.47562785342075675, 0.9485297643881434, 0.5436080446725047, 0.5680674194320137, 0.006118245642293144, 0.17144735694049001, 0.7565585894606728, -0.05759477378351009, 0.11622200419207769, 1.3487395676416172, 0.020432598949059567, 0.03044874540757132, 0.04509393433517553, 0.027598559475902895, -0.1421983615044732, -0.3175591246268772, 0.431912505269954, -0.3800313693858621, 0.11855563130308248, 0.21434346713508698, 0.055946703113295214, 0.23713212064714118, -0.2057827033255722, 0.588176240126086, 0.09078176868955251, 0.12091845592808052, 0.21810155566635211, 0.3003165350946556, 0.2879881940602695, 0.10459888850100646, 0.06352799595516628, 0.42688522249577665, 0.576287424429322, 0.5384141875604913, 0.5604402775067115, 0.40947633088564295, -0.1520125477543448], [1.563518215027208, 0.47562785342075675, 0.9485297643881434, 0.5436080446725047, 0.5680674194320137, 0.006118245642293144, 0.17144735694049001, 0.7565585894606728, -0.05759477378351009, 0.11622200419207769, 1.3487395676416172, 0.020432598949059567, 0.03044874540757132, 0.04509393433517553, 0.027598559475902895, -0.1421983615044732, -0.3175591246268772, 0.431912505269954, 0.11760977810901799, 0.006815630239464734, 0.32936052013441386, 0.11855563130308248, 0.21434346713508698, 0.055946703113295214, 0.23713212064714118, -0.2057827033255722, 0.588176240126086, 0.09078176868955251, 0.12091845592808052, 0.21810155566635211, 0.3003165350946556, 0.2879881940602695, 0.10459888850100646, 0.06352799595516628, 0.42688522249577665, 0.576287424429322, 0.5384141875604913, 0.5604402775067115, 0.40947633088564295, 0.8682282676237989, 0.5627970566685794, 1.5707963267948966]], "best_expectation_values": [-2.8661630866051304, -2.967640413918164, -3.533298015139266, -4.220204475811378, -4.406227000065175, -3.843896039464595, -4.5636677788566455, -4.639977499959367, -4.426155764150077, -4.640059743223589, -5.152150888296901]}