{"params": [0.86704252, 0.17380132, -0.04631932, -0.1078825, -0.09968565, 0.09022019, -0.08963354, 1.92288437, 1.72879792, -2.54352376, -0.67269672, -0.35904099, -3.13093799, -2.52847149], "expectation_values": [-52.52094832324386, -53.257692263739415, -50.71100535854588, -52.08467387353812, -53.049447019709625, -53.78161893266593, -55.9936485279366], "best": [[-0.8614044372746207, -1.9254922715550344], [-0.8926830591304825, 0.1520125477543448, -1.9197418097912335, 1.1147586835318624], [-0.8926830591304825, -0.2410449789156467, 0.1520125477543448, -1.9197418097912335, -1.753047062303295, 2.533542462572414], [-0.8926830591304825, -0.2410449789156467, 0.05661029732415039, 0.05067084925144827, -1.9197418097912335, -1.753047062303295, 2.5264949329906825, 2.736225859578207], [-0.8926830591304825, -0.2410449789156467, 0.05661029732415039, 0.09175121441292919, -0.05067084925144827, -1.9197418097912335, -1.753047062303295, 2.5264949329906825, 0.6956573665968422, -1.5201254775434483], [-0.8926830591304825, -0.2410449789156467, 0.05661029732415039, 0.09175121441292919, -0.10160188226201558, -0.05067084925144827, -1.9197418097912335, -1.753047062303295, 2.5264949329906825, 0.6956573665968422, 3.1581393972509235, 0.10134169850289654], [-0.8926830591304825, -0.2410449789156467, 0.05661029732415039, 0.09175121441292919, -0.10160188226201558, -0.06188409298017116, -0.05067084925144827, -1.9197418097912335, -1.753047062303295, 2.5264949329906825, 0.6956573665968422, 3.1581393972509235, 0.30045374201043107, 0.3040250955086896]], "best_expectation_values": [-52.52094832324388, -53.61497992941169, -53.95212057161992, -54.3802313249074, -54.482451909497016, -55.31050928941602, -55.86119679020983]}