{"params": [1.38921824, 0.28876476, 0.9655556, 0.39874011, 0.12774324, 0.30634404, 0.47553067, 0.33261664, 0.1566473, -0.09937629, 1.13497415, 0.00491945, 0.06019076, 0.04415472, 0.20316698, 0.11897868, 0.09276508, 0.01519589, -0.10678782, 0.13944541, 0.7430163, -0.12446074, 0.04241521, -0.15986515, 0.22484069, 0.14740352, 0.40066634, 0.59410006, 1.04178245, 0.27989141, 0.18501978, 0.31406576, 0.21095516, 0.50155542, 0.48122516, 0.47237021, 0.40177955, 0.49633925, 0.28812926, 0.56018608, 0.79991908, 1.2880371], "expectation_values": [0.1766384961273898, 0.14700659466704313, 4.695964434123885, 0.5256463265327851, 5.219223244183857, 1.4816090407979599, 3.6171538688547455, 3.5600129107556118, 2.535051945922505, 3.066985210444193, 2.749927814615986], "best": [[-0.3800313693858621, 0.5573793417659312], [1.389218243105285, 0.28876475599826085, 0.38003136938586213, -0.12446074481344535, 0.04241520709134117, -0.4560376432630344], [1.389218243105285, 0.28876475599826085, 0.96555560265033, 0.3987401100189592, 0.6333856156431035, -0.12446074481344535, 0.04241520709134117, -0.15986514966710758, 0.2248406873942351, -0.1520125477543448], [1.389218243105285, 0.28876475599826085, 0.96555560265033, 0.3987401100189592, 0.12774323758202505, 0.3063440360197454, 0.5320439171402069, -0.12446074481344535, 0.04241520709134117, -0.15986514966710758, 0.2248406873942351, 0.14740351725482095, 0.4006663389072875, -0.3546959447601379], [1.389218243105285, 0.28876475599826085, 0.96555560265033, 0.3987401100189592, 0.12774323758202505, 0.3063440360197454, 0.4755306741583109, 0.33261664102812805, -0.734727314146, -0.12446074481344535, 0.04241520709134117, -0.15986514966710758, 0.2248406873942351, 0.14740351725482095, 0.4006663389072875, 0.5941000568658891, 1.0417824479132267, -0.4560376432630344], [1.389218243105285, 0.28876475599826085, 0.96555560265033, 0.3987401100189592, 0.12774323758202505, 0.3063440360197454, 0.4755306741583109, 0.33261664102812805, 0.15664729519376647, -0.09937629217983793, -0.6840564648945517, -0.12446074481344535, 0.04241520709134117, -0.15986514966710758, 0.2248406873942351, 0.14740351725482095, 0.4006663389072875, 0.5941000568658891, 1.0417824479132267, 0.27989140998653145, 0.18501978099540292, -1.0640878342804139], [1.389218243105285, 0.28876475599826085, 0.96555560265033, 0.3987401100189592, 0.12774323758202505, 0.3063440360197454, 0.4755306741583109, 0.33261664102812805, 0.15664729519376647, -0.09937629217983793, 1.1349741538754878, 0.004919449084606012, 0.48137306788875867, -0.12446074481344535, 0.04241520709134117, -0.15986514966710758, 0.2248406873942351, 0.14740351725482095, 0.4006663389072875, 0.5941000568658891, 1.0417824479132267, 0.27989140998653145, 0.18501978099540292, 0.314065755279784, 0.21095515864346812, -0.9627461357775172], [1.389218243105285, 0.28876475599826085, 0.96555560265033, 0.3987401100189592, 0.12774323758202505, 0.3063440360197454, 0.4755306741583109, 0.33261664102812805, 0.15664729519376647, -0.09937629217983793, 1.1349741538754878, 0.004919449084606012, 0.06019075619569156, 0.0441547200009874, -0.4813730678887586, -0.12446074481344535, 0.04241520709134117, -0.15986514966710758, 0.2248406873942351, 0.14740351725482095, 0.4006663389072875, 0.5941000568658891, 1.0417824479132267, 0.27989140998653145, 0.18501978099540292, 0.314065755279784, 0.21095515864346812, 0.5015554152100182, 0.4812251581139473, 1.1654295327833104], [1.389218243105285, 0.28876475599826085, 0.96555560265033, 0.3987401100189592, 0.12774323758202505, 0.3063440360197454, 0.4755306741583109, 0.33261664102812805, 0.15664729519376647, -0.09937629217983793, 1.1349741538754878, 0.004919449084606012, 0.06019075619569156, 0.0441547200009874, 0.20316698013933435, 0.11897868190880882, -0.6333856156431035, -0.12446074481344535, 0.04241520709134117, -0.15986514966710758, 0.2248406873942351, 0.14740351725482095, 0.4006663389072875, 0.5941000568658891, 1.0417824479132267, 0.27989140998653145, 0.18501978099540292, 0.314065755279784, 0.21095515864346812, 0.5015554152100182, 0.4812251581139473, 0.4723702059697064, 0.401779547090018, 0.25335424625724134], [1.389218243105285, 0.28876475599826085, 0.96555560265033, 0.3987401100189592, 0.12774323758202505, 0.3063440360197454, 0.4755306741583109, 0.33261664102812805, 0.15664729519376647, -0.09937629217983793, 1.1349741538754878, 0.004919449084606012, 0.06019075619569156, 0.0441547200009874, 0.20316698013933435, 0.11897868190880882, 0.09276507925225004, 0.015195888449451616, -0.734727314146, -0.12446074481344535, 0.04241520709134117, -0.15986514966710758, 0.2248406873942351, 0.14740351725482095, 0.4006663389072875, 0.5941000568658891, 1.0417824479132267, 0.27989140998653145, 0.18501978099540292, 0.314065755279784, 0.21095515864346812, 0.5015554152100182, 0.4812251581139473, 0.4723702059697064, 0.401779547090018, 0.49633924662234985, 0.28812926095512087, -0.557379341765931], [1.389218243105285, 0.28876475599826085, 0.96555560265033, 0.3987401100189592, 0.12774323758202505, 0.3063440360197454, 0.4755306741583109, 0.33261664102812805, 0.15664729519376647, -0.09937629217983793, 1.1349741538754878, 0.004919449084606012, 0.06019075619569156, 0.0441547200009874, 0.20316698013933435, 0.11897868190880882, 0.09276507925225004, 0.015195888449451616, -0.10678781597675333, 0.13944541168290903, 0.734727314146, -0.12446074481344535, 0.04241520709134117, -0.15986514966710758, 0.2248406873942351, 0.14740351725482095, 0.4006663389072875, 0.5941000568658891, 1.0417824479132267, 0.27989140998653145, 0.18501978099540292, 0.314065755279784, 0.21095515864346812, 0.5015554152100182, 0.4812251581139473, 0.4723702059697064, 0.401779547090018, 0.49633924662234985, 0.28812926095512087, 0.560186078378377, 0.7999190843544071, 1.266771231286207]], "best_expectation_values": [-3.707968295516914, -3.757377140331659, -4.168522053287504, -2.6333812248322968, -1.3773050008935876, -1.3032408953438805, -2.163785110221899, -2.467846567474679, -3.0787195230529583, -2.892187472071775, -3.7475301392627327]}