{"params": [-1.06245656, 0.16604798, -0.08597894, -0.12242763, 0.10109987, -0.0873331, -0.10143458, -1.71930164, 2.44907449, -2.50610201, -0.09102336, -3.07792174, -2.97671162, -0.33878087], "expectation_values": [-35.96108100826231, -37.070011083549836, -37.243611113076625, -36.692863357097565, -37.51365309022374, -37.58409822854845, -39.18903741545793], "best": [[-0.9627461357775172, -1.7228088745492414], [-1.062456557159365, -0.1520125477543448, -1.7193016418614966, -0.3040250955086896], [-1.062456557159365, 0.1660479845359735, 0.05067084925144827, -1.7193016418614966, 2.449074489751608, 0.9120752865260693], [-1.062456557159365, 0.1660479845359735, -0.08597893736984302, 0.05067084925144827, -1.7193016418614966, 2.449074489751608, -2.5061020122874917, -2.938909256584], [-1.062456557159365, 0.1660479845359735, -0.08597893736984302, -0.12242763162097171, -0.05067084925144827, -1.7193016418614966, 2.449074489751608, -2.5061020122874917, -0.09102336175807224, -0.9120752865260688], [-1.062456557159365, 0.1660479845359735, -0.08597893736984302, -0.12242763162097171, 0.10109986989687653, 0.05067084925144827, -1.7193016418614966, 2.449074489751608, -2.5061020122874917, -0.09102336175807224, -3.077921738637627, 0.7093918895202758], [-1.062456557159365, 0.1660479845359735, -0.08597893736984302, -0.12242763162097171, 0.10109986989687653, -0.08733309902267324, 0.05067084925144827, -1.7193016418614966, 2.449074489751608, -2.5061020122874917, -0.09102336175807224, -3.077921738637627, -2.976711622280224, 2.533542462572414]], "best_expectation_values": [-36.30776800406596, -37.11267595704847, -37.268036871857035, -37.530302732589234, -37.647711202454026, -37.87607875981726, -38.70843467111511]}