{"params": [1.6076451, 1.51131361, -0.05604312, 0.2433894, 0.33905165, 0.39982599, -0.04007434, 0.20033635, 0.28369136, 0.14247166, 0.13420209, 1.33466109, 0.04686406, -0.03566325, 0.07076359, 0.09777494, 0.13440028, 0.138634, -0.18128854, 0.06386515, -0.91205291, 0.13819811, -0.07489661, 0.28245498, 0.01298597, 0.05182981, 0.04482655, 0.30440718, -0.03835217, 0.33039202, 0.11553771, 0.22734376, 0.33620014, 0.20189985, 0.45095802, 0.46641809, 0.62951408, 0.26085701, 0.74984846, 0.4417878, 0.83540969, -1.68820909], "expectation_values": [0.030390820642412827, -2.5070519976805263, -0.0068684579634969295, -1.9976523107733801, -2.425629704559472, 2.573534249209377, 1.8582548330949917, 2.5748077788566093, 2.442727844580135, 1.4375060905267079, 1.9394956937027004], "best": [[-0.3800313693858621, 0.5573793417659312], [1.473264161515538, 1.3338331025828658, -0.3293605201344138, 0.0750231556860358, 0.08575140940691406, 0.5573793417659312], [1.473264161515538, 1.3338331025828658, 0.05088880679364587, 0.6653191166226574, 0.5320439171402069, 0.0750231556860358, 0.08575140940691406, 0.153285744404114, 0.10655148324733704, -0.25335424625724134], [1.473264161515538, 1.3338331025828658, 0.05088880679364587, 0.6653191166226574, 0.32763119964676, 0.021573252407757235, -0.3293605201344138, 0.0750231556860358, 0.08575140940691406, 0.153285744404114, 0.10655148324733704, -0.018312680004759163, 0.1606293907727163, 0.6587210402688277], [1.473264161515538, 1.3338331025828658, 0.05088880679364587, 0.6653191166226574, 0.32763119964676, 0.021573252407757235, 0.12428659550013393, -0.3385690916229212, -0.2280188216315172, 0.0750231556860358, 0.08575140940691406, 0.153285744404114, 0.10655148324733704, -0.018312680004759163, 0.1606293907727163, 0.12397936767409248, 0.32912749188376283, 0.7600627387717243], [1.473264161515538, 1.3338331025828658, 0.05088880679364587, 0.6653191166226574, 0.32763119964676, 0.021573252407757235, 0.12428659550013393, -0.3385690916229212, 0.3502427515956532, 0.08359081776835663, -0.6333856156431035, 0.0750231556860358, 0.08575140940691406, 0.153285744404114, 0.10655148324733704, -0.018312680004759163, 0.1606293907727163, 0.12397936767409248, 0.32912749188376283, 0.47603714068470254, 0.11311290978450463, -0.1520125477543448], [1.473264161515538, 1.3338331025828658, 0.05088880679364587, 0.6653191166226574, 0.32763119964676, 0.021573252407757235, 0.12428659550013393, -0.3385690916229212, 0.3502427515956532, 0.08359081776835663, 0.18128614222191974, 1.3327624881846414, -0.6840564648945517, 0.0750231556860358, 0.08575140940691406, 0.153285744404114, 0.10655148324733704, -0.018312680004759163, 0.1606293907727163, 0.12397936767409248, 0.32912749188376283, 0.47603714068470254, 0.11311290978450463, 0.3583907538525045, 0.2800489305327378, -0.8614044372746207], [1.473264161515538, 1.3338331025828658, 0.05088880679364587, 0.6653191166226574, 0.32763119964676, 0.021573252407757235, 0.12428659550013393, -0.3385690916229212, 0.3502427515956532, 0.08359081776835663, 0.18128614222191974, 1.3327624881846414, 0.011848972360257894, 0.07788796356570027, 0.6840564648945517, 0.0750231556860358, 0.08575140940691406, 0.153285744404114, 0.10655148324733704, -0.018312680004759163, 0.1606293907727163, 0.12397936767409248, 0.32912749188376283, 0.47603714068470254, 0.11311290978450463, 0.3583907538525045, 0.2800489305327378, 0.36576321396802836, 0.3934500252156297, 1.5707963267948966], [1.473264161515538, 1.3338331025828658, 0.05088880679364587, 0.6653191166226574, 0.32763119964676, 0.021573252407757235, 0.12428659550013393, -0.3385690916229212, 0.3502427515956532, 0.08359081776835663, 0.18128614222191974, 1.3327624881846414, 0.011848972360257894, 0.07788796356570027, -0.033768850186880514, 0.23787066346753277, 0.5827147663916552, 0.0750231556860358, 0.08575140940691406, 0.153285744404114, 0.10655148324733704, -0.018312680004759163, 0.1606293907727163, 0.12397936767409248, 0.32912749188376283, 0.47603714068470254, 0.11311290978450463, 0.3583907538525045, 0.2800489305327378, 0.36576321396802836, 0.3934500252156297, 0.4464274746400773, 0.5354933673530156, 0.45603764326303464], [1.473264161515538, 1.3338331025828658, 0.05088880679364587, 0.6653191166226574, 0.32763119964676, 0.021573252407757235, 0.12428659550013393, -0.3385690916229212, 0.3502427515956532, 0.08359081776835663, 0.18128614222191974, 1.3327624881846414, 0.011848972360257894, 0.07788796356570027, -0.033768850186880514, 0.23787066346753277, 0.07402082266695206, 0.11573288773312225, 0.48137306788875867, 0.0750231556860358, 0.08575140940691406, 0.153285744404114, 0.10655148324733704, -0.018312680004759163, 0.1606293907727163, 0.12397936767409248, 0.32912749188376283, 0.47603714068470254, 0.11311290978450463, 0.3583907538525045, 0.2800489305327378, 0.36576321396802836, 0.3934500252156297, 0.4464274746400773, 0.5354933673530156, 0.43230383018373064, 0.6059895593949173, -0.557379341765931], [1.473264161515538, 1.3338331025828658, 0.05088880679364587, 0.6653191166226574, 0.32763119964676, 0.021573252407757235, 0.12428659550013393, -0.3385690916229212, 0.3502427515956532, 0.08359081776835663, 0.18128614222191974, 1.3327624881846414, 0.011848972360257894, 0.07788796356570027, -0.033768850186880514, 0.23787066346753277, 0.07402082266695206, 0.11573288773312225, -0.13967603837317966, 0.13183688283158504, -0.43070221863731034, 0.0750231556860358, 0.08575140940691406, 0.153285744404114, 0.10655148324733704, -0.018312680004759163, 0.1606293907727163, 0.12397936767409248, 0.32912749188376283, 0.47603714068470254, 0.11311290978450463, 0.3583907538525045, 0.2800489305327378, 0.36576321396802836, 0.3934500252156297, 0.4464274746400773, 0.5354933673530156, 0.43230383018373064, 0.6059895593949173, 0.5251033904108274, 0.7537991107330926, 1.3681129297891035]], "best_expectation_values": [-4.27867235972786, -4.691261575878463, -4.935023091103954, -5.472616553298639, -6.115686922277261, -5.979992692485904, -5.280335006345572, -5.7116537173205355, -6.0928999098203995, -5.300973854542844, -6.933861349366258]}