{"params": [-0.59350877, -0.53638179, -0.16344012, 0.19524237, 0.10407711, -0.04434432, -0.07960214, 0.37063115, 0.75270624, 0.78670949, -0.97229099, -0.83345774, 2.29644562, 0.12921579], "expectation_values": [-2.05556476346954, -3.1003768100875297, -4.722646769607532, -5.698131787982827, -5.933122872221377, -5.879586972288169, -6.373839878273824], "best": [[-0.3800313693858621, 0.5573793417659312], [-0.5935087694799079, -0.3293605201344138, 0.3706311451028059, 0.8614044372746208], [-0.5935087694799079, -0.5363817877628976, -0.2786896708829655, 0.3706311451028059, 0.7527062416249363, 0.9627461357775173], [-0.5935087694799079, -0.5363817877628976, -0.16344012015761647, 0.17734797238006894, 0.3706311451028059, 0.7527062416249363, 0.7867094878203237, -0.9627461357775172], [-0.5935087694799079, -0.5363817877628976, -0.16344012015761647, 0.1952423653974634, 0.12667712312862067, 0.3706311451028059, 0.7527062416249363, 0.7867094878203237, -0.9722909878092122, -1.266771231286207], [-0.5935087694799079, -0.5363817877628976, -0.16344012015761647, 0.1952423653974634, 0.10407711363619081, 0.12667712312862067, 0.3706311451028059, 0.7527062416249363, 0.7867094878203237, -0.9722909878092122, -0.8334577399366445, -0.7600627387717241], [-0.5935087694799079, -0.5363817877628976, -0.16344012015761647, 0.1952423653974634, 0.10407711363619081, -0.04434431839748392, -0.0760062738771724, 0.3706311451028059, 0.7527062416249363, 0.7867094878203237, -0.9722909878092122, -0.8334577399366445, 2.2964456237030375, 0.1520125477543448]], "best_expectation_values": [-3.707968295516914, -4.746176916990561, -5.381229175623874, -5.698131787982827, -6.244417958410702, -6.3721425746410745, -6.3732597556193245]}