{"params": [0.88274568, 0.17067671, -0.16549531, 0.06276585, -0.09034028, 0.07700298, 0.05886619, 1.12493757, 0.73394203, 1.28996836, -3.2002528, -3.16059094, 2.719073, 0.50844172], "expectation_values": [-92.48093412843083, -93.78720582194418, -95.61942475652583, -94.65760564726659, -94.04175634519832, -95.73270940578196, -98.74765884291155], "best": [[0.8614044372746208, 1.1147586835318624], [0.896727355847919, -0.25335424625724134, 1.1245218399910033, -0.7093918895202758], [0.896727355847919, 0.17927640394152386, -0.1520125477543448, 1.1245218399910033, 0.7298703904500333, 0.9120752865260693], [0.896727355847919, 0.17927640394152386, -0.13347692540037495, 0.05067084925144827, 1.1245218399910033, 0.7298703904500333, 1.3585471257020356, -1.5201254775434483], [0.896727355847919, 0.17927640394152386, -0.13347692540037495, 0.07319280707188161, 0.1520125477543448, 1.1245218399910033, 0.7298703904500333, 1.3585471257020356, -3.173531787665971, 0.5067084925144827], [0.896727355847919, 0.17927640394152386, -0.13347692540037495, 0.07319280707188161, -0.09071517665228247, -0.05067084925144827, 1.1245218399910033, 0.7298703904500333, 1.3585471257020356, -3.173531787665971, -3.1697436191107493, 0.3040250955086896], [0.896727355847919, 0.17927640394152386, -0.13347692540037495, 0.07319280707188161, -0.09071517665228247, 0.05482412825430632, 0.05067084925144827, 1.1245218399910033, 0.7298703904500333, 1.3585471257020356, -3.173531787665971, -3.1697436191107493, 2.7183706226427446, 0.9120752865260693]], "best_expectation_values": [-92.48093412843083, -94.54541450193953, -95.82109671287924, -96.14915722302517, -96.9918363469513, -97.32140340926486, -97.84669880175962]}