{"params": [0.55169802, -0.18234077, 0.05501486, 0.08278972, 0.08388057, 0.04250803, -0.06012923, 2.52946702, -1.52435277, -1.31207839, -1.92511696, 1.10652801, 0.29284095, 2.33025807], "expectation_values": [-72.10226887612782, -73.5981333818022, -73.73319981559744, -74.73907226677571, -75.05314752542029, -74.69179805268315, -75.82079953257856], "best": [[0.5573793417659312, 2.533542462572414], [0.5516980246464405, -0.1520125477543448, 2.5294670248693847, -1.5201254775434483], [0.5516980246464405, -0.18234077166159815, -0.05067084925144827, 2.5294670248693847, -1.5243527724713597, -0.3040250955086896], [0.5516980246464405, -0.18234077166159815, 0.05501486007854754, 0.05067084925144827, 2.5294670248693847, -1.5243527724713597, -1.312078385487857, -1.9254922715550344], [0.5516980246464405, -0.18234077166159815, 0.05501486007854754, 0.08278972317245975, 0.05067084925144827, 2.5294670248693847, -1.5243527724713597, -1.312078385487857, -1.925116960983593, 1.1147586835318624], [0.5516980246464405, -0.18234077166159815, 0.05501486007854754, 0.08278972317245975, 0.08388057117488518, -0.05067084925144827, 2.5294670248693847, -1.5243527724713597, -1.312078385487857, -1.925116960983593, 1.1065280084522455, 1.3174420805376554], [0.5516980246464405, -0.18234077166159815, 0.05501486007854754, 0.08278972317245975, 0.08388057117488518, 0.04250803121800337, -0.05067084925144827, 2.5294670248693847, -1.5243527724713597, -1.312078385487857, -1.925116960983593, 1.1065280084522455, 0.2928409515871165, 2.330859065566621]], "best_expectation_values": [-72.10226887612782, -73.5981333818022, -74.02529550866979, -74.73907226677571, -75.05314752542029, -75.38820018925409, -75.77600324521009]}