{"params": [-0.38114394, -0.11623125, -0.19830754, -0.10972915, -0.06466581, -0.04113702, 0.06809177, 0.06425626, 1.14817097, 1.4825074, 0.45755924, 0.32358859, 1.49455701, 0.631616], "expectation_values": [-21.775861410992764, -30.500675030198384, -35.90366677127744, -35.568313206995484, -37.742434803461045, -36.81971745548807, -37.939577356724385], "best": [[-0.9627461357775172, -1.7228088745492414], [-0.3811439426557881, 0.1520125477543448, 0.06425625565606277, -1.5201254775434483], [-0.3811439426557881, -0.11623125246739335, -0.1520125477543448, 0.06425625565606277, 1.1481709702180891, 2.1281756685608277], [-0.3811439426557881, -0.11623125246739335, -0.1983075413012298, -0.05067084925144827, 0.06425625565606277, 1.1481709702180891, 1.4825073950341696, -1.3174420805376552], [-0.3811439426557881, -0.11623125246739335, -0.1983075413012298, -0.10972915341306216, 0.05067084925144827, 0.06425625565606277, 1.1481709702180891, 1.4825073950341696, 0.4575592427511697, 2.533542462572414], [-0.3811439426557881, -0.11623125246739335, -0.1983075413012298, -0.10972915341306216, -0.06466581216742837, 0.05067084925144827, 0.06425625565606277, 1.1481709702180891, 1.4825073950341696, 0.4575592427511697, 0.32358858593646483, 2.736225859578207], [-0.3811439426557881, -0.11623125246739335, -0.1983075413012298, -0.10972915341306216, -0.06466581216742837, -0.04113702426213416, 0.05067084925144827, 0.06425625565606277, 1.1481709702180891, 1.4825073950341696, 0.4575592427511697, 0.32358858593646483, 1.4945570111152775, -1.3174420805376552]], "best_expectation_values": [-36.30779983344027, -34.52637195021168, -36.14103855774203, -36.98832793915475, -37.77286452547263, -37.92531020513246, -37.44607409852525]}