{"params": [-0.33944952, -0.0911208, -0.18392501, -0.04096674, -0.07957066, -0.18573888, -0.00266314, 0.06479689, 1.21333217, 1.50755508, 0.41073527, 0.37944903, 1.51249829, 0.62418788], "expectation_values": [-21.775861410992768, -31.150336338933858, -30.815716157639915, -33.27782910489821, -30.331201866621548, -36.84806667015796, -37.097571182375454], "best": [[-0.9627461357775172, -1.7228088745492414], [-0.3394495206701886, 0.1520125477543448, 0.0647968901422547, -1.5201254775434483], [-0.3394495206701886, -0.09112079739640468, 0.1520125477543448, 0.0647968901422547, 1.2133321655385263, -2.736225859578207], [-0.3394495206701886, -0.09112079739640468, -0.18392500546198007, 0.1520125477543448, 0.0647968901422547, 1.2133321655385263, 1.5075550815273278, -2.330859065566621], [-0.3394495206701886, -0.09112079739640468, -0.18392500546198007, -0.040966738854800344, 0.1520125477543448, 0.0647968901422547, 1.2133321655385263, 1.5075550815273278, 0.4107352675507121, -2.736225859578207], [-0.3394495206701886, -0.09112079739640468, -0.18392500546198007, -0.040966738854800344, -0.07957066038446889, -0.25335424625724134, 0.0647968901422547, 1.2133321655385263, 1.5075550815273278, 0.4107352675507121, 0.37944903177823536, 0.9120752865260693], [-0.3394495206701886, -0.09112079739640468, -0.18392500546198007, -0.040966738854800344, -0.07957066038446889, -0.1857388812457168, -0.05067084925144827, 0.0647968901422547, 1.2133321655385263, 1.5075550815273278, 0.4107352675507121, 0.37944903177823536, 1.5124982885749092, 2.533542462572414]], "best_expectation_values": [-36.30779983344027, -32.939457641568794, -34.79177136899349, -35.450699979467416, -35.70665463746379, -37.02236713327508, -37.53118480557189]}