{"params": [0.55697565, -0.17748694, 0.05351332, 0.07654555, 0.09055235, 0.04210294, -0.0715478, 2.5296409, -1.5172761, -1.31245919, -1.91781874, 1.09998016, 0.2938327, 2.3296013], "expectation_values": [-72.14890328947665, -73.58537172462893, -73.61844119630064, -74.7443092413304, -74.82806347969935, -74.82088701956965, -75.9417001030012], "best": [[0.5573793417659312, 2.533542462572414], [0.5417467794876386, -0.1520125477543448, 2.530872657726924, -1.5201254775434483], [0.5417467794876386, -0.20418455075282924, 0.05067084925144827, 2.530872657726924, -1.5203935129387396, -1.3174420805376552], [0.5417467794876386, -0.20418455075282924, 0.06946739190260277, 0.05067084925144827, 2.530872657726924, -1.5203935129387396, -1.307614983201176, -1.9254922715550344], [0.5417467794876386, -0.20418455075282924, 0.06946739190260277, 0.06667273428253394, 0.05067084925144827, 2.530872657726924, -1.5203935129387396, -1.307614983201176, -1.925635355918948, 1.5201254775434485], [0.5417467794876386, -0.20418455075282924, 0.06946739190260277, 0.06667273428253394, 0.07877941761645062, -0.05067084925144827, 2.530872657726924, -1.5203935129387396, -1.307614983201176, -1.925635355918948, 1.098877193270654, 1.3174420805376554], [0.5417467794876386, -0.20418455075282924, 0.06946739190260277, 0.06667273428253394, 0.07877941761645062, 0.0493828039879497, -0.05067084925144827, 2.530872657726924, -1.5203935129387396, -1.307614983201176, -1.925635355918948, 1.098877193270654, 0.3038996220542749, 2.330859065566621]], "best_expectation_values": [-72.14890328947665, -73.58537172462893, -73.61844119630064, -74.7443092413304, -74.892838371169, -75.35615226139008, -75.81541357871096]}