{"params": [0.90257059, 0.17048719, -0.09315888, 0.06296148, -0.08064868, 0.06404054, 0.10476577, 1.12339038, 0.7302142, 1.33174829, -3.12492794, 3.14557632, 2.67247969, 0.55518043], "expectation_values": [-92.44972611120231, -94.42266053864066, -95.75142589890504, -95.44434620916765, -95.57127297393669, -93.8968289670845, -98.39764615738908], "best": [[0.8614044372746208, 1.1147586835318624], [0.890675703143853, -0.6587210402688276, 1.1216712659058337, -1.114758683531862], [0.890675703143853, 0.17954174398574643, -0.05067084925144827, 1.1216712659058337, 0.7293954798580135, 0.9120752865260693], [0.890675703143853, 0.17954174398574643, -0.07534216200246634, -0.05067084925144827, 1.1216712659058337, 0.7293954798580135, 1.3527790239239141, -0.10134169850289654], [0.890675703143853, 0.17954174398574643, -0.07534216200246634, 0.07319452709695144, -0.05067084925144827, 1.1216712659058337, 0.7293954798580135, 1.3527790239239141, -3.1722307622185566, 1.9254922715550347], [0.890675703143853, 0.17954174398574643, -0.07534216200246634, 0.07319452709695144, -0.10446811301741164, -0.05067084925144827, 1.1216712659058337, 0.7293954798580135, 1.3527790239239141, -3.1722307622185566, -3.128976608115308, -0.10134169850289654], [0.890675703143853, 0.17954174398574643, -0.07534216200246634, 0.07319452709695144, -0.10446811301741164, 0.052481662333419846, 0.1520125477543448, 1.1216712659058337, 0.7293954798580135, 1.3527790239239141, -3.1722307622185566, -3.128976608115308, 2.6959803983839694, 0.9120752865260693]], "best_expectation_values": [-92.44972611120231, -94.47585565284678, -95.77284008853528, -96.42377886490283, -96.43203218510034, -96.46982837747802, -97.46243293973714]}