{"params": [-0.62403551, -0.52986691, -0.40253831, -0.00537946, -0.27738401, -0.0827632, -0.06649698, 0.35326065, 0.68630531, 0.78624556, 1.57163174, -0.61951985, 1.19483912, -0.09689378], "expectation_values": [-1.6871151970003524, -3.8008118769844077, -6.205573642039629, -6.124976738456012, -7.043013375104836, -7.539477790730362, -7.7067146423578965], "best": [[-0.3800313693858621, 0.5573793417659312], [-0.624035507778006, -0.3293605201344138, 0.3532606499733269, 0.8614044372746208], [-0.624035507778006, -0.5298669077593288, -0.2786896708829655, 0.3532606499733269, 0.6863053093127535, 0.8614044372746208], [-0.624035507778006, -0.5298669077593288, -0.40253831112731137, -0.17734797238006894, 0.3532606499733269, 0.6863053093127535, 0.7862455600865873, 0.8614044372746208], [-0.624035507778006, -0.5298669077593288, -0.40253831112731137, -0.005379461861094045, -0.17734797238006894, 0.3532606499733269, 0.6863053093127535, 0.7862455600865873, 1.5716317427647948, -0.6587210402688276], [-0.624035507778006, -0.5298669077593288, -0.40253831112731137, -0.005379461861094045, -0.2773840096500839, -0.12667712312862067, 0.3532606499733269, 0.6863053093127535, 0.7862455600865873, 1.5716317427647948, -0.6195198524423607, 1.1654295327833104], [-0.624035507778006, -0.5298669077593288, -0.40253831112731137, -0.005379461861094045, -0.2773840096500839, -0.08276319502777674, -0.0760062738771724, 0.3532606499733269, 0.6863053093127535, 0.7862455600865873, 1.5716317427647948, -0.6195198524423607, 1.1948391200735773, -0.1520125477543448]], "best_expectation_values": [-3.8514483724967605, -5.352384046105554, -6.643084850340805, -7.258958891512581, -7.269341584167009, -7.68994104161719, -7.704583348093092]}