{"params": [-0.59751774, -0.48894424, -0.37331626, 0.15574713, 0.01084667, -0.40437148, -0.13039783, 0.33403832, 0.69223299, 0.83371194, 1.20428687, 1.31096204, -1.45221411, 1.10289171], "expectation_values": [-2.3876064371502217, -4.023664531734411, -5.884107204337957, -3.3189642972996647, -3.729743147561421, -7.142897559906801, -7.633027611319546], "best": [[-0.3800313693858621, 0.5573793417659312], [-0.5975177434489767, -0.3293605201344138, 0.3340383174103123, 0.8614044372746208], [-0.5975177434489767, -0.4889442410468417, -0.2786896708829655, 0.3340383174103123, 0.6922329940588378, 0.9627461357775173], [-0.5975177434489767, -0.4889442410468417, -0.37331626091500136, -0.17734797238006894, 0.3340383174103123, 0.6922329940588378, 0.8337119382546421, 0.9627461357775173], [-0.5975177434489767, -0.4889442410468417, -0.37331626091500136, 0.15574712824100917, -0.3293605201344138, 0.3340383174103123, 0.6922329940588378, 0.8337119382546421, 1.2042868667598918, -0.1520125477543448], [-0.5975177434489767, -0.4889442410468417, -0.37331626091500136, 0.15574712824100917, 0.010846669346131954, -0.3293605201344138, 0.3340383174103123, 0.6922329940588378, 0.8337119382546421, 1.2042868667598918, 1.3109620399177067, -1.469454628292], [-0.5975177434489767, -0.4889442410468417, -0.37331626091500136, 0.15574712824100917, 0.010846669346131954, -0.40437148151963404, -0.12667712312862067, 0.3340383174103123, 0.6922329940588378, 0.8337119382546421, 1.2042868667598918, 1.3109620399177067, -1.4522141125813464, 1.0640878342804139]], "best_expectation_values": [-4.2786723597278575, -5.492897349590639, -6.431302909715207, -7.142691503559707, -7.183497350955088, -7.173621998866362, -7.62751801516478]}