{"params": [-0.60556148, -0.50566436, -0.40841155, -0.03312412, 0.21253186, 0.1916848, 0.11655107, 0.34956609, 0.69510965, 0.83096133, -0.94002177, -1.1783507, 1.33790754, -0.98956128], "expectation_values": [-2.189928239617161, -3.5252743671808577, -4.887144260970772, -5.038251222958196, -6.213495980591592, -6.63473271886094, -7.0008789828561], "best": [[-0.3800313693858621, 0.5573793417659312], [-0.6055614785752558, -0.3293605201344138, 0.34956609190961646, 0.8614044372746208], [-0.6055614785752558, -0.5056643625121986, -0.2786896708829655, 0.34956609190961646, 0.6951096459525676, 0.9627461357775173], [-0.6055614785752558, -0.5056643625121986, -0.40841155499806014, -0.2280188216315172, 0.34956609190961646, 0.6951096459525676, 0.830961327537829, 0.9627461357775173], [-0.6055614785752558, -0.5056643625121986, -0.40841155499806014, -0.033124121614554254, 0.22801882163151732, 0.34956609190961646, 0.6951096459525676, 0.830961327537829, -0.9400217709227644, -1.266771231286207], [-0.6055614785752558, -0.5056643625121986, -0.40841155499806014, -0.033124121614554254, 0.21253186186424097, 0.12667712312862067, 0.34956609190961646, 0.6951096459525676, 0.830961327537829, -0.9400217709227644, -1.1783506982054914, 1.266771231286207], [-0.6055614785752558, -0.5056643625121986, -0.40841155499806014, -0.033124121614554254, 0.21253186186424097, 0.19168480021572612, 0.12667712312862067, 0.34956609190961646, 0.6951096459525676, 0.830961327537829, -0.9400217709227644, -1.1783506982054914, 1.3379075446953768, -0.9627461357775172]], "best_expectation_values": [-3.8514483724967614, -4.898157427568723, -5.713726286900061, -6.4073152080213704, -6.27352961956561, -6.736515588307773, -6.996305957782363]}