{"params": [-1.04595098, 0.18620585, -0.0921674, -0.12804275, -0.10369619, -0.10936425, -0.0867628, -1.71832488, 2.48511237, -2.51248929, -0.11308336, -0.25055874, 0.47572638, -0.33433198], "expectation_values": [-35.96110707599958, -37.11236183612375, -37.29261974457458, -36.396880206351724, -37.56959529057629, -37.343726850304485, -39.414505385335666], "best": [[-0.9627461357775172, -1.7228088745492414], [-1.0459509785883871, -0.1520125477543448, -1.7183248830093238, -0.3040250955086896], [-1.0459509785883871, 0.18620584741504997, -0.05067084925144827, -1.7183248830093238, 2.485112365690905, -2.533542462572414], [-1.0459509785883871, 0.18620584741504997, -0.09216739882177777, -0.05067084925144827, -1.7183248830093238, 2.485112365690905, -2.51248929106263, -0.10134169850289654], [-1.0459509785883871, 0.18620584741504997, -0.09216739882177777, -0.12804275430815423, 0.05067084925144827, -1.7183248830093238, 2.485112365690905, -2.51248929106263, -0.11308336385504505, 2.533542462572414], [-1.0459509785883871, 0.18620584741504997, -0.09216739882177777, -0.12804275430815423, -0.10369619333541243, -0.05067084925144827, -1.7183248830093238, 2.485112365690905, -2.51248929106263, -0.11308336385504505, -0.25055874392776945, -0.10134169850289654], [-1.0459509785883871, 0.18620584741504997, -0.09216739882177777, -0.12804275430815423, -0.10369619333541243, -0.10936424528623702, -0.05067084925144827, -1.7183248830093238, 2.485112365690905, -2.51248929106263, -0.11308336385504505, -0.25055874392776945, 0.4757263752120618, -0.9120752865260688]], "best_expectation_values": [-36.30779983344024, -37.1430994517703, -37.29261974457458, -37.448838990172696, -37.96275182845323, -37.952146041457226, -39.12187689743092]}