{"params": [0.05755566, 0.22273586, 0.35875226, 0.31100181, 0.2086465, -0.51531475, -0.87118299, 0.26023497, 0.29143848, 0.27095013, -0.0956475, 0.16035476, 0.51860252, 0.72597565], "expectation_values": [0.05804882847233254, 0.5508411390187948, 1.2509786360268502, 1.1577668205760099, 0.9316849955936773, 0.1514742466433766, -1.2185168722879747], "best": [[0.6587210402688277, -1.3174420805376552], [0.05755566341004576, 0.7600627387717243, 0.26023497311825455, -1.5201254775434483], [0.05755566341004576, 0.22273585872215085, -0.8614044372746207, 0.26023497311825455, 0.29143847833275754, 0.7093918895202758], [0.05755566341004576, 0.22273585872215085, 0.3587522605104577, -1.1654295327833104, 0.26023497311825455, 0.29143847833275754, 0.27095012920539496, 0.7093918895202758], [0.05755566341004576, 0.22273585872215085, 0.3587522605104577, 0.3110018141809324, -1.1654295327833104, 0.26023497311825455, 0.29143847833275754, 0.27095012920539496, -0.09564749582246941, 1.3174420805376554], [0.05755566341004576, 0.22273585872215085, 0.3587522605104577, 0.3110018141809324, 0.20864649778583746, 1.1654295327833104, 0.26023497311825455, 0.29143847833275754, 0.27095012920539496, -0.09564749582246941, 0.16035476075930594, -0.9120752865260688], [0.05755566341004576, 0.22273585872215085, 0.3587522605104577, 0.3110018141809324, 0.20864649778583746, -0.5153147528047924, -0.8614044372746207, 0.26023497311825455, 0.29143847833275754, 0.27095012920539496, -0.09564749582246941, 0.16035476075930594, 0.5186025248287917, 0.7093918895202758]], "best_expectation_values": [-1.1133203174085617, -1.110792871886844, -1.1210165926456532, -1.1548290430203716, -1.1896725786918305, -1.1377248499394816, -1.2185679249492476]}