{"params": [-0.18699011, -0.04550251, -0.33018151, -0.23595709, -0.13380619, -0.05686894, -0.25636267, 1.09068734, 1.14165554, 0.25035124, 1.36621123, 0.468853, 0.49960427, 0.5650788], "expectation_values": [-3.722757112513743, -14.75340103282785, -24.063862227618046, 8.667491318368953, -44.13735868727002, -42.00574269572321, -53.344479445928314], "best": [[0.8614044372746208, 1.9254922715550347], [-0.18699011112073796, -0.6587210402688276, 1.0906873433779865, -2.533542462572414], [-0.18699011112073796, -0.04550251382271266, 0.45603764326303464, 1.0906873433779865, 1.141655538212978, -0.3040250955086896], [-0.18699011112073796, -0.04550251382271266, -0.3301815129379967, 0.5573793417659312, 1.0906873433779865, 1.141655538212978, 0.25035124119775415, -1.5201254775434483], [-0.18699011112073796, -0.04550251382271266, -0.3301815129379967, -0.23595708546045258, -0.3546959447601379, 1.0906873433779865, 1.141655538212978, 0.25035124119775415, 1.3662112271494873, 0.5067084925144827], [-0.18699011112073796, -0.04550251382271266, -0.3301815129379967, -0.23595708546045258, -0.13380619279433473, 0.25335424625724134, 1.0906873433779865, 1.141655538212978, 0.25035124119775415, 1.3662112271494873, 0.4688529980195519, -2.330859065566621], [-0.18699011112073796, -0.04550251382271266, -0.3301815129379967, -0.23595708546045258, -0.13380619279433473, -0.05686893793892141, 0.25335424625724134, 1.0906873433779865, 1.141655538212978, 0.25035124119775415, 1.3662112271494873, 0.4688529980195519, 0.4996042738329398, -2.330859065566621]], "best_expectation_values": [-52.51520737903253, -47.889429469365126, -46.73023760641653, -49.320349464112475, -50.55588874471058, -52.64420851300226, -53.0416140382478]}