{"params": [-0.35080393, -0.08425898, -0.23884922, -0.21614118, -0.092472, -0.10853885, -0.09991222, 1.04329215, 1.10745296, 1.28669943, 1.3899124, 0.48276666, 0.53431478, 0.55854624], "expectation_values": [-6.801494679079979, -37.4126971758417, -4.969973974159937, 10.315384123264742, -45.645547182170944, -50.14242384511729, -53.9724590051709], "best": [[0.8614044372746208, 1.9254922715550347], [-0.35080393341006216, 0.25335424625724134, 1.0432921516344071, 0.9120752865260693], [-0.35080393341006216, -0.0842589795191497, 0.25335424625724134, 1.0432921516344071, 1.1074529610510497, -0.7093918895202758], [-0.35080393341006216, -0.0842589795191497, -0.23884921675187537, 0.45603764326303464, 1.0432921516344071, 1.1074529610510497, 1.2866994333349295, -0.5067084925144827], [-0.35080393341006216, -0.0842589795191497, -0.23884921675187537, -0.21614117975131414, -0.25335424625724134, 1.0432921516344071, 1.1074529610510497, 1.2866994333349295, 1.389912402627044, 0.5067084925144827], [-0.35080393341006216, -0.0842589795191497, -0.23884921675187537, -0.21614117975131414, -0.09247199717341167, 0.1520125477543448, 1.0432921516344071, 1.1074529610510497, 1.2866994333349295, 1.389912402627044, 0.4827666592001634, -2.330859065566621], [-0.35080393341006216, -0.0842589795191497, -0.23884921675187537, -0.21614117975131414, -0.09247199717341167, -0.108538847991098, 0.1520125477543448, 1.0432921516344071, 1.1074529610510497, 1.2866994333349295, 1.389912402627044, 0.4827666592001634, 0.5343147771711131, -2.330859065566621]], "best_expectation_values": [-52.497968570494876, -45.70140236896526, -49.47575850035539, -48.147314995243946, -52.98748600432477, -53.477587347514046, -53.68741707203036]}