{"params": [-1.06773724, 0.18841019, -0.06032857, -0.1247579, -0.11019781, -0.11373828, -0.08812787, -1.71731872, 2.50036731, -2.51430512, -0.11018857, -0.26443102, 0.47621863, -0.32304889], "expectation_values": [-35.96110707599961, -37.10687282179215, -37.19947716502584, -36.17628039027134, -37.27245453142553, -37.42644878707147, -39.368459636551364], "best": [[-0.9627461357775172, -1.7228088745492414], [-1.0677372447474365, -0.1520125477543448, -1.7173187224992452, -0.3040250955086896], [-1.0677372447474365, 0.18841019260097988, -0.05067084925144827, -1.7173187224992452, 2.500367312514159, -2.533542462572414], [-1.0677372447474365, 0.18841019260097988, -0.06032857371365136, 0.05067084925144827, -1.7173187224992452, 2.500367312514159, -2.514305120147628, 2.736225859578207], [-1.0677372447474365, 0.18841019260097988, -0.06032857371365136, -0.12475790015894633, 0.05067084925144827, -1.7173187224992452, 2.500367312514159, -2.514305120147628, -0.110188565440387, 2.533542462572414], [-1.0677372447474365, 0.18841019260097988, -0.06032857371365136, -0.12475790015894633, -0.11019780927608006, -0.05067084925144827, -1.7173187224992452, 2.500367312514159, -2.514305120147628, -0.110188565440387, -0.2644310188284117, -0.10134169850289654], [-1.0677372447474365, 0.18841019260097988, -0.06032857371365136, -0.12475790015894633, -0.11019780927608006, -0.11373828339228657, 0.05067084925144827, -1.7173187224992452, 2.500367312514159, -2.514305120147628, -0.110188565440387, -0.2644310188284117, 0.47621862923788183, 2.533542462572414]], "best_expectation_values": [-36.307799833440285, -37.14072845856016, -37.19947716502584, -37.41633674139992, -37.69086388869357, -37.769692610722664, -39.13520163362407]}