{"params": [-0.59179188, -0.49028331, -0.37483334, -0.24629216, -0.03649133, -0.07560459, -0.03814897, 0.36554173, 0.75374129, 0.84854068, 1.05799216, 1.1775517, 0.1280953, -0.34379219], "expectation_values": [-1.7868378111742966, -3.101039209641289, -4.426576944879554, -5.518768729112864, -5.6654223598776134, -6.014947303385095, -6.064147272079456], "best": [[-0.3800313693858621, 0.5573793417659312], [-0.5917918806621046, -0.2786896708829655, 0.36554173417845737, 0.8614044372746208], [-0.5917918806621046, -0.4902833128341444, -0.2786896708829655, 0.36554173417845737, 0.7537412902597567, 0.9627461357775173], [-0.5917918806621046, -0.4902833128341444, -0.3748333352565943, -0.17734797238006894, 0.36554173417845737, 0.7537412902597567, 0.848540676103228, 0.9627461357775173], [-0.5917918806621046, -0.4902833128341444, -0.3748333352565943, -0.24629216120510128, -0.12667712312862067, 0.36554173417845737, 0.7537412902597567, 0.848540676103228, 1.0579921569231494, 1.1654295327833104], [-0.5917918806621046, -0.4902833128341444, -0.3748333352565943, -0.24629216120510128, -0.036491329662764214, -0.12667712312862067, 0.36554173417845737, 0.7537412902597567, 0.848540676103228, 1.0579921569231494, 1.177551698611947, 0.05067084925144827], [-0.5917918806621046, -0.4902833128341444, -0.3748333352565943, -0.24629216120510128, -0.036491329662764214, -0.07560458819825362, -0.025335424625724134, 0.36554173417845737, 0.7537412902597567, 0.848540676103228, 1.0579921569231494, 1.177551698611947, 0.1280952989756069, -0.4560376432630344]], "best_expectation_values": [-3.4210081415572184, -4.26056559954172, -4.979019584870245, -5.547891401599609, -6.043281621855493, -6.0379597964230785, -6.059914328746164]}