{"params": [-0.62351305, -0.5190497, -0.33366232, -0.18153071, 0.02089324, -0.17117479, -0.09291582, 0.38452104, 0.72978173, 0.80881711, 1.16608253, 0.17159092, 0.91916152, -1.33337576], "expectation_values": [-2.0936726479943646, -4.069990218164064, -6.248114705840167, -7.011596978322528, -7.074384642527205, -7.770345393513675, -8.014721832083], "best": [[-0.3800313693858621, 0.6587210402688277], [-0.6235130453746247, -0.3293605201344138, 0.38452103797705145, 0.8614044372746208], [-0.6235130453746247, -0.5190497036756686, -0.2786896708829655, 0.38452103797705145, 0.7297817334284602, 0.9627461357775173], [-0.6235130453746247, -0.5190497036756686, -0.3336623162324244, -0.17734797238006894, 0.38452103797705145, 0.7297817334284602, 0.8088171134359186, 0.8614044372746208], [-0.6235130453746247, -0.5190497036756686, -0.3336623162324244, -0.18153071231583473, -0.17734797238006894, 0.38452103797705145, 0.7297817334284602, 0.8088171134359186, 1.166082530835529, 1.266771231286207], [-0.6235130453746247, -0.5190497036756686, -0.3336623162324244, -0.18153071231583473, 0.02089323599352142, -0.12667712312862067, 0.38452103797705145, 0.7297817334284602, 0.8088171134359186, 1.166082530835529, 0.17159092116121683, 1.0640878342804139], [-0.6235130453746247, -0.5190497036756686, -0.3336623162324244, -0.18153071231583473, 0.02089323599352142, -0.171174788316754, -0.0760062738771724, 0.38452103797705145, 0.7297817334284602, 0.8088171134359186, 1.166082530835529, 0.17159092116121683, 0.9191615169399427, -1.266771231286207]], "best_expectation_values": [-4.58729605430226, -5.863870602805115, -6.803590821334351, -7.410019646745489, -7.8827525074173845, -7.847206457874874, -8.00809848283074]}