{"params": [1.19609668, 0.26057843, 0.86382156, 0.16742333, 0.24591581, 0.28980584, 0.3131474, 0.28274403, 0.34420617, 0.03355034, 1.19838433, 0.33166937, 0.04070244, 0.0408345, 0.02021991, -0.14871548, 0.02329473, 0.0203142, 0.08714851, 0.08706688, 0.56208221, -0.34462306, 0.0374869, 0.03321363, -0.01273855, 0.1626786, 0.10537522, -0.22700213, 1.18318218, 0.14580178, 0.29325497, 0.43474308, 0.13985805, 0.3217309, 0.46818057, 0.3380537, 0.52162082, 0.27971347, 0.50411533, 0.59563408, 0.41433511, 1.67196718], "expectation_values": [0.17663849612738977, -1.4354488241424048, 0.5328952583910476, -0.9855303595669994, 2.4350929083718635, -1.2985869589241263, 2.511795650558681, 2.4298850608219733, 1.4637313686901894, 1.924530239770535, -0.33103823369963287], "best": [[-0.3800313693858621, 0.5573793417659312], [1.1960966777164086, 0.2605784313912433, 0.48137306788875867, -0.34462305879096145, 0.03748690157266207, -0.25335424625724134], [1.1960966777164086, 0.2605784313912433, 0.8638215621400082, 0.16742333393481626, -0.43070221863731034, -0.34462305879096145, 0.03748690157266207, 0.03321363335283899, -0.012738548325219355, 0.3546959447601379], [1.1960966777164086, 0.2605784313912433, 0.8638215621400082, 0.16742333393481626, 0.24591581270846619, 0.2898058430567115, 0.5827147663916552, -0.34462305879096145, 0.03748690157266207, 0.03321363335283899, -0.012738548325219355, 0.16267860392439304, 0.10537522051960173, -0.1520125477543448], [1.1960966777164086, 0.2605784313912433, 0.8638215621400082, 0.16742333393481626, 0.24591581270846619, 0.2898058430567115, 0.31314739952012677, 0.282744029951774, -0.6333856156431035, -0.34462305879096145, 0.03748690157266207, 0.03321363335283899, -0.012738548325219355, 0.16267860392439304, 0.10537522051960173, -0.22700212637105913, 1.183182183229075, -0.1520125477543448], [1.1960966777164086, 0.2605784313912433, 0.8638215621400082, 0.16742333393481626, 0.24591581270846619, 0.2898058430567115, 0.31314739952012677, 0.282744029951774, 0.34420617462577874, 0.03355034180584155, 0.5827147663916552, -0.34462305879096145, 0.03748690157266207, 0.03321363335283899, -0.012738548325219355, 0.16267860392439304, 0.10537522051960173, -0.22700212637105913, 1.183182183229075, 0.14580177711026054, 0.29325497347394747, -0.4560376432630344], [1.1960966777164086, 0.2605784313912433, 0.8638215621400082, 0.16742333393481626, 0.24591581270846619, 0.2898058430567115, 0.31314739952012677, 0.282744029951774, 0.34420617462577874, 0.03355034180584155, 1.1983843295374743, 0.3316693668503645, 0.6333856156431035, -0.34462305879096145, 0.03748690157266207, 0.03321363335283899, -0.012738548325219355, 0.16267860392439304, 0.10537522051960173, -0.22700212637105913, 1.183182183229075, 0.14580177711026054, 0.29325497347394747, 0.43474307883799634, 0.13985804765946253, -1.0640878342804139], [1.1960966777164086, 0.2605784313912433, 0.8638215621400082, 0.16742333393481626, 0.24591581270846619, 0.2898058430567115, 0.31314739952012677, 0.282744029951774, 0.34420617462577874, 0.03355034180584155, 1.1983843295374743, 0.3316693668503645, 0.040702440141659496, 0.04083449611655252, -0.6333856156431035, -0.34462305879096145, 0.03748690157266207, 0.03321363335283899, -0.012738548325219355, 0.16267860392439304, 0.10537522051960173, -0.22700212637105913, 1.183182183229075, 0.14580177711026054, 0.29325497347394747, 0.43474307883799634, 0.13985804765946253, 0.3217308987988905, 0.46818056744767556, 1.266771231286207], [1.1960966777164086, 0.2605784313912433, 0.8638215621400082, 0.16742333393481626, 0.24591581270846619, 0.2898058430567115, 0.31314739952012677, 0.282744029951774, 0.34420617462577874, 0.03355034180584155, 1.1983843295374743, 0.3316693668503645, 0.040702440141659496, 0.04083449611655252, 0.020219909110293317, -0.14871547754028075, -0.4813730678887586, -0.34462305879096145, 0.03748690157266207, 0.03321363335283899, -0.012738548325219355, 0.16267860392439304, 0.10537522051960173, -0.22700212637105913, 1.183182183229075, 0.14580177711026054, 0.29325497347394747, 0.43474307883799634, 0.13985804765946253, 0.3217308987988905, 0.46818056744767556, 0.3380537018518281, 0.5216208154168408, 0.3546959447601379], [1.1960966777164086, 0.2605784313912433, 0.8638215621400082, 0.16742333393481626, 0.24591581270846619, 0.2898058430567115, 0.31314739952012677, 0.282744029951774, 0.34420617462577874, 0.03355034180584155, 1.1983843295374743, 0.3316693668503645, 0.040702440141659496, 0.04083449611655252, 0.020219909110293317, -0.14871547754028075, 0.02329473230511867, 0.020314199685213873, -0.5320439171402069, -0.34462305879096145, 0.03748690157266207, 0.03321363335283899, -0.012738548325219355, 0.16267860392439304, 0.10537522051960173, -0.22700212637105913, 1.183182183229075, 0.14580177711026054, 0.29325497347394747, 0.43474307883799634, 0.13985804765946253, 0.3217308987988905, 0.46818056744767556, 0.3380537018518281, 0.5216208154168408, 0.27971346801748076, 0.5041153286346022, -0.3546959447601379], [1.1960966777164086, 0.2605784313912433, 0.8638215621400082, 0.16742333393481626, 0.24591581270846619, 0.2898058430567115, 0.31314739952012677, 0.282744029951774, 0.34420617462577874, 0.03355034180584155, 1.1983843295374743, 0.3316693668503645, 0.040702440141659496, 0.04083449611655252, 0.020219909110293317, -0.14871547754028075, 0.02329473230511867, 0.020314199685213873, 0.08714850683536998, 0.08706688380534074, -0.5320439171402069, -0.34462305879096145, 0.03748690157266207, 0.03321363335283899, -0.012738548325219355, 0.16267860392439304, 0.10537522051960173, -0.22700212637105913, 1.183182183229075, 0.14580177711026054, 0.29325497347394747, 0.43474307883799634, 0.13985804765946253, 0.3217308987988905, 0.46818056744767556, 0.3380537018518281, 0.5216208154168408, 0.27971346801748076, 0.5041153286346022, 0.5956340777289962, 0.4143351082634339, -1.469454628292]], "best_expectation_values": [-3.7079682955169138, -3.5540538837864, -4.174060594726067, -4.458115936742331, -5.63468048534329, -4.836711177870589, -5.468774238938435, -4.816934681630254, -4.617529820588973, -4.698782149123735, -6.493877000578277]}