{"params": [-0.31183533, -0.04916082, -0.19959731, -0.08819729, -0.07555502, -0.13671941, -0.05877955, 0.071529, 1.16804861, 1.54650965, 0.44493992, 0.35608349, 1.53253664, 0.58039537], "expectation_values": [-21.775861410992768, -29.621040238302538, -33.89408545502423, -32.44365029727268, -31.300836139342117, -37.11322959494815, -37.350352924833096], "best": [[-0.9627461357775172, -1.7228088745492414], [-0.31183533267884816, -0.1520125477543448, 0.07152899799374933, 1.9254922715550347], [-0.31183533267884816, -0.049160824200507755, -0.1520125477543448, 0.07152899799374933, 1.1680486081847934, 2.1281756685608277], [-0.31183533267884816, -0.049160824200507755, -0.19959730889942984, -0.25335424625724134, 0.07152899799374933, 1.1680486081847934, 1.546509653499945, 1.1147586835318624], [-0.31183533267884816, -0.049160824200507755, -0.19959730889942984, -0.08819729029228345, -0.1520125477543448, 0.07152899799374933, 1.1680486081847934, 1.546509653499945, 0.44493991559330365, 0.10134169850289654], [-0.31183533267884816, -0.049160824200507755, -0.19959730889942984, -0.08819729029228345, -0.0755550206548769, 0.1520125477543448, 0.07152899799374933, 1.1680486081847934, 1.546509653499945, 0.44493991559330365, 0.35608349460074495, -1.3174420805376552], [-0.31183533267884816, -0.049160824200507755, -0.19959730889942984, -0.08819729029228345, -0.0755550206548769, -0.1367194055561197, 0.05067084925144827, 0.07152899799374933, 1.1680486081847934, 1.546509653499945, 0.44493991559330365, 0.35608349460074495, 1.532536643152967, -0.3040250955086896]], "best_expectation_values": [-36.307799833440285, -30.507037660279444, -34.08964990023564, -35.81512176838755, -35.13211431548513, -37.15665937451809, -37.60129911814071]}