{"params": [-0.58159153, -0.47174502, -0.35929443, -0.13046752, -0.12220329, -0.16425363, 0.01932838, 0.3574083, 0.73917729, 0.82396434, 0.94075098, 0.30557538, 1.06542351, -0.06020949], "expectation_values": [-1.5891596136412358, -2.656549277646706, -3.8401098671566776, -4.6491250824271715, -4.710698768276189, -5.2050207587068265, -5.230926896789979], "best": [[-0.3800313693858621, 0.5573793417659312], [-0.5815915297735156, -0.2786896708829655, 0.3574082982514315, 0.8614044372746208], [-0.5815915297735156, -0.471745017311687, -0.2786896708829655, 0.3574082982514315, 0.7391772856180777, 0.9627461357775173], [-0.5815915297735156, -0.471745017311687, -0.35929442563546893, -0.17734797238006894, 0.3574082982514315, 0.7391772856180777, 0.8239643444749373, 0.9627461357775173], [-0.5815915297735156, -0.471745017311687, -0.35929442563546893, -0.1304675193745557, -0.12667712312862067, 0.3574082982514315, 0.7391772856180777, 0.8239643444749373, 0.9407509779429852, 1.469454628292], [-0.5815915297735156, -0.471745017311687, -0.35929442563546893, -0.1304675193745557, -0.12220329301566171, -0.12667712312862067, 0.3574082982514315, 0.7391772856180777, 0.8239643444749373, 0.9407509779429852, 0.3055753817446606, 1.0640878342804139], [-0.5815915297735156, -0.471745017311687, -0.35929442563546893, -0.1304675193745557, -0.12220329301566171, -0.1642536263031023, -0.025335424625724134, 0.3574082982514315, 0.7391772856180777, 0.8239643444749373, 0.9407509779429852, 0.3055753817446606, 1.0654235097061453, 1.0640878342804139]], "best_expectation_values": [-2.9937841543261228, -3.7196343903628732, -4.324716437870081, -4.742126361550917, -4.894220113601821, -5.222323174091429, -5.25042130086221]}