{"params": [-0.59006255, -0.46500408, -0.22860378, 0.1512395, 0.12291735, 0.1144401, -0.067766, 0.3891995, 0.7856178, 0.77104451, -0.93824183, -1.15976568, -0.04957311, 0.10253748], "expectation_values": [-1.9212012873219178, -3.4165965431819756, -5.032670008357412, -5.376010216188145, -6.0978993366859, -5.99114697695635, -6.164225527429759], "best": [[-0.3800313693858621, 0.5573793417659312], [-0.5900625540803113, -0.2786896708829655, 0.3891994987667163, 0.8614044372746208], [-0.5900625540803113, -0.46500407786439907, -0.2280188216315172, 0.3891994987667163, 0.7856178031065408, 0.9627461357775173], [-0.5900625540803113, -0.46500407786439907, -0.22860377712366078, -0.12667712312862067, 0.3891994987667163, 0.7856178031065408, 0.7710445055445874, 0.6587210402688277], [-0.5900625540803113, -0.46500407786439907, -0.22860377712366078, 0.151239502214477, 0.17734797238006894, 0.3891994987667163, 0.7856178031065408, 0.7710445055445874, -0.938241833313569, -1.266771231286207], [-0.5900625540803113, -0.46500407786439907, -0.22860377712366078, 0.151239502214477, 0.12291734517688094, 0.0760062738771724, 0.3891994987667163, 0.7856178031065408, 0.7710445055445874, -0.938241833313569, -1.1597656808324999, -0.25335424625724134], [-0.5900625540803113, -0.46500407786439907, -0.22860377712366078, 0.151239502214477, 0.12291734517688094, 0.11444010399088764, -0.0760062738771724, 0.3891994987667163, 0.7856178031065408, 0.7710445055445874, -0.938241833313569, -1.1597656808324999, -0.049573106308131276, 0.05067084925144827]], "best_expectation_values": [-3.5644882185370665, -4.554931716471171, -5.401600929153998, -5.628103794433606, -6.157026724848767, -6.151702034014588, -6.160115872802641]}