{"params": [-0.0293899228, 0.698131861, 0.873690631, -0.161199027, -0.21043061, -0.142784344, -0.213310797, -0.0893206517, 1.40643306, -0.000731276076, 0.518585073, 0.387773098, 1.48255075, 0.386093355], "expectation_values": [-1.7623603994193504, 30.606267388374604, -4.057308395159114, -51.33151117423585, -43.53124051126724, -83.26299430961674, -95.38584290739635], "best": [[0.8614044372746208, 1.1147586835318624], [-0.02938992277497731, 0.9627461357775173, -0.08932065168866746, 1.9254922715550347], [-0.02938992277497731, 0.6981318605838635, -1.0640878342804139, -0.08932065168866746, 1.4064330584426983, -2.938909256584], [-0.02938992277497731, 0.6981318605838635, 0.8736906312554444, 0.6587210402688277, -0.08932065168866746, 1.4064330584426983, -0.0007312760760884459, -1.3174420805376552], [-0.02938992277497731, 0.6981318605838635, 0.8736906312554444, -0.1611990269283695, -0.8614044372746207, -0.08932065168866746, 1.4064330584426983, -0.0007312760760884459, 0.5185850725451437, 1.1147586835318624], [-0.02938992277497731, 0.6981318605838635, 0.8736906312554444, -0.1611990269283695, -0.21043061042936756, -0.7600627387717241, -0.08932065168866746, 1.4064330584426983, -0.0007312760760884459, 0.5185850725451437, 0.38777309755526695, 0.7093918895202758], [-0.02938992277497731, 0.6981318605838635, 0.8736906312554444, -0.1611990269283695, -0.21043061042936756, -0.1427843441344954, 0.1520125477543448, -0.08932065168866746, 1.4064330584426983, -0.0007312760760884459, 0.5185850725451437, 0.38777309755526695, 1.4825507518247563, -2.938909256584]], "best_expectation_values": [-92.47053145602126, -93.18179180252656, -8.238561069795153, -93.93167263730189, -94.22905855766304, -94.36410133148549, -94.74830521531797]}