{"params": [0.860457125936857, -1.2175011021628594, 2.8442514880828464, 4.904378234659768], "expectation_values": [0.5505951969811466, -0.4779249077068953], "best": [[0.6587210402688277, -3.141592653589793], [0.860457125936857, -1.3681129297891035, 2.8442514880828464, 3.141592653589793]], "best_expectation_values": [-0.41652775233765094, -0.45197032600995946]}