{"params": [-0.003156173996432286, -0.6465575106912619, 0.2779717103296483, -1.1498054742453871], "expectation_values": [0.5681239089260481, -13.065281105170662], "best": [[0.5573793417659312, 2.736225859578207], [-0.003156173996432286, -1.0640878342804139, 0.2779717103296483, -2.1281756685608277]], "best_expectation_values": [-12.893060020423215, -12.966419801848422]}