{"params": [-0.33454383, -0.15692097, -0.22408336, -0.00934342, -0.28988354, 0.10712754, 0.04761877, 0.04059311, 0.22042081, 0.31709927, 0.33729373, 0.41361139, 0.27454561, 1.62410556], "expectation_values": [-7.311034386797136, -39.53081360535806, -56.21734521805672, -60.88929411789647, -52.66025269196676, -68.66632264148181, -70.94343537713769], "best": [[0.5573793417659312, 2.533542462572414], [-0.33454383047436953, 0.25335424625724134, 0.04059311105801325, 0.3040250955086896], [-0.33454383047436953, -0.15692096596350164, 0.25335424625724134, 0.04059311105801325, 0.22042081473547662, 0.5067084925144827], [-0.33454383047436953, -0.15692096596350164, -0.2240833615453294, -0.3546959447601379, 0.04059311105801325, 0.22042081473547662, 0.3170992690331608, 0.3040250955086896], [-0.33454383047436953, -0.15692096596350164, -0.2240833615453294, -0.009343423513338289, 0.25335424625724134, 0.04059311105801325, 0.22042081473547662, 0.3170992690331608, 0.33729373364464127, -2.938909256584], [-0.33454383047436953, -0.15692096596350164, -0.2240833615453294, -0.009343423513338289, -0.28988353777719417, -0.05067084925144827, 0.04059311105801325, 0.22042081473547662, 0.3170992690331608, 0.33729373364464127, 0.41361139290606014, 2.330859065566621], [-0.33454383047436953, -0.15692096596350164, -0.2240833615453294, -0.009343423513338289, -0.28988353777719417, 0.10712753760758699, 0.05067084925144827, 0.04059311105801325, 0.22042081473547662, 0.3170992690331608, 0.33729373364464127, 0.41361139290606014, 0.2745456100952076, -2.938909256584]], "best_expectation_values": [-72.14890328947664, -72.0564229499155, -65.40242157205135, -69.7528069233719, -69.8208839441127, -71.29053619445811, -71.20557223450979]}