{"params": [1.61308877, 1.64253103, 0.05513668, 0.26585544, 0.29330629, 0.13443987, 0.27096002, 0.07575403, 0.19643143, 0.325746, 0.01231094, 1.3711332, 0.06270626, -0.07224595, 0.143818, 0.0881429, 0.06229107, 0.08011318, -0.13917008, 0.05573517, 0.85864715, 0.03405369, -0.03617972, 0.24154091, 0.08653406, 0.07105098, -0.00925621, 0.02614786, 0.23425555, 0.41492319, 0.05644624, 0.33129565, 0.29903503, 0.38897467, 0.41050366, 0.50393765, 0.49049494, 0.34030752, 0.45131845, 0.51202268, 0.91734423, 1.39477788], "expectation_values": [-2.883977778811442e-17, 0.3605619192539489, 2.2190927018301854, -0.7507617260605999, 0.06572657575426788, 2.3584992419382838, 1.353442435962141, 1.6614771620572155, 1.938456489705455, 1.925835293015296, 0.46892764766299133], "best": [[-0.3293605201344138, 0.5573793417659312], [1.613088771259617, 1.6425310329278189, 0.38003136938586213, 0.03405369391000479, -0.036179721325875325, -0.557379341765931], [1.613088771259617, 1.6425310329278189, 0.05513668128541143, 0.265855439529602, 0.5827147663916552, 0.03405369391000479, -0.036179721325875325, 0.2415409066462066, 0.08653405575941531, -0.4560376432630344], [1.613088771259617, 1.6425310329278189, 0.05513668128541143, 0.265855439529602, 0.29330628883083515, 0.1344398680565228, 0.4307022186373104, 0.03405369391000479, -0.036179721325875325, 0.2415409066462066, 0.08653405575941531, 0.07105097532067185, -0.00925620555317804, -0.25335424625724134], [1.613088771259617, 1.6425310329278189, 0.05513668128541143, 0.265855439529602, 0.29330628883083515, 0.1344398680565228, 0.27096002076661346, 0.07575403220179654, -0.3293605201344138, 0.03405369391000479, -0.036179721325875325, 0.2415409066462066, 0.08653405575941531, 0.07105097532067185, -0.00925620555317804, 0.026147856368044557, 0.23425555191770772, 0.5573793417659312], [1.613088771259617, 1.6425310329278189, 0.05513668128541143, 0.265855439529602, 0.29330628883083515, 0.1344398680565228, 0.27096002076661346, 0.07575403220179654, 0.1964314253078441, 0.325746000774961, 0.6840564648945517, 0.03405369391000479, -0.036179721325875325, 0.2415409066462066, 0.08653405575941531, 0.07105097532067185, -0.00925620555317804, 0.026147856368044557, 0.23425555191770772, 0.41492319383818516, 0.056446240979931915, -0.1520125477543448], [1.613088771259617, 1.6425310329278189, 0.05513668128541143, 0.265855439529602, 0.29330628883083515, 0.1344398680565228, 0.27096002076661346, 0.07575403220179654, 0.1964314253078441, 0.325746000774961, 0.012310939031014006, 1.3711331979880725, 0.5827147663916552, 0.03405369391000479, -0.036179721325875325, 0.2415409066462066, 0.08653405575941531, 0.07105097532067185, -0.00925620555317804, 0.026147856368044557, 0.23425555191770772, 0.41492319383818516, 0.056446240979931915, 0.33129565115367404, 0.29903502666369003, -0.9627461357775172], [1.613088771259617, 1.6425310329278189, 0.05513668128541143, 0.265855439529602, 0.29330628883083515, 0.1344398680565228, 0.27096002076661346, 0.07575403220179654, 0.1964314253078441, 0.325746000774961, 0.012310939031014006, 1.3711331979880725, 0.06270625940113587, -0.07224594632233489, -0.5827147663916552, 0.03405369391000479, -0.036179721325875325, 0.2415409066462066, 0.08653405575941531, 0.07105097532067185, -0.00925620555317804, 0.026147856368044557, 0.23425555191770772, 0.41492319383818516, 0.056446240979931915, 0.33129565115367404, 0.29903502666369003, 0.3889746656821572, 0.41050365968936203, 1.3681129297891035], [1.613088771259617, 1.6425310329278189, 0.05513668128541143, 0.265855439529602, 0.29330628883083515, 0.1344398680565228, 0.27096002076661346, 0.07575403220179654, 0.1964314253078441, 0.325746000774961, 0.012310939031014006, 1.3711331979880725, 0.06270625940113587, -0.07224594632233489, 0.14381800392408792, 0.08814290257188909, -0.734727314146, 0.03405369391000479, -0.036179721325875325, 0.2415409066462066, 0.08653405575941531, 0.07105097532067185, -0.00925620555317804, 0.026147856368044557, 0.23425555191770772, 0.41492319383818516, 0.056446240979931915, 0.33129565115367404, 0.29903502666369003, 0.3889746656821572, 0.41050365968936203, 0.5039376483087269, 0.4904949368078857, 0.3546959447601379], [1.613088771259617, 1.6425310329278189, 0.05513668128541143, 0.265855439529602, 0.29330628883083515, 0.1344398680565228, 0.27096002076661346, 0.07575403220179654, 0.1964314253078441, 0.325746000774961, 0.012310939031014006, 1.3711331979880725, 0.06270625940113587, -0.07224594632233489, 0.14381800392408792, 0.08814290257188909, 0.06229106995440238, 0.08011317820897607, 0.6840564648945517, 0.03405369391000479, -0.036179721325875325, 0.2415409066462066, 0.08653405575941531, 0.07105097532067185, -0.00925620555317804, 0.026147856368044557, 0.23425555191770772, 0.41492319383818516, 0.056446240979931915, 0.33129565115367404, 0.29903502666369003, 0.3889746656821572, 0.41050365968936203, 0.5039376483087269, 0.4904949368078857, 0.3403075180501871, 0.45131845089599343, -0.3546959447601379], [1.613088771259617, 1.6425310329278189, 0.05513668128541143, 0.265855439529602, 0.29330628883083515, 0.1344398680565228, 0.27096002076661346, 0.07575403220179654, 0.1964314253078441, 0.325746000774961, 0.012310939031014006, 1.3711331979880725, 0.06270625940113587, -0.07224594632233489, 0.14381800392408792, 0.08814290257188909, 0.06229106995440238, 0.08011317820897607, -0.13917007923851685, 0.05573517225171397, -0.734727314146, 0.03405369391000479, -0.036179721325875325, 0.2415409066462066, 0.08653405575941531, 0.07105097532067185, -0.00925620555317804, 0.026147856368044557, 0.23425555191770772, 0.41492319383818516, 0.056446240979931915, 0.33129565115367404, 0.29903502666369003, 0.3889746656821572, 0.41050365968936203, 0.5039376483087269, 0.4904949368078857, 0.3403075180501871, 0.45131845089599343, 0.5120226809826153, 0.9173442271859427, 1.3681129297891035]], "best_expectation_values": [-2.4262200993298793, -2.4167869942642426, -2.0760632091076867, -2.718937280759031, -3.1019811748084654, -3.2614285346459577, -2.530213050060259, -2.398845935276041, -3.62439712082407, -3.355442570379366, -3.892834916374793]}