{"params": [0.53261869, -0.20212899, 0.06946658, 0.09279276, 0.09176495, 0.0305007, -0.07085263, 2.52947416, -1.52315626, -1.31341897, -1.91747542, 1.10014238, 0.29761703, 2.32084905], "expectation_values": [-72.19796774783491, -73.45938813937104, -73.46035042268059, -74.63791276061264, -74.97297822901712, -74.54547755530585, -76.09148697072338], "best": [[0.5573793417659312, 2.533542462572414], [0.5326186869071996, -0.1520125477543448, 2.529474158170264, -1.5201254775434483], [0.5326186869071996, -0.2021289913290029, 0.05067084925144827, 2.529474158170264, -1.5231562628749178, 1.7228088745492416], [0.5326186869071996, -0.2021289913290029, 0.06946657517709341, 0.05067084925144827, 2.529474158170264, -1.5231562628749178, -1.3134189657242514, -1.9254922715550344], [0.5326186869071996, -0.2021289913290029, 0.06946657517709341, 0.09279275669906037, -0.05067084925144827, 2.529474158170264, -1.5231562628749178, -1.3134189657242514, -1.9174754154287785, -3.141592653589793], [0.5326186869071996, -0.2021289913290029, 0.06946657517709341, 0.09279275669906037, 0.09176495280371139, 0.05067084925144827, 2.529474158170264, -1.5231562628749178, -1.3134189657242514, -1.9174754154287785, 1.1001423838631672, -0.3040250955086896], [0.5326186869071996, -0.2021289913290029, 0.06946657517709341, 0.09279275669906037, 0.09176495280371139, 0.03050070374160315, -0.05067084925144827, 2.529474158170264, -1.5231562628749178, -1.3134189657242514, -1.9174754154287785, 1.1001423838631672, 0.29761702601626233, 2.330859065566621]], "best_expectation_values": [-72.19796774783491, -73.45938813937104, -73.47127787888545, -74.63791276061264, -75.12201775561235, -75.68425714350519, -75.90228451006028]}