{"params": [-0.59589147, -0.50290512, -0.49736847, 0.11201543, 0.29731505, 0.33972494, -0.22212229, 0.41284827, 0.74430958, 0.79568569, -0.3991128, -1.64183462, 1.36293319, 0.10887904], "expectation_values": [-1.533599372732456, -2.3884195449410637, -2.4876504863651663, -3.4289453564351264, -4.30167308016469, -3.863947193597257, -4.729950182579274], "best": [[-0.3800313693858621, 0.5573793417659312], [-0.595891465331332, -0.2786896708829655, 0.41284827043991035, 0.8614044372746208], [-0.595891465331332, -0.5029051154970952, -0.2786896708829655, 0.41284827043991035, 0.7443095823339585, 0.9627461357775173], [-0.595891465331332, -0.5029051154970952, -0.4973684673857555, -0.2786896708829655, 0.41284827043991035, 0.7443095823339585, 0.7956856893219499, 0.9627461357775173], [-0.595891465331332, -0.5029051154970952, -0.4973684673857555, 0.1120154268065191, -0.2280188216315172, 0.41284827043991035, 0.7443095823339585, 0.7956856893219499, -0.3991127972778518, 1.3681129297891035], [-0.595891465331332, -0.5029051154970952, -0.4973684673857555, 0.1120154268065191, 0.2973150484833404, 0.12667712312862067, 0.41284827043991035, 0.7443095823339585, 0.7956856893219499, -0.3991127972778518, -1.641834618649928, 1.1654295327833104], [-0.595891465331332, -0.5029051154970952, -0.4973684673857555, 0.1120154268065191, 0.2973150484833404, 0.339724938584381, -0.2280188216315172, 0.41284827043991035, 0.7443095823339585, 0.7956856893219499, -0.3991127972778518, -1.641834618649928, 1.3629331870939752, 0.1520125477543448]], "best_expectation_values": [-2.566560167095026, -3.2457272123294207, -3.749481532445871, -4.213667590956263, -4.450659130827423, -4.731362757362667, -4.714442783744483]}