{"params": [-0.64441697, -0.19527521, -0.27261168, -0.15969312, 0.00937852, -0.11989304, -0.15454058, 0.49362692, 0.90013864, 1.71678863, -1.27796816, 0.83728184, -0.96844424, 0.94912101], "expectation_values": [-0.6669919132345069, -2.5131618283349275, -3.3758365831949626, -4.506774192363479, -4.403253963274468, -4.309235914698243, -4.7652689056460815], "best": [[-0.3293605201344138, 0.5573793417659312], [-0.6444169707608093, -0.3800313693858621, 0.4936269205492529, 0.8614044372746208], [-0.6444169707608093, -0.19527520806831908, 0.22801882163151732, 0.4936269205492529, 0.9001386440551453, -1.266771231286207], [-0.6444169707608093, -0.19527520806831908, -0.27261168033488137, -0.2280188216315172, 0.4936269205492529, 0.9001386440551453, 1.7167886285320753, -1.1654295327833104], [-0.6444169707608093, -0.19527520806831908, -0.27261168033488137, -0.1596931158917565, -0.0760062738771724, 0.4936269205492529, 0.9001386440551453, 1.7167886285320753, -1.2779681633181232, 0.5573793417659312], [-0.6444169707608093, -0.19527520806831908, -0.27261168033488137, -0.1596931158917565, 0.009378518818531766, -0.0760062738771724, 0.4936269205492529, 0.9001386440551453, 1.7167886285320753, -1.2779681633181232, 0.8372818355358181, -0.25335424625724134], [-0.6444169707608093, -0.19527520806831908, -0.27261168033488137, -0.1596931158917565, 0.009378518818531766, -0.11989304382739341, -0.17734797238006894, 0.4936269205492529, 0.9001386440551453, 1.7167886285320753, -1.2779681633181232, 0.8372818355358181, -0.9684442350281831, 0.9627461357775173]], "best_expectation_values": [-2.3129675178530684, -3.3610050632489505, -3.8679388667573704, -4.53431755478227, -4.600890786675136, -4.59404018877604, -4.753268828646553]}