{"params": [-0.25362769, 0.39405033, 0.62340421, 0.06821916, -0.21312312, -0.12511986, -0.10440496, 0.04148612, 1.42026297, 0.12229538, 0.35182556, 0.42050484, 1.54428521, 0.57869941], "expectation_values": [7.565737294003366, -21.029577875852947, -83.77586029007725, -88.48480407538196, -79.833622953665, -91.19744133691076, -95.53263782065545], "best": [[0.8614044372746208, 1.1147586835318624], [-0.253627690472378, -0.3546959447601379, 0.04148612280513309, -1.5201254775434483], [-0.253627690472378, 0.3940503296517006, 0.05067084925144827, 0.04148612280513309, 1.4202629656683396, -2.938909256584], [-0.253627690472378, 0.3940503296517006, 0.6234042145065172, 0.5573793417659312, 0.04148612280513309, 1.4202629656683396, 0.12229537546705246, -2.938909256584], [-0.253627690472378, 0.3940503296517006, 0.6234042145065172, 0.06821915563391963, 0.25335424625724134, 0.04148612280513309, 1.4202629656683396, 0.12229537546705246, 0.35182556338421184, -2.1281756685608277], [-0.253627690472378, 0.3940503296517006, 0.6234042145065172, 0.06821915563391963, -0.21312312147104362, 0.05067084925144827, 0.04148612280513309, 1.4202629656683396, 0.12229537546705246, 0.35182556338421184, 0.4205048403579819, -1.7228088745492414], [-0.253627690472378, 0.3940503296517006, 0.6234042145065172, 0.06821915563391963, -0.21312312147104362, -0.12511985847690604, 0.05067084925144827, 0.04148612280513309, 1.4202629656683396, 0.12229537546705246, 0.35182556338421184, 0.4205048403579819, 1.5442852135368557, -2.736225859578207]], "best_expectation_values": [-92.49133680084037, -93.56357142643226, -94.96104366873857, -93.53251760624035, -94.56320429426953, -94.33293009712234, -94.62620684106408]}