{"params": [-0.35453897, -0.18028725, -0.1581647, -0.09370842, -0.19925034, -0.00763045, 0.01376098, 0.06511284, 1.14926079, 1.34574135, 0.29489331, 0.46454302, 1.50539584, 0.58328743], "expectation_values": [-21.77586141099277, -29.59618081051337, -33.194533175385374, -33.351899472708595, -35.83628574820403, -37.42991283159503, -37.96208814536872], "best": [[-0.9627461357775172, -1.7228088745492414], [-0.35453897094113657, 0.1520125477543448, 0.06511283971356845, -1.5201254775434483], [-0.35453897094113657, -0.18028725278613542, 0.1520125477543448, 0.06511283971356845, 1.149260788296498, 2.938909256584], [-0.35453897094113657, -0.18028725278613542, -0.1581647001513974, -0.1520125477543448, 0.06511283971356845, 1.149260788296498, 1.3457413464394339, 0.10134169850289654], [-0.35453897094113657, -0.18028725278613542, -0.1581647001513974, -0.09370842072856357, 0.1520125477543448, 0.06511283971356845, 1.149260788296498, 1.3457413464394339, 0.29489331085033854, 2.736225859578207], [-0.35453897094113657, -0.18028725278613542, -0.1581647001513974, -0.09370842072856357, -0.1992503356635358, -0.05067084925144827, 0.06511283971356845, 1.149260788296498, 1.3457413464394339, 0.29489331085033854, 0.4645430209795402, 3.141592653589793], [-0.35453897094113657, -0.18028725278613542, -0.1581647001513974, -0.09370842072856357, -0.1992503356635358, -0.007630448308307787, -0.05067084925144827, 0.06511283971356845, 1.149260788296498, 1.3457413464394339, 0.29489331085033854, 0.4645430209795402, 1.5053958390085942, 2.938909256584]], "best_expectation_values": [-36.307799833440285, -33.427242644172175, -34.751471881304084, -35.974843063035635, -36.40327724339918, -38.063957697500086, -37.9539523485756]}