{"params": [0.13743975, 0.34026397, 0.30693553, 0.19371387, 0.07175292, 0.27873757, -1.44091038, 0.25179749, 0.17742503, 0.32401771, 0.19939967, 0.31212789, 0.48222226, 1.07516036], "expectation_values": [0.1722022793889862, 0.5138598768845515, 1.1142999463683938, 1.2403704142521632, 1.397165835551933, 1.8033199339949288, -1.256346725902833], "best": [[-0.7600627387717241, 1.3174420805376554], [0.13743975131901567, -0.7600627387717241, 0.2517974902397729, 1.1147586835318624], [0.13743975131901567, 0.34026397391360785, -0.9627461357775172, 0.2517974902397729, 0.1774250275541509, 0.9120752865260693], [0.13743975131901567, 0.34026397391360785, 0.3069355330297136, -1.1654295327833104, 0.2517974902397729, 0.1774250275541509, 0.3240177090795021, 0.9120752865260693], [0.13743975131901567, 0.34026397391360785, 0.3069355330297136, 0.1937138707941103, -1.1654295327833104, 0.2517974902397729, 0.1774250275541509, 0.3240177090795021, 0.1993996677961483, 0.9120752865260693], [0.13743975131901567, 0.34026397391360785, 0.3069355330297136, 0.1937138707941103, 0.07175291973860873, -1.266771231286207, 0.2517974902397729, 0.1774250275541509, 0.3240177090795021, 0.1993996677961483, 0.3121278893887368, 0.7093918895202758], [0.13743975131901567, 0.34026397391360785, 0.3069355330297136, 0.1937138707941103, 0.07175291973860873, 0.2787375718884554, -1.469454628292, 0.2517974902397729, 0.1774250275541509, 0.3240177090795021, 0.1993996677961483, 0.3121278893887368, 0.4822222579379453, 1.5201254775434485]], "best_expectation_values": [-1.1661729547452675, -1.163124811441531, -1.1909055716432588, -1.2221028189526952, -1.2386104344664275, -1.244986037782105, -1.2598866074176562]}