{"params": [-0.3691543, -0.18066045, -0.1949818, -0.03450058, -0.28444557, -0.0958079, -0.11000199, 0.04774613, 0.18581426, 0.30596225, 0.35010921, 0.39346707, 0.24835446, 1.6036442], "expectation_values": [-7.55253574039453, -38.515445140101946, -30.729999098770364, -34.60527243634055, -10.676577701514075, -63.26122921697043, -71.85074336657296], "best": [[0.5573793417659312, 2.533542462572414], [-0.2819166813251972, -0.7600627387717241, 0.06808438291736905, -1.3174420805376552], [-0.2819166813251972, -0.17777093742600447, -0.6587210402688276, 0.06808438291736905, 0.22320963301586808, -0.7093918895202758], [-0.2819166813251972, -0.17777093742600447, -0.0791942122890315, -0.7600627387717241, 0.06808438291736905, 0.22320963301586808, 0.19665824767442913, -1.3174420805376552], [-0.2819166813251972, -0.17777093742600447, -0.0791942122890315, -0.06778975219203873, -0.6587210402688276, 0.06808438291736905, 0.22320963301586808, 0.19665824767442913, 0.41209710058442556, -1.3174420805376552], [-0.2819166813251972, -0.17777093742600447, -0.0791942122890315, -0.06778975219203873, -0.36322941651869073, -0.1520125477543448, 0.06808438291736905, 0.22320963301586808, 0.19665824767442913, 0.41209710058442556, 0.3944087265929106, 0.10134169850289654], [-0.2819166813251972, -0.17777093742600447, -0.0791942122890315, -0.06778975219203873, -0.36322941651869073, -0.06144680104925466, -0.1520125477543448, 0.06808438291736905, 0.22320963301586808, 0.19665824767442913, 0.41209710058442556, 0.3944087265929106, 0.24759623516331433, 0.3040250955086896]], "best_expectation_values": [-72.15011831198134, -68.04319033561156, -67.86143096745057, -68.51910355779341, -67.48004435020142, -69.91230140734096, -70.03286352472102]}