{"params": [-0.38580062, -0.11860349, -0.16949151, -0.2083927, -0.08637893, -0.03687173, -0.11566319, 1.03581739, 1.09482792, 1.28992546, 1.4055396, 0.46112889, 0.50802026, 0.58737962], "expectation_values": [-6.83834665041062, -39.00043029598932, -21.8371974004734, -7.655077092812776, -49.76970874840116, -50.88902371170618, -53.58297647477236], "best": [[0.8614044372746208, 1.9254922715550347], [-0.38580061735992344, 0.25335424625724134, 1.0358173879497155, 2.938909256584], [-0.38580061735992344, -0.1186034855345025, 0.25335424625724134, 1.0358173879497155, 1.0948279245917087, -0.7093918895202758], [-0.38580061735992344, -0.1186034855345025, -0.16949151361139883, -0.3546959447601379, 1.0358173879497155, 1.0948279245917087, 1.2899254637148974, 0.9120752865260693], [-0.38580061735992344, -0.1186034855345025, -0.16949151361139883, -0.20839269670077812, -0.1520125477543448, 1.0358173879497155, 1.0948279245917087, 1.2899254637148974, 1.4055396021089945, 0.5067084925144827], [-0.38580061735992344, -0.1186034855345025, -0.16949151361139883, -0.20839269670077812, -0.08637892974587599, 0.1520125477543448, 1.0358173879497155, 1.0948279245917087, 1.2899254637148974, 1.4055396021089945, 0.46112889409981067, -2.330859065566621], [-0.38580061735992344, -0.1186034855345025, -0.16949151361139883, -0.20839269670077812, -0.08637892974587599, -0.0368717267988699, -0.1520125477543448, 1.0358173879497155, 1.0948279245917087, 1.2899254637148974, 1.4055396021089945, 0.46112889409981067, 0.5080202633351409, 1.1147586835318624]], "best_expectation_values": [-52.503709514706195, -46.218447868041864, -49.79559349465348, -48.91362382076641, -52.034280448774076, -52.893328827752434, -53.1998513004496]}