{"params": [1.31393146, 1.15322513, -0.07854102, 0.05024601, 0.1503291, 0.37281323, 0.4531898, 0.15820952, -0.01172061, 0.21425953, 1.30632991, 0.04137521, 0.03367967, 0.18052895, 0.24417228, 0.37911038, 0.28562089, 0.09271581, -0.03305216, 0.01218936, 0.47766392, 0.23138067, 0.12953991, 0.00821943, 0.25144789, 0.25025977, 0.09118165, -0.0834872, 1.32403724, 0.24925808, 0.6328138, 0.13316054, 0.3253674, 0.40738494, 0.57913018, 0.34962707, 0.2996862, 0.29715131, 0.36203629, 0.50460352, 0.64915804, 1.36951879], "expectation_values": [0.1969967191572583, 2.809195210716635, 2.6066735076200476, -2.3517376474445504, 3.4694206699139754, -0.34498781806051754, 3.713190258962113, 3.0505221897050587, 4.08480580371753, -0.09296020536436825, 0.8519721134119111], "best": [[-0.3800313693858621, 0.5573793417659312], [1.0879892251662693, 0.6915567369437671, 0.5320439171402069, 0.24577027217168118, 0.33414784602264874, -0.3546959447601379], [1.0879892251662693, 0.6915567369437671, 0.6643320347721587, 0.48644285913601515, -0.5827147663916552, 0.24577027217168118, 0.33414784602264874, -0.24542393445951124, 0.08280119412448647, 0.1520125477543448], [1.0879892251662693, 0.6915567369437671, 0.6643320347721587, 0.48644285913601515, 0.41882502989058334, -0.1623142281462465, 0.734727314146, 0.24577027217168118, 0.33414784602264874, -0.24542393445951124, 0.08280119412448647, 0.07875820582596073, -0.03508010051258617, -0.05067084925144827], [1.0879892251662693, 0.6915567369437671, 0.6643320347721587, 0.48644285913601515, 0.41882502989058334, -0.1623142281462465, 0.4385466997577719, 0.40351578039061015, -0.734727314146, 0.24577027217168118, 0.33414784602264874, -0.24542393445951124, 0.08280119412448647, 0.07875820582596073, -0.03508010051258617, -0.01593742350291421, 1.100601015771673, -0.1520125477543448], [1.0879892251662693, 0.6915567369437671, 0.6643320347721587, 0.48644285913601515, 0.41882502989058334, -0.1623142281462465, 0.4385466997577719, 0.40351578039061015, 0.048383154620889116, 0.2618882312787986, 0.5827147663916552, 0.24577027217168118, 0.33414784602264874, -0.24542393445951124, 0.08280119412448647, 0.07875820582596073, -0.03508010051258617, -0.01593742350291421, 1.100601015771673, 0.10249307446615703, 0.3072422795510071, -0.3546959447601379], [1.0879892251662693, 0.6915567369437671, 0.6643320347721587, 0.48644285913601515, 0.41882502989058334, -0.1623142281462465, 0.4385466997577719, 0.40351578039061015, 0.048383154620889116, 0.2618882312787986, 1.4297019927724406, -0.014727694051084247, 0.6840564648945517, 0.24577027217168118, 0.33414784602264874, -0.24542393445951124, 0.08280119412448647, 0.07875820582596073, -0.03508010051258617, -0.01593742350291421, 1.100601015771673, 0.10249307446615703, 0.3072422795510071, 0.10477705635232964, 0.31562309246009235, -0.9627461357775172], [1.0879892251662693, 0.6915567369437671, 0.6643320347721587, 0.48644285913601515, 0.41882502989058334, -0.1623142281462465, 0.4385466997577719, 0.40351578039061015, 0.048383154620889116, 0.2618882312787986, 1.4297019927724406, -0.014727694051084247, 0.06657332960970458, -0.11450752821580164, -0.734727314146, 0.24577027217168118, 0.33414784602264874, -0.24542393445951124, 0.08280119412448647, 0.07875820582596073, -0.03508010051258617, -0.01593742350291421, 1.100601015771673, 0.10249307446615703, 0.3072422795510071, 0.10477705635232964, 0.31562309246009235, 0.748142023916766, 0.2785969133808073, 1.1654295327833104], [1.0879892251662693, 0.6915567369437671, 0.6643320347721587, 0.48644285913601515, 0.41882502989058334, -0.1623142281462465, 0.4385466997577719, 0.40351578039061015, 0.048383154620889116, 0.2618882312787986, 1.4297019927724406, -0.014727694051084247, 0.06657332960970458, -0.11450752821580164, 0.17370782779608135, -0.36823478264224047, -0.4813730678887586, 0.24577027217168118, 0.33414784602264874, -0.24542393445951124, 0.08280119412448647, 0.07875820582596073, -0.03508010051258617, -0.01593742350291421, 1.100601015771673, 0.10249307446615703, 0.3072422795510071, 0.10477705635232964, 0.31562309246009235, 0.748142023916766, 0.2785969133808073, 0.5248618858577753, 0.4110519781001286, 0.25335424625724134], [1.0879892251662693, 0.6915567369437671, 0.6643320347721587, 0.48644285913601515, 0.41882502989058334, -0.1623142281462465, 0.4385466997577719, 0.40351578039061015, 0.048383154620889116, 0.2618882312787986, 1.4297019927724406, -0.014727694051084247, 0.06657332960970458, -0.11450752821580164, 0.17370782779608135, -0.36823478264224047, 0.058312824318099955, 0.10072813373295306, -0.4813730678887586, 0.24577027217168118, 0.33414784602264874, -0.24542393445951124, 0.08280119412448647, 0.07875820582596073, -0.03508010051258617, -0.01593742350291421, 1.100601015771673, 0.10249307446615703, 0.3072422795510071, 0.10477705635232964, 0.31562309246009235, 0.748142023916766, 0.2785969133808073, 0.5248618858577753, 0.4110519781001286, 0.6626890513398478, 0.4869738668061467, -0.9627461357775172], [1.0879892251662693, 0.6915567369437671, 0.6643320347721587, 0.48644285913601515, 0.41882502989058334, -0.1623142281462465, 0.4385466997577719, 0.40351578039061015, 0.048383154620889116, 0.2618882312787986, 1.4297019927724406, -0.014727694051084247, 0.06657332960970458, -0.11450752821580164, 0.17370782779608135, -0.36823478264224047, 0.058312824318099955, 0.10072813373295306, 0.03550603944200205, -0.03623123561828693, 0.48137306788875867, 0.24577027217168118, 0.33414784602264874, -0.24542393445951124, 0.08280119412448647, 0.07875820582596073, -0.03508010051258617, -0.01593742350291421, 1.100601015771673, 0.10249307446615703, 0.3072422795510071, 0.10477705635232964, 0.31562309246009235, 0.748142023916766, 0.2785969133808073, 0.5248618858577753, 0.4110519781001286, 0.6626890513398478, 0.4869738668061467, 0.29580695860589945, 0.630165889195383, 1.266771231286207]], "best_expectation_values": [-4.422152436707705, -5.095245631577729, -5.711446641350986, -5.652494424102084, -6.84333971022495, -4.548860392053335, -6.605914249430432, -6.153213827239401, -6.477719788197082, -7.717220018915459, -7.884956925429547]}