{"params": [-0.57891081, -0.63785736, -0.11490538, 0.27197705, -0.19929211, -0.09266845, -0.00588536, 0.38870608, 0.8223935, 0.71891279, -0.95745084, 1.49243806, 0.93516371, -0.21494267], "expectation_values": [-2.1188794848549786, -1.5971154988415002, -3.2522206786618684, -6.007614377725254, -6.832266348455173, -7.091532797433272, -7.107068233103045], "best": [[-0.3800313693858621, 0.5573793417659312], [-0.5789108120629913, -0.2786896708829655, 0.3887060798904769, 0.8614044372746208], [-0.5789108120629913, -0.6378573635981245, 0.32936052013441386, 0.3887060798904769, 0.8223934978504409, -0.1520125477543448], [-0.5789108120629913, -0.6378573635981245, -0.11490538457872074, 0.32936052013441386, 0.3887060798904769, 0.8223934978504409, 0.718912794461438, -0.8614044372746207], [-0.5789108120629913, -0.6378573635981245, -0.11490538457872074, 0.27197704926013355, -0.17734797238006894, 0.3887060798904769, 0.8223934978504409, 0.718912794461438, -0.9574508378495493, 1.5707963267948966], [-0.5789108120629913, -0.6378573635981245, -0.11490538457872074, 0.27197704926013355, -0.1992921121803423, -0.0760062738771724, 0.3887060798904769, 0.8223934978504409, 0.718912794461438, -0.9574508378495493, 1.4924380641163348, 0.9627461357775173], [-0.5789108120629913, -0.6378573635981245, -0.11490538457872074, 0.27197704926013355, -0.1992921121803423, -0.09266844639634439, -0.025335424625724134, 0.3887060798904769, 0.8223934978504409, 0.718912794461438, -0.9574508378495493, 1.4924380641163348, 0.9351637111474456, 1.3681129297891035]], "best_expectation_values": [-3.9917122057681627, -5.13376489589237, -5.431428928345198, -6.14258240766054, -6.889165796332336, -7.091532797433272, -7.1059898427603745]}