{"params": [0.3392797, 0.18883894, 0.2542965, 0.29625883, 0.48734361, -0.76343793, -0.91512359, 0.52828164, 0.33159384, 0.36694379, 0.65052252, 0.57906825, 0.85720621, 0.85304349], "expectation_values": [0.3278294162339508, 0.5230529602939263, 0.8931646998091725, 1.2474809485053886, 1.0633579250073935, 0.25639342155864675, -0.9920335633774713], "best": [[0.7600627387717243, -1.7228088745492414], [0.339279699646599, -0.8614044372746207, 0.528281640557056, 1.3174420805376554], [0.339279699646599, 0.18883893803452556, -0.9627461357775172, 0.528281640557056, 0.3315938409275292, 1.1147586835318624], [0.339279699646599, 0.18883893803452556, 0.25429649863388637, -1.1654295327833104, 0.528281640557056, 0.3315938409275292, 0.3669437886009491, 1.1147586835318624], [0.339279699646599, 0.18883893803452556, 0.25429649863388637, 0.2962588321331573, -1.3681129297891035, 0.528281640557056, 0.3315938409275292, 0.3669437886009491, 0.6505225202818704, 1.5201254775434485], [0.339279699646599, 0.18883893803452556, 0.25429649863388637, 0.2962588321331573, 0.48734361080989747, 1.266771231286207, 0.528281640557056, 0.3315938409275292, 0.3669437886009491, 0.6505225202818704, 0.579068254135673, -0.3040250955086896], [0.339279699646599, 0.18883893803452556, 0.25429649863388637, 0.2962588321331573, 0.48734361080989747, -0.763437926094066, -0.8614044372746207, 0.528281640557056, 0.3315938409275292, 0.3669437886009491, 0.6505225202818704, 0.579068254135673, 0.8572062130801016, 0.9120752865260693]], "best_expectation_values": [-0.8651610499101411, -0.8887356025679906, -0.91016506045519, -0.9404577871746445, -0.9566523596545468, -0.9439638031096523, -0.9889461033581737]}