{"params": [-1.07013546, 0.18531157, -0.0726648, -0.12416212, -0.10820439, -0.11125012, -0.08883083, -1.71730473, 2.48199502, -2.52846778, -0.09984081, -0.25613611, 0.47472931, -0.32595056], "expectation_values": [-35.96110707599958, -37.10570282392264, -37.25628912225614, -36.742816143183056, -37.492463768776396, -37.385874299891036, -39.43604282931029], "best": [[-0.9627461357775172, -1.7228088745492414], [-1.070135457302772, -0.1520125477543448, -1.717304728880698, -0.3040250955086896], [-1.070135457302772, 0.1853115742347147, 0.05067084925144827, -1.717304728880698, 2.4819950161689763, 0.10134169850289654], [-1.070135457302772, 0.1853115742347147, -0.07266479638465172, -0.05067084925144827, -1.717304728880698, 2.4819950161689763, -2.528467778659069, -0.10134169850289654], [-1.070135457302772, 0.1853115742347147, -0.07266479638465172, -0.1241621249438284, 0.05067084925144827, -1.717304728880698, 2.4819950161689763, -2.528467778659069, -0.09984081186012748, 2.533542462572414], [-1.070135457302772, 0.1853115742347147, -0.07266479638465172, -0.1241621249438284, -0.1082043900974717, -0.05067084925144827, -1.717304728880698, 2.4819950161689763, -2.528467778659069, -0.09984081186012748, -0.2561361076969065, -0.10134169850289654], [-1.070135457302772, 0.1853115742347147, -0.07266479638465172, -0.1241621249438284, -0.1082043900974717, -0.11125012405459737, -0.05067084925144827, -1.717304728880698, 2.4819950161689763, -2.528467778659069, -0.09984081186012748, -0.2561361076969065, 0.47472931142781366, -0.9120752865260688]], "best_expectation_values": [-36.30779983344024, -37.141288927668214, -37.30779160479602, -37.59640076195105, -37.92612561998861, -37.878012380429475, -39.17806356272469]}