{"params": [0.0325339, 0.10223739, -0.09967756, 0.25507421, 0.04279551, 0.94287923, -0.09004175, 0.0932761, 0.18533309, 0.20162786, 0.28175696, 1.30781264, 0.11349915, 0.06245258, 0.0354307, -0.07701184, -0.04962695, 0.01434167, 0.09863889, -0.01021586, 0.60516027, 0.02032954, 0.01307335, 0.011668, 0.01127574, 0.20175108, 0.14639447, 0.43205925, 0.26377537, 0.27328748, 0.06905351, 0.27850236, 0.4186621, 0.20276528, 0.47209524, 0.72280469, 0.39909824, 0.47377151, 0.46590967, 0.58157232, 0.65828167, 1.41139824], "expectation_values": [0.1349743096823134, -0.33557147570183116, 0.6559934351100547, -1.297995921702064, 1.1495017980279467, 2.0316171037663344, 2.504891257134291, 2.809105331822486, 2.406280889974475, 2.018430155412676, 0.46603128070774846], "best": [[-0.3800313693858621, 0.5573793417659312], [0.03253389879606478, 0.10223739147989501, -0.3800313693858621, 0.020329536201966678, 0.013073350498090497, 0.5573793417659312], [0.03253389879606478, 0.10223739147989501, -0.09967755653622482, 0.2550742099049466, -0.3800313693858621, 0.020329536201966678, 0.013073350498090497, 0.011667997551816205, 0.011275738291151766, 0.5573793417659312], [0.03253389879606478, 0.10223739147989501, -0.09967755653622482, 0.2550742099049466, 0.042795506452535555, 0.9428792258614261, -0.2786896708829655, 0.020329536201966678, 0.013073350498090497, 0.011667997551816205, 0.011275738291151766, 0.20175107511869797, 0.1463944669137554, 0.8614044372746208], [0.03253389879606478, 0.10223739147989501, -0.09967755653622482, 0.2550742099049466, 0.042795506452535555, 0.9428792258614261, -0.0900417491089146, 0.09327610110382395, -0.3293605201344138, 0.020329536201966678, 0.013073350498090497, 0.011667997551816205, 0.011275738291151766, 0.20175107511869797, 0.1463944669137554, 0.4320592475960653, 0.2637753743750669, 0.1520125477543448], [0.03253389879606478, 0.10223739147989501, -0.09967755653622482, 0.2550742099049466, 0.042795506452535555, 0.9428792258614261, -0.0900417491089146, 0.09327610110382395, 0.18533308597881526, 0.20162786316210143, -0.734727314146, 0.020329536201966678, 0.013073350498090497, 0.011667997551816205, 0.011275738291151766, 0.20175107511869797, 0.1463944669137554, 0.4320592475960653, 0.2637753743750669, 0.27328747856065555, 0.0690535097083331, -0.25335424625724134], [0.03253389879606478, 0.10223739147989501, -0.09967755653622482, 0.2550742099049466, 0.042795506452535555, 0.9428792258614261, -0.0900417491089146, 0.09327610110382395, 0.18533308597881526, 0.20162786316210143, 0.28175696483876356, 1.3078126448945993, 0.6840564648945517, 0.020329536201966678, 0.013073350498090497, 0.011667997551816205, 0.011275738291151766, 0.20175107511869797, 0.1463944669137554, 0.4320592475960653, 0.2637753743750669, 0.27328747856065555, 0.0690535097083331, 0.27850236296050734, 0.4186620977010907, -0.8614044372746207], [0.03253389879606478, 0.10223739147989501, -0.09967755653622482, 0.2550742099049466, 0.042795506452535555, 0.9428792258614261, -0.0900417491089146, 0.09327610110382395, 0.18533308597881526, 0.20162786316210143, 0.28175696483876356, 1.3078126448945993, 0.1134991478853406, 0.06245258429345612, 0.6840564648945517, 0.020329536201966678, 0.013073350498090497, 0.011667997551816205, 0.011275738291151766, 0.20175107511869797, 0.1463944669137554, 0.4320592475960653, 0.2637753743750669, 0.27328747856065555, 0.0690535097083331, 0.27850236296050734, 0.4186620977010907, 0.2027652799177276, 0.4720952438724448, -1.5707963267948966], [0.03253389879606478, 0.10223739147989501, -0.09967755653622482, 0.2550742099049466, 0.042795506452535555, 0.9428792258614261, -0.0900417491089146, 0.09327610110382395, 0.18533308597881526, 0.20162786316210143, 0.28175696483876356, 1.3078126448945993, 0.1134991478853406, 0.06245258429345612, 0.035430700388334076, -0.07701184213514112, -0.6333856156431035, 0.020329536201966678, 0.013073350498090497, 0.011667997551816205, 0.011275738291151766, 0.20175107511869797, 0.1463944669137554, 0.4320592475960653, 0.2637753743750669, 0.27328747856065555, 0.0690535097083331, 0.27850236296050734, 0.4186620977010907, 0.2027652799177276, 0.4720952438724448, 0.7228046918080683, 0.39909824414326667, 0.45603764326303464], [0.03253389879606478, 0.10223739147989501, -0.09967755653622482, 0.2550742099049466, 0.042795506452535555, 0.9428792258614261, -0.0900417491089146, 0.09327610110382395, 0.18533308597881526, 0.20162786316210143, 0.28175696483876356, 1.3078126448945993, 0.1134991478853406, 0.06245258429345612, 0.035430700388334076, -0.07701184213514112, -0.04962695243915929, 0.014341667691813713, -0.5827147663916552, 0.020329536201966678, 0.013073350498090497, 0.011667997551816205, 0.011275738291151766, 0.20175107511869797, 0.1463944669137554, 0.4320592475960653, 0.2637753743750669, 0.27328747856065555, 0.0690535097083331, 0.27850236296050734, 0.4186620977010907, 0.2027652799177276, 0.4720952438724448, 0.7228046918080683, 0.39909824414326667, 0.4737715097667429, 0.4659096676538554, -0.4560376432630344], [0.03253389879606478, 0.10223739147989501, -0.09967755653622482, 0.2550742099049466, 0.042795506452535555, 0.9428792258614261, -0.0900417491089146, 0.09327610110382395, 0.18533308597881526, 0.20162786316210143, 0.28175696483876356, 1.3078126448945993, 0.1134991478853406, 0.06245258429345612, 0.035430700388334076, -0.07701184213514112, -0.04962695243915929, 0.014341667691813713, 0.09863889337673085, -0.010215864668933858, 0.5827147663916552, 0.020329536201966678, 0.013073350498090497, 0.011667997551816205, 0.011275738291151766, 0.20175107511869797, 0.1463944669137554, 0.4320592475960653, 0.2637753743750669, 0.27328747856065555, 0.0690535097083331, 0.27850236296050734, 0.4186620977010907, 0.2027652799177276, 0.4720952438724448, 0.7228046918080683, 0.39909824414326667, 0.4737715097667429, 0.4659096676538554, 0.5815723229624461, 0.6582816672389805, 1.3681129297891035]], "best_expectation_values": [-2.9937841543261223, -2.9691038770117943, -2.8985675080037936, -3.8308642148311423, -3.801117686692441, -4.25270013024094, -3.9093129840264584, -4.012753376587833, -4.04996398004706, -4.120882806598765, -4.56854882312775]}