{"params": [0.88449378, 0.15569379, -0.14177142, 0.06159042, -0.08638034, 0.08673043, 0.02617724, 1.12925059, 0.72969911, 1.29631716, -3.18669691, 3.12454783, 2.70252729, 0.4866126], "expectation_values": [-92.48093412843076, -93.82869846363423, -95.54606005349036, -94.94988652424159, -94.42982794075814, -95.2193018754201, -98.79398338610103], "best": [[0.8614044372746208, 1.1147586835318624], [0.8970484877668673, -0.25335424625724134, 1.1244084379475991, -0.7093918895202758], [0.8970484877668673, 0.18314723018836396, -0.05067084925144827, 1.1244084379475991, 0.7283628560524026, 0.9120752865260693], [0.8970484877668673, 0.18314723018836396, -0.11704799914787752, -0.05067084925144827, 1.1244084379475991, 0.7283628560524026, 1.3595317330261811, -0.10134169850289654], [0.8970484877668673, 0.18314723018836396, -0.11704799914787752, 0.07690476079127126, 0.1520125477543448, 1.1244084379475991, 0.7283628560524026, 1.3595317330261811, -3.170764895525301, 0.5067084925144827], [0.8970484877668673, 0.18314723018836396, -0.11704799914787752, 0.07690476079127126, -0.08895447275522662, -0.05067084925144827, 1.1244084379475991, 0.7283628560524026, 1.3595317330261811, -3.170764895525301, -3.163502574953747, 0.3040250955086896], [0.8970484877668673, 0.18314723018836396, -0.11704799914787752, 0.07690476079127126, -0.08895447275522662, 0.05565644012507798, 0.05067084925144827, 1.1244084379475991, 0.7283628560524026, 1.3595317330261811, -3.170764895525301, -3.163502574953747, 2.7080774813705943, 1.3174420805376554]], "best_expectation_values": [-92.48093412843076, -94.55068212875035, -95.87801377011537, -96.24401258379518, -96.652119681121, -97.16689985297516, -97.66567817545355]}