{"params": [0.46723194, 0.43287046, 1.19293524, -0.17479724, 0.25446278, 0.42257703, 0.18674937, 0.31283821, 0.2357541, 0.12924894, 0.12911672, -0.04519566, 0.38169684, 0.17486339, 0.08413876, 0.27852284, 1.2311094, 0.33394745, -0.04846881, 0.2536947, -0.19108767, -0.10698032, -0.16351517, 0.2049719, 0.10914131, -0.07650714, 0.34627317, -0.15162334, -0.0732169, -0.20923461, 0.4652657, 0.49074538, 1.33183167, 1.52675483, 0.49265354, 0.47838366, 0.56640061, 0.3975245, 0.32753944, 0.41267782, 0.50800406, 0.11556255], "expectation_values": [2.496631585349448, 0.6943821497081648, -1.1787126843082085, 2.3071475667042542, -2.5456653981019044, -2.8083020725852634, -0.4000783355639241, -4.282295502194464, -0.5301272010003781, -5.196658804247276, -4.990992097618016], "best": [[0.38003136938586213, -0.6587210402688276], [0.4672319442430224, 0.4328704579600208, 0.32936052013441386, -0.10698032151158042, -0.16351517020600023, -0.7600627387717241], [0.4672319442430224, 0.4328704579600208, 1.192935244808656, -0.1747972434096616, -0.3293605201344138, -0.10698032151158042, -0.16351517020600023, 0.20497189776975291, 0.10914131487756558, 0.7600627387717243], [0.4672319442430224, 0.4328704579600208, 1.192935244808656, -0.1747972434096616, 0.2544627756311512, 0.4225770305308193, -0.6333856156431035, -0.10698032151158042, -0.16351517020600023, 0.20497189776975291, 0.10914131487756558, -0.07650713741130474, 0.34627316506425376, -0.05067084925144827], [0.4672319442430224, 0.4328704579600208, 1.192935244808656, -0.1747972434096616, 0.2544627756311512, 0.4225770305308193, 0.18674936592910527, 0.3128382059795763, 0.4307022186373104, -0.10698032151158042, -0.16351517020600023, 0.20497189776975291, 0.10914131487756558, -0.07650713741130474, 0.34627316506425376, -0.15162334294188928, -0.07321690336701421, -0.25335424625724134], [0.4672319442430224, 0.4328704579600208, 1.192935244808656, -0.1747972434096616, 0.2544627756311512, 0.4225770305308193, 0.18674936592910527, 0.3128382059795763, 0.2357540965117194, 0.12924893567158877, -0.2280188216315172, -0.10698032151158042, -0.16351517020600023, 0.20497189776975291, 0.10914131487756558, -0.07650713741130474, 0.34627316506425376, -0.15162334294188928, -0.07321690336701421, -0.20923460821228934, 0.46526569707177373, 0.45603764326303464], [0.4672319442430224, 0.4328704579600208, 1.192935244808656, -0.1747972434096616, 0.2544627756311512, 0.4225770305308193, 0.18674936592910527, 0.3128382059795763, 0.2357540965117194, 0.12924893567158877, 0.12911671556565074, -0.04519565659940972, -0.3293605201344138, -0.10698032151158042, -0.16351517020600023, 0.20497189776975291, 0.10914131487756558, -0.07650713741130474, 0.34627316506425376, -0.15162334294188928, -0.07321690336701421, -0.20923460821228934, 0.46526569707177373, 0.4907453785945792, 1.3318316682984739, -1.3681129297891035], [0.4672319442430224, 0.4328704579600208, 1.192935244808656, -0.1747972434096616, 0.2544627756311512, 0.4225770305308193, 0.18674936592910527, 0.3128382059795763, 0.2357540965117194, 0.12924893567158877, 0.12911671556565074, -0.04519565659940972, 0.38169684318971764, 0.17486338825314757, 0.12667712312862067, -0.10698032151158042, -0.16351517020600023, 0.20497189776975291, 0.10914131487756558, -0.07650713741130474, 0.34627316506425376, -0.15162334294188928, -0.07321690336701421, -0.20923460821228934, 0.46526569707177373, 0.4907453785945792, 1.3318316682984739, 1.526754830762358, 0.49265353924092753, 0.5573793417659312], [0.4672319442430224, 0.4328704579600208, 1.192935244808656, -0.1747972434096616, 0.2544627756311512, 0.4225770305308193, 0.18674936592910527, 0.3128382059795763, 0.2357540965117194, 0.12924893567158877, 0.12911671556565074, -0.04519565659940972, 0.38169684318971764, 0.17486338825314757, 0.08413875683084214, 0.27852284159095037, -0.2280188216315172, -0.10698032151158042, -0.16351517020600023, 0.20497189776975291, 0.10914131487756558, -0.07650713741130474, 0.34627316506425376, -0.15162334294188928, -0.07321690336701421, -0.20923460821228934, 0.46526569707177373, 0.4907453785945792, 1.3318316682984739, 1.526754830762358, 0.49265353924092753, 0.4783836552577943, 0.5664006131003457, 0.05067084925144827], [0.4672319442430224, 0.4328704579600208, 1.192935244808656, -0.1747972434096616, 0.2544627756311512, 0.4225770305308193, 0.18674936592910527, 0.3128382059795763, 0.2357540965117194, 0.12924893567158877, 0.12911671556565074, -0.04519565659940972, 0.38169684318971764, 0.17486338825314757, 0.08413875683084214, 0.27852284159095037, 1.2311094021435403, 0.33394744702834384, 0.0760062738771724, -0.10698032151158042, -0.16351517020600023, 0.20497189776975291, 0.10914131487756558, -0.07650713741130474, 0.34627316506425376, -0.15162334294188928, -0.07321690336701421, -0.20923460821228934, 0.46526569707177373, 0.4907453785945792, 1.3318316682984739, 1.526754830762358, 0.49265353924092753, 0.4783836552577943, 0.5664006131003457, 0.39752450400381667, 0.3275394418307586, 0.8614044372746208], [0.4672319442430224, 0.4328704579600208, 1.192935244808656, -0.1747972434096616, 0.2544627756311512, 0.4225770305308193, 0.18674936592910527, 0.3128382059795763, 0.2357540965117194, 0.12924893567158877, 0.12911671556565074, -0.04519565659940972, 0.38169684318971764, 0.17486338825314757, 0.08413875683084214, 0.27852284159095037, 1.2311094021435403, 0.33394744702834384, -0.04846881051098264, 0.2536946992747985, -0.17734797238006894, -0.10698032151158042, -0.16351517020600023, 0.20497189776975291, 0.10914131487756558, -0.07650713741130474, 0.34627316506425376, -0.15162334294188928, -0.07321690336701421, -0.20923460821228934, 0.46526569707177373, 0.4907453785945792, 1.3318316682984739, 1.526754830762358, 0.49265353924092753, 0.4783836552577943, 0.5664006131003457, 0.39752450400381667, 0.3275394418307586, 0.41267782281234533, 0.5080040586696163, 0.1520125477543448]], "best_expectation_values": [-2.8670600339389107, -3.345965506661881, -3.8557587696791424, -3.368411627036408, -3.894393136129138, -4.062716965863053, -4.23610107400666, -4.858852134995609, -4.859281591852957, -5.246708846896582, -5.255177992751399]}