{"params": [-0.57647994, -0.48554278, -0.39973108, -0.26279063, -0.09121235, 0.00251903, -0.06743034, 0.37295887, 0.77975758, 0.85297696, 1.03630936, 1.31206027, -0.2254469, -0.09070981], "expectation_values": [-1.3204326613459927, -2.4045923053110747, -3.888405907859967, -4.6760637464999615, -5.1214054466094066, -5.059490835325204, -5.2553541439498135], "best": [[-0.3293605201344138, 0.5573793417659312], [-0.5764799433281117, -0.2786896708829655, 0.37295886656185473, 0.8614044372746208], [-0.5764799433281117, -0.4855427763810747, -0.2786896708829655, 0.37295886656185473, 0.7797575797028622, 0.9627461357775173], [-0.5764799433281117, -0.4855427763810747, -0.39973108232534965, -0.2280188216315172, 0.37295886656185473, 0.7797575797028622, 0.8529769638982393, 0.9627461357775173], [-0.5764799433281117, -0.4855427763810747, -0.39973108232534965, -0.2627906292564225, -0.12667712312862067, 0.37295886656185473, 0.7797575797028622, 0.8529769638982393, 1.0363093624730608, 1.1654295327833104], [-0.5764799433281117, -0.4855427763810747, -0.39973108232534965, -0.2627906292564225, -0.09121234910437406, -0.0760062738771724, 0.37295886656185473, 0.7797575797028622, 0.8529769638982393, 1.0363093624730608, 1.3120602690230914, -0.3546959447601379], [-0.5764799433281117, -0.4855427763810747, -0.39973108232534965, -0.2627906292564225, -0.09121234910437406, 0.0025190341546154336, -0.0760062738771724, 0.37295886656185473, 0.7797575797028622, 0.8529769638982393, 1.0363093624730608, 1.3120602690230914, -0.22544689647360186, -0.1520125477543448]], "best_expectation_values": [-2.7529105051283183, -3.4337374960200218, -4.237062127496775, -4.822616222516829, -5.232635191066147, -5.254834508530569, -5.256151076177491]}