{"params": [-0.33362036, -0.10679211, -0.18947025, -0.20018742, -0.1301334, -0.07456418, -0.05917011, 1.04089067, 1.09599718, 1.2980254, 1.38744597, 0.50019253, 0.52360408, 0.57935705], "expectation_values": [-6.801494679079987, -37.97591668228237, -20.157396754592416, -6.61639993645698, -51.9976197276458, -52.23094692526597, -53.736915698999404], "best": [[0.8614044372746208, 1.9254922715550347], [-0.33362035559583747, 0.25335424625724134, 1.0408906697633649, 0.9120752865260693], [-0.33362035559583747, -0.10679211416696098, 0.25335424625724134, 1.0408906697633649, 1.0959971838927625, -0.7093918895202758], [-0.33362035559583747, -0.10679211416696098, -0.18947025458373704, 0.3546959447601379, 1.0408906697633649, 1.0959971838927625, 1.298025404970522, -0.5067084925144827], [-0.33362035559583747, -0.10679211416696098, -0.18947025458373704, -0.2001874249920975, -0.25335424625724134, 1.0408906697633649, 1.0959971838927625, 1.298025404970522, 1.3874459663572722, 0.5067084925144827], [-0.33362035559583747, -0.10679211416696098, -0.18947025458373704, -0.2001874249920975, -0.13013339515284214, 0.1520125477543448, 1.0408906697633649, 1.0959971838927625, 1.298025404970522, 1.3874459663572722, 0.5001925256989658, -2.330859065566621], [-0.33362035559583747, -0.10679211416696098, -0.18947025458373704, -0.2001874249920975, -0.13013339515284214, -0.07456417543211423, -0.05067084925144827, 1.0408906697633649, 1.0959971838927625, 1.298025404970522, 1.3874459663572722, 0.5001925256989658, 0.523604078825354, 2.1281756685608277]], "best_expectation_values": [-52.49796857049485, -46.81098164714166, -51.48278587149629, -48.456595658809064, -52.92552327307646, -53.311564665878755, -54.0063558876804]}