{"params": [-0.0412849698, 0.520577441, 1.08375096, 0.75502275, 0.230008738, -0.222091797, 0.310172128, 0.135725317, 0.382751096, 0.00119365445, 0.222115274, 0.415361517, 1.7721134, 0.792179681], "expectation_values": [2.0227864363395542, 37.76041412889787, 32.8447158980105, 30.038237471636542, 36.717456053377816, 66.26829151331533, -94.40022275436925], "best": [[0.8614044372746208, 1.1147586835318624], [-0.38664569154068446, 0.6587210402688277, 0.07989748112395863, 2.938909256584], [-0.38664569154068446, 0.7310861842283001, 0.5573793417659312, 0.07989748112395863, 0.19347711872176893, 0.7093918895202758], [-0.38664569154068446, 0.7310861842283001, 0.8348081243145131, -0.8614044372746207, 0.07989748112395863, 0.19347711872176893, 0.0005820339342579924, -1.7228088745492414], [-0.38664569154068446, 0.7310861842283001, 0.8348081243145131, -0.17246100987853136, -0.7600627387717241, 0.07989748112395863, 0.19347711872176893, 0.0005820339342579924, 0.5813032614437904, -1.9254922715550344], [-0.38664569154068446, 0.7310861842283001, 0.8348081243145131, -0.17246100987853136, -0.07245420934373925, -0.9627461357775172, 0.07989748112395863, 0.19347711872176893, 0.0005820339342579924, 0.5813032614437904, 0.25302616237376047, -2.938909256584], [-0.38664569154068446, 0.7310861842283001, 0.8348081243145131, -0.17246100987853136, -0.07245420934373925, 0.8890520257261412, -0.05067084925144827, 0.07989748112395863, 0.19347711872176893, 0.0005820339342579924, 0.5813032614437904, 0.25302616237376047, 0.7700308178045406, -0.9120752865260688]], "best_expectation_values": [-92.44972611120231, -71.7964411297553, -43.11845004790007, -86.56468029356061, -93.50973259966848, -92.55838638450982, -95.87520411608412]}