{"params": [-0.60114673, -0.53107106, -0.38959481, 0.26168132, 0.08183027, -0.16312862, -0.25446159, 0.38858724, 0.76616549, 0.75827353, -0.44973212, 1.30702398, -1.06348251, 1.27537878], "expectation_values": [-1.5891596136412358, -2.876739795129361, -4.327962052143434, -4.509048404193192, -4.495296799176742, -4.105199242151943, -5.747664466226957], "best": [[-0.3800313693858621, 0.5573793417659312], [-0.6011467327004114, -0.3293605201344138, 0.3885872448833237, 0.8614044372746208], [-0.6011467327004114, -0.5310710581048083, -0.2786896708829655, 0.3885872448833237, 0.7661654928901623, 0.9627461357775173], [-0.6011467327004114, -0.5310710581048083, -0.38959480513278966, -0.2280188216315172, 0.3885872448833237, 0.7661654928901623, 0.758273531021658, 0.8614044372746208], [-0.6011467327004114, -0.5310710581048083, -0.38959480513278966, 0.2616813187534501, 0.17734797238006894, 0.3885872448833237, 0.7661654928901623, 0.758273531021658, -0.4497321175989796, -1.1654295327833104], [-0.6011467327004114, -0.5310710581048083, -0.38959480513278966, 0.2616813187534501, 0.08183027490573888, -0.17734797238006894, 0.3885872448833237, 0.7661654928901623, 0.758273531021658, -0.4497321175989796, 1.3070239759889104, 0.45603764326303464], [-0.6011467327004114, -0.5310710581048083, -0.38959480513278966, 0.2616813187534501, 0.08183027490573888, -0.1631286154227414, -0.2786896708829655, 0.3885872448833237, 0.7661654928901623, 0.758273531021658, -0.4497321175989796, 1.3070239759889104, -1.063482505953638, 1.266771231286207]], "best_expectation_values": [-2.993784154326122, -4.073638611125532, -4.9042560389896455, -5.438565060730034, -5.259367328406024, -5.232124002065542, -5.731979495492434]}