{"params": [-0.61317114, -0.51679167, -0.40139416, -0.27232795, 0.16763618, 0.0717563, -0.11521548, 0.37598284, 0.7428628, 0.86270004, 1.05920092, -1.81031049, -0.03396535, 0.12155513], "expectation_values": [-1.0188486650070439, -2.2114509243518228, -3.619817241490503, -4.387347612529729, -4.380943044412519, -4.296645276934303, -4.645583799502838], "best": [[-0.3800313693858621, 0.5573793417659312], [-0.5990173754307074, -0.3293605201344138, 0.3481365586633286, 0.8614044372746208], [-0.5990173754307074, -0.4898418713354731, -0.2786896708829655, 0.3481365586633286, 0.6974789574093079, 0.9627461357775173], [-0.5990173754307074, -0.4898418713354731, -0.3971514540130598, -0.2280188216315172, 0.3481365586633286, 0.6974789574093079, 0.8339467797976867, 0.9627461357775173], [-0.5990173754307074, -0.4898418713354731, -0.3971514540130598, -0.013252718941288627, 0.22801882163151732, 0.3481365586633286, 0.6974789574093079, 0.8339467797976867, -0.717828739676553, -1.469454628292], [-0.5990173754307074, -0.4898418713354731, -0.3971514540130598, -0.013252718941288627, -0.21569724267933837, -0.12667712312862067, 0.3481365586633286, 0.6974789574093079, 0.8339467797976867, -0.717828739676553, 1.7247967068575758, 1.266771231286207], [-0.5990173754307074, -0.4898418713354731, -0.3971514540130598, -0.013252718941288627, -0.21569724267933837, -0.17889254501992655, -0.12667712312862067, 0.3481365586633286, 0.6974789574093079, 0.8339467797976867, -0.717828739676553, 1.7247967068575758, 1.4202279747718556, -0.9627461357775172]], "best_expectation_values": [-2.5665601670950267, -3.3216373781399127, -3.946509755829605, -4.504042512373318, -4.467948010682707, -4.700117778311128, -4.9146426302554636]}