{"params": [1.54228959, 0.26063352, 0.58985982, 0.46673799, 0.78353765, 0.42348108, 0.13177549, 0.13819286, 0.30422524, 0.07122175, 1.35936154, 0.03792842, -0.03988785, 0.02905687, 0.15133229, 0.19126279, 0.08024471, -0.16046953, 0.04332104, 0.02482095, 0.78920466, 0.21787116, 0.03240971, -0.01932421, 0.14674025, 0.20519833, 0.31863304, 0.11998737, 0.08816378, 0.09463889, 0.5255251, 0.24945284, 0.3193003, 0.31138575, 0.35389668, 0.40679502, 0.53985559, 0.41149977, 0.52678057, 0.62787955, 0.50951835, 1.24184334], "expectation_values": [0.26495774419108387, 2.622924213325559, 0.12544419535167567, 0.9020372235116723, 1.75559623890361, -0.3704711735614127, -0.54729960233536, 0.9945330999736928, 1.7021830307005266, 2.032948685137402, 0.43475868055370465], "best": [[-0.3800313693858621, 0.5573793417659312], [1.5422895949443627, 0.26063351864747514, -0.4813730678887586, 0.21787116180998767, 0.03240970861378892, 0.25335424625724134], [1.5422895949443627, 0.26063351864747514, 0.5898598170216595, 0.46673799080211237, -0.3293605201344138, 0.21787116180998767, 0.03240970861378892, -0.019324213610642235, 0.1467402499436609, 0.5573793417659312], [1.5422895949443627, 0.26063351864747514, 0.5898598170216595, 0.46673799080211237, 0.7835376508916173, 0.4234810767160893, -0.43070221863731034, 0.21787116180998767, 0.03240970861378892, -0.019324213610642235, 0.1467402499436609, 0.20519833321275266, 0.3186330352902041, 0.5573793417659312], [1.5422895949443627, 0.26063351864747514, 0.5898598170216595, 0.46673799080211237, 0.7835376508916173, 0.4234810767160893, 0.13177549428145188, 0.1381928570131685, -0.4813730678887586, 0.21787116180998767, 0.03240970861378892, -0.019324213610642235, 0.1467402499436609, 0.20519833321275266, 0.3186330352902041, 0.11998737302569237, 0.08816377629932663, 0.45603764326303464], [1.5422895949443627, 0.26063351864747514, 0.5898598170216595, 0.46673799080211237, 0.7835376508916173, 0.4234810767160893, 0.13177549428145188, 0.1381928570131685, 0.30422524169859755, 0.0712217540296306, 0.48137306788875867, 0.21787116180998767, 0.03240970861378892, -0.019324213610642235, 0.1467402499436609, 0.20519833321275266, 0.3186330352902041, 0.11998737302569237, 0.08816377629932663, 0.09463889093828644, 0.5255250951020924, -0.7600627387717241], [1.5422895949443627, 0.26063351864747514, 0.5898598170216595, 0.46673799080211237, 0.7835376508916173, 0.4234810767160893, 0.13177549428145188, 0.1381928570131685, 0.30422524169859755, 0.0712217540296306, 1.3593615390913687, 0.037928424644086356, 0.38003136938586213, 0.21787116180998767, 0.03240970861378892, -0.019324213610642235, 0.1467402499436609, 0.20519833321275266, 0.3186330352902041, 0.11998737302569237, 0.08816377629932663, 0.09463889093828644, 0.5255250951020924, 0.24945284329930803, 0.3193002973644856, -1.469454628292], [1.5422895949443627, 0.26063351864747514, 0.5898598170216595, 0.46673799080211237, 0.7835376508916173, 0.4234810767160893, 0.13177549428145188, 0.1381928570131685, 0.30422524169859755, 0.0712217540296306, 1.3593615390913687, 0.037928424644086356, -0.03988784776586675, 0.02905686516481177, -0.43070221863731034, 0.21787116180998767, 0.03240970861378892, -0.019324213610642235, 0.1467402499436609, 0.20519833321275266, 0.3186330352902041, 0.11998737302569237, 0.08816377629932663, 0.09463889093828644, 0.5255250951020924, 0.24945284329930803, 0.3193002973644856, 0.3113857494045637, 0.35389667819653303, 0.9627461357775173], [1.5422895949443627, 0.26063351864747514, 0.5898598170216595, 0.46673799080211237, 0.7835376508916173, 0.4234810767160893, 0.13177549428145188, 0.1381928570131685, 0.30422524169859755, 0.0712217540296306, 1.3593615390913687, 0.037928424644086356, -0.03988784776586675, 0.02905686516481177, 0.15133229274084545, 0.19126279363285015, -0.7853981633974483, 0.21787116180998767, 0.03240970861378892, -0.019324213610642235, 0.1467402499436609, 0.20519833321275266, 0.3186330352902041, 0.11998737302569237, 0.08816377629932663, 0.09463889093828644, 0.5255250951020924, 0.24945284329930803, 0.3193002973644856, 0.3113857494045637, 0.35389667819653303, 0.4067950173862975, 0.5398555922991538, 0.1520125477543448], [1.5422895949443627, 0.26063351864747514, 0.5898598170216595, 0.46673799080211237, 0.7835376508916173, 0.4234810767160893, 0.13177549428145188, 0.1381928570131685, 0.30422524169859755, 0.0712217540296306, 1.3593615390913687, 0.037928424644086356, -0.03988784776586675, 0.02905686516481177, 0.15133229274084545, 0.19126279363285015, 0.0802447064830921, -0.16046953355925128, 0.7853981633974483, 0.21787116180998767, 0.03240970861378892, -0.019324213610642235, 0.1467402499436609, 0.20519833321275266, 0.3186330352902041, 0.11998737302569237, 0.08816377629932663, 0.09463889093828644, 0.5255250951020924, 0.24945284329930803, 0.3193002973644856, 0.3113857494045637, 0.35389667819653303, 0.4067950173862975, 0.5398555922991538, 0.4114997657577987, 0.5267805715388771, -0.7600627387717241], [1.5422895949443627, 0.26063351864747514, 0.5898598170216595, 0.46673799080211237, 0.7835376508916173, 0.4234810767160893, 0.13177549428145188, 0.1381928570131685, 0.30422524169859755, 0.0712217540296306, 1.3593615390913687, 0.037928424644086356, -0.03988784776586675, 0.02905686516481177, 0.15133229274084545, 0.19126279363285015, 0.0802447064830921, -0.16046953355925128, 0.04332104326954673, 0.024820946268955226, -0.7853981633974483, 0.21787116180998767, 0.03240970861378892, -0.019324213610642235, 0.1467402499436609, 0.20519833321275266, 0.3186330352902041, 0.11998737302569237, 0.08816377629932663, 0.09463889093828644, 0.5255250951020924, 0.24945284329930803, 0.3193002973644856, 0.3113857494045637, 0.35389667819653303, 0.4067950173862975, 0.5398555922991538, 0.4114997657577987, 0.5267805715388771, 0.627879554113642, 0.5095183519633911, 1.266771231286207]], "best_expectation_values": [-2.9937841543261214, -2.55863473862168, -3.2575042682598445, -3.101383129009709, -2.576175642536593, -2.750047302151073, -3.6171361446317603, -3.7003635509201374, -4.4313608614909406, -4.594530943044323, -5.022270336861237]}