{"params": [-0.58094269, -0.48471864, -0.40674007, 0.04704234, -0.30988984, -0.09841522, -0.0652784, 0.36457512, 0.74545906, 0.88274083, 1.74974394, -0.68672118, 1.15097312, -0.17702484], "expectation_values": [-1.4547961374936138, -2.8646892891409124, -3.7701039519480872, -3.9154980205916425, -4.892795212493051, -5.412348165509664, -5.596096953852905], "best": [[-0.3293605201344138, 0.5573793417659312], [-0.5809426870794668, -0.3293605201344138, 0.36457512136386006, 0.8614044372746208], [-0.5809426870794668, -0.4847186419456924, -0.2786896708829655, 0.36457512136386006, 0.7454590550340914, 0.9627461357775173], [-0.5809426870794668, -0.4847186419456924, -0.4067400728513588, -0.2280188216315172, 0.36457512136386006, 0.7454590550340914, 0.882740831963881, 0.9627461357775173], [-0.5809426870794668, -0.4847186419456924, -0.4067400728513588, 0.0470423429414078, -0.2280188216315172, 0.36457512136386006, 0.7454590550340914, 0.882740831963881, 1.749743935538633, -0.7600627387717241], [-0.5809426870794668, -0.4847186419456924, -0.4067400728513588, 0.0470423429414078, -0.30988984241668566, -0.17734797238006894, 0.36457512136386006, 0.7454590550340914, 0.882740831963881, 1.749743935538633, -0.6867211803429066, 1.0640878342804139], [-0.5809426870794668, -0.4847186419456924, -0.4067400728513588, 0.0470423429414078, -0.30988984241668566, -0.09841521780844038, -0.0760062738771724, 0.36457512136386006, 0.7454590550340914, 0.882740831963881, 1.749743935538633, -0.6867211803429066, 1.1509731238648333, -0.25335424625724134]], "best_expectation_values": [-2.8661630866051304, -3.7465463967120405, -4.553883467601103, -5.179101561722333, -5.129412051118932, -5.585636729922648, -5.593104574548893]}