{"params": [-0.56684306, -0.42927345, -0.31160883, -0.0171327, 0.22440743, 0.09105856, 0.06771935, 0.35190589, 0.76681955, 0.93138245, -0.8335043, -1.18728949, 1.09838239, 0.15465698], "expectation_values": [-1.391481416108175, -2.5242348004900137, -3.321598321481008, -3.3138424471151664, -3.8026330291739945, -4.128368813150624, -4.2580418158667985], "best": [[-0.3800313693858621, 0.5573793417659312], [-0.5668430586683681, -0.2786896708829655, 0.3519058905365574, 0.8614044372746208], [-0.5668430586683681, -0.4292734510893213, -0.2280188216315172, 0.3519058905365574, 0.766819550404101, 1.0640878342804139], [-0.5668430586683681, -0.4292734510893213, -0.3116088340817792, -0.17734797238006894, 0.3519058905365574, 0.766819550404101, 0.9313824539491509, 1.0640878342804139], [-0.5668430586683681, -0.4292734510893213, -0.3116088340817792, -0.017132697410442373, 0.17734797238006894, 0.3519058905365574, 0.766819550404101, 0.9313824539491509, -0.8335043040824749, -1.266771231286207], [-0.5668430586683681, -0.4292734510893213, -0.3116088340817792, -0.017132697410442373, 0.22440743237310612, 0.17734797238006894, 0.3519058905365574, 0.766819550404101, 0.9313824539491509, -0.8335043040824749, -1.1872894897266129, 1.1654295327833104], [-0.5668430586683681, -0.4292734510893213, -0.3116088340817792, -0.017132697410442373, 0.22440743237310612, 0.09105855741599725, 0.0760062738771724, 0.3519058905365574, 0.766819550404101, 0.9313824539491509, -0.8335043040824749, -1.1872894897266129, 1.098382392293708, 0.1520125477543448]], "best_expectation_values": [-2.566560167095026, -3.1376910332685397, -3.607986732742702, -3.9462103113150295, -3.894322202164565, -4.247037159978807, -4.2567139830051905]}