{"params": [-0.09108384, 1.81868537, 1.22847768, -0.10457192, 0.77632897, 0.225808, 0.64889249, 0.11039537, 1.19996011, 0.2479094, 0.18518589, 0.07237574, 0.04457979, -0.00563026, -0.04663709, -0.0235516, 0.08190952, -0.00422949, -0.0159861, -0.07902612, -0.679859, -0.00216009, 0.09453124, 0.06898271, -0.22299515, -0.10626808, 0.27691597, -0.08938018, 0.34993632, 0.46960034, 0.53712364, -0.01322404, 0.36387499, 1.47924173, 0.98506259, 0.24914603, 0.57129332, 0.75558469, 0.43009322, 0.5687375, 0.28084775, 0.50977093], "expectation_values": [-2.7592945289756088e-17, 0.1814751479957479, 0.4046891487235475, -0.9578354929897154, 1.3796779326658957, 0.0879211515087764, 0.769883412799851, 0.7167363619323763, 0.8444587827068276, 1.1553005588160434, -4.516088460885578], "best": [[-0.3800313693858621, 0.5573793417659312], [-0.0910838391068885, 1.8186853684962103, -0.43070221863731034, -0.002160093612788662, 0.09453123611967888, 0.5573793417659312], [-0.0910838391068885, 1.8186853684962103, 1.2284776815717697, -0.10457192076512112, 0.38003136938586213, -0.002160093612788662, 0.09453123611967888, 0.06898270941635902, -0.22299514802239478, -0.4560376432630344], [-0.0910838391068885, 1.8186853684962103, 1.2284776815717697, -0.10457192076512112, 0.7763289676238482, 0.2258079978648557, -0.6333856156431035, -0.002160093612788662, 0.09453123611967888, 0.06898270941635902, -0.22299514802239478, -0.10626807703095494, 0.27691596551790126, -0.05067084925144827], [-0.0910838391068885, 1.8186853684962103, 1.2284776815717697, -0.10457192076512112, 0.7763289676238482, 0.2258079978648557, 0.6488924931489767, 0.11039537347000153, -0.3293605201344138, -0.002160093612788662, 0.09453123611967888, 0.06898270941635902, -0.22299514802239478, -0.10626807703095494, 0.27691596551790126, -0.08938018066985656, 0.34993631838514466, 0.5573793417659312], [-0.0910838391068885, 1.8186853684962103, 1.2284776815717697, -0.10457192076512112, 0.7763289676238482, 0.2258079978648557, 0.6488924931489767, 0.11039537347000153, 1.1999601087395693, 0.24790940255897226, -0.3800313693858621, -0.002160093612788662, 0.09453123611967888, 0.06898270941635902, -0.22299514802239478, -0.10626807703095494, 0.27691596551790126, -0.08938018066985656, 0.34993631838514466, 0.46960034006229173, 0.5371236370108089, 0.1520125477543448], [-0.0910838391068885, 1.8186853684962103, 1.2284776815717697, -0.10457192076512112, 0.7763289676238482, 0.2258079978648557, 0.6488924931489767, 0.11039537347000153, 1.1999601087395693, 0.24790940255897226, 0.18518588823000265, 0.07237573912831581, -0.6333856156431035, -0.002160093612788662, 0.09453123611967888, 0.06898270941635902, -0.22299514802239478, -0.10626807703095494, 0.27691596551790126, -0.08938018066985656, 0.34993631838514466, 0.46960034006229173, 0.5371236370108089, -0.013224041186401818, 0.3638749899196109, -0.3546959447601379], [-0.0910838391068885, 1.8186853684962103, 1.2284776815717697, -0.10457192076512112, 0.7763289676238482, 0.2258079978648557, 0.6488924931489767, 0.11039537347000153, 1.1999601087395693, 0.24790940255897226, 0.18518588823000265, 0.07237573912831581, 0.04457979409187398, -0.005630259312751253, 0.6840564648945517, -0.002160093612788662, 0.09453123611967888, 0.06898270941635902, -0.22299514802239478, -0.10626807703095494, 0.27691596551790126, -0.08938018066985656, 0.34993631838514466, 0.46960034006229173, 0.5371236370108089, -0.013224041186401818, 0.3638749899196109, 1.4792417261267539, 0.985062588043702, 0.25335424625724134], [-0.0910838391068885, 1.8186853684962103, 1.2284776815717697, -0.10457192076512112, 0.7763289676238482, 0.2258079978648557, 0.6488924931489767, 0.11039537347000153, 1.1999601087395693, 0.24790940255897226, 0.18518588823000265, 0.07237573912831581, 0.04457979409187398, -0.005630259312751253, -0.04663709013324471, -0.0235516041744554, 0.734727314146, -0.002160093612788662, 0.09453123611967888, 0.06898270941635902, -0.22299514802239478, -0.10626807703095494, 0.27691596551790126, -0.08938018066985656, 0.34993631838514466, 0.46960034006229173, 0.5371236370108089, -0.013224041186401818, 0.3638749899196109, 1.4792417261267539, 0.985062588043702, 0.24914603118779527, 0.5712933184575721, -0.557379341765931], [-0.0910838391068885, 1.8186853684962103, 1.2284776815717697, -0.10457192076512112, 0.7763289676238482, 0.2258079978648557, 0.6488924931489767, 0.11039537347000153, 1.1999601087395693, 0.24790940255897226, 0.18518588823000265, 0.07237573912831581, 0.04457979409187398, -0.005630259312751253, -0.04663709013324471, -0.0235516041744554, 0.08190951876672578, -0.004229489733541036, -0.734727314146, -0.002160093612788662, 0.09453123611967888, 0.06898270941635902, -0.22299514802239478, -0.10626807703095494, 0.27691596551790126, -0.08938018066985656, 0.34993631838514466, 0.46960034006229173, 0.5371236370108089, -0.013224041186401818, 0.3638749899196109, 1.4792417261267539, 0.985062588043702, 0.24914603118779527, 0.5712933184575721, 0.755584690528813, 0.43009322244394976, 1.3681129297891035], [-0.0910838391068885, 1.8186853684962103, 1.2284776815717697, -0.10457192076512112, 0.7763289676238482, 0.2258079978648557, 0.6488924931489767, 0.11039537347000153, 1.1999601087395693, 0.24790940255897226, 0.18518588823000265, 0.07237573912831581, 0.04457979409187398, -0.005630259312751253, -0.04663709013324471, -0.0235516041744554, 0.08190951876672578, -0.004229489733541036, -0.01598609733278303, -0.07902611633683332, -0.6840564648945517, -0.002160093612788662, 0.09453123611967888, 0.06898270941635902, -0.22299514802239478, -0.10626807703095494, 0.27691596551790126, -0.08938018066985656, 0.34993631838514466, 0.46960034006229173, 0.5371236370108089, -0.013224041186401818, 0.3638749899196109, 1.4792417261267539, 0.985062588043702, 0.24914603118779527, 0.5712933184575721, 0.755584690528813, 0.43009322244394976, 0.5687374970359026, 0.28084775186358435, 0.5573793417659312]], "best_expectation_values": [-3.2807443082858176, -3.0657520093856627, -3.396157070337596, -3.5877758964300575, -4.326861031244018, -4.689697158592884, -4.797941407614924, -4.844750641172805, -4.8824136997334415, -5.08182296731627, -5.397377783337171]}