{"params": [1.12539149, 0.00580744, -0.02769951, 0.24128228, 0.39357058, 0.24532278, 0.31758212, 0.03264741, 0.39255724, 0.29129791, 0.17736319, 1.22840945, 0.06529806, -0.08767248, -0.00929482, 0.1912368, 0.15885343, -0.08313648, -0.04223759, 0.04642368, 0.69098403, 0.19515249, -0.02262973, 0.2610624, -0.04940549, 0.2258214, -0.04741515, 0.05521196, 0.23697652, 0.44306717, -0.08009245, 0.14963335, 0.29013961, 0.25864873, 0.48877056, 0.59112751, 0.62407045, 0.65754951, 0.55619131, 0.47242586, 0.85699432, 1.25324886], "expectation_values": [0.0076762720303145725, -0.9841040942491814, -1.4267868214407615, -1.5814785147026582, 1.0654868956774641, 1.3846000479564915, 1.5875870916214008, 1.7930682800223425, 1.4985687474701732, 1.6070808684050506, -0.10635924124937843], "best": [[-0.3800313693858621, 0.5573793417659312], [1.5666578571788887, 1.448038510049825, 0.32936052013441386, 0.022059298445898788, 0.19352364641703537, -0.8614044372746207], [1.5666578571788887, 1.448038510049825, 0.1692230650432667, 0.7082060421462563, 0.32936052013441386, 0.022059298445898788, 0.19352364641703537, 0.31935689108441995, -0.11564390895687451, -0.25335424625724134], [1.5666578571788887, 1.448038510049825, 0.1692230650432667, 0.7082060421462563, 0.21794530643756796, -0.10347903142612867, -0.2786896708829655, 0.022059298445898788, 0.19352364641703537, 0.31935689108441995, -0.11564390895687451, -0.04227502923325429, 0.1848794076578926, 0.7600627387717243], [1.5666578571788887, 1.448038510049825, 0.1692230650432667, 0.7082060421462563, 0.21794530643756796, -0.10347903142612867, -0.026884297326011535, 0.08061196964363374, -0.3293605201344138, 0.022059298445898788, 0.19352364641703537, 0.31935689108441995, -0.11564390895687451, -0.04227502923325429, 0.1848794076578926, 0.13254270494940393, 0.33077956856122775, 0.25335424625724134], [1.5666578571788887, 1.448038510049825, 0.1692230650432667, 0.7082060421462563, 0.21794530643756796, -0.10347903142612867, -0.026884297326011535, 0.08061196964363374, 0.3010304297514599, 0.13450002750512813, -0.734727314146, 0.022059298445898788, 0.19352364641703537, 0.31935689108441995, -0.11564390895687451, -0.04227502923325429, 0.1848794076578926, 0.13254270494940393, 0.33077956856122775, 0.5173278216641216, 0.1433234916474925, -0.4560376432630344], [1.5666578571788887, 1.448038510049825, 0.1692230650432667, 0.7082060421462563, 0.21794530643756796, -0.10347903142612867, -0.026884297326011535, 0.08061196964363374, 0.3010304297514599, 0.13450002750512813, 0.19975911709917818, 1.2782729618651545, -0.7853981633974483, 0.022059298445898788, 0.19352364641703537, 0.31935689108441995, -0.11564390895687451, -0.04227502923325429, 0.1848794076578926, 0.13254270494940393, 0.33077956856122775, 0.5173278216641216, 0.1433234916474925, 0.4232950373908903, 0.16220906416244985, -0.9627461357775172], [1.5666578571788887, 1.448038510049825, 0.1692230650432667, 0.7082060421462563, 0.21794530643756796, -0.10347903142612867, -0.026884297326011535, 0.08061196964363374, 0.3010304297514599, 0.13450002750512813, 0.19975911709917818, 1.2782729618651545, 0.07457027165851383, 0.11392503112260634, -0.7853981633974483, 0.022059298445898788, 0.19352364641703537, 0.31935689108441995, -0.11564390895687451, -0.04227502923325429, 0.1848794076578926, 0.13254270494940393, 0.33077956856122775, 0.5173278216641216, 0.1433234916474925, 0.4232950373908903, 0.16220906416244985, 0.0990502602453065, 0.5246544904901558, 1.5707963267948966], [1.5666578571788887, 1.448038510049825, 0.1692230650432667, 0.7082060421462563, 0.21794530643756796, -0.10347903142612867, -0.026884297326011535, 0.08061196964363374, 0.3010304297514599, 0.13450002750512813, 0.19975911709917818, 1.2782729618651545, 0.07457027165851383, 0.11392503112260634, -0.03331310707160263, -0.006590056041987253, 0.7853981633974483, 0.022059298445898788, 0.19352364641703537, 0.31935689108441995, -0.11564390895687451, -0.04227502923325429, 0.1848794076578926, 0.13254270494940393, 0.33077956856122775, 0.5173278216641216, 0.1433234916474925, 0.4232950373908903, 0.16220906416244985, 0.0990502602453065, 0.5246544904901558, 0.691986695262148, 0.569035958350587, 0.25335424625724134], [1.5666578571788887, 1.448038510049825, 0.1692230650432667, 0.7082060421462563, 0.21794530643756796, -0.10347903142612867, -0.026884297326011535, 0.08061196964363374, 0.3010304297514599, 0.13450002750512813, 0.19975911709917818, 1.2782729618651545, 0.07457027165851383, 0.11392503112260634, -0.03331310707160263, -0.006590056041987253, -0.04756663129983123, 0.09901476933494036, -0.734727314146, 0.022059298445898788, 0.19352364641703537, 0.31935689108441995, -0.11564390895687451, -0.04227502923325429, 0.1848794076578926, 0.13254270494940393, 0.33077956856122775, 0.5173278216641216, 0.1433234916474925, 0.4232950373908903, 0.16220906416244985, 0.0990502602453065, 0.5246544904901558, 0.691986695262148, 0.569035958350587, 0.5215716444536017, 0.6103983193274567, -0.8614044372746207], [1.5666578571788887, 1.448038510049825, 0.1692230650432667, 0.7082060421462563, 0.21794530643756796, -0.10347903142612867, -0.026884297326011535, 0.08061196964363374, 0.3010304297514599, 0.13450002750512813, 0.19975911709917818, 1.2782729618651545, 0.07457027165851383, 0.11392503112260634, -0.03331310707160263, -0.006590056041987253, -0.04756663129983123, 0.09901476933494036, 0.0596732905035729, -0.011663939970065429, 0.734727314146, 0.022059298445898788, 0.19352364641703537, 0.31935689108441995, -0.11564390895687451, -0.04227502923325429, 0.1848794076578926, 0.13254270494940393, 0.33077956856122775, 0.5173278216641216, 0.1433234916474925, 0.4232950373908903, 0.16220906416244985, 0.0990502602453065, 0.5246544904901558, 0.691986695262148, 0.569035958350587, 0.5215716444536017, 0.6103983193274567, 0.3301295543099415, 0.7134079027269128, 1.1654295327833104]], "best_expectation_values": [-2.566560167095026, -2.8120401986833143, -3.2379815543111587, -3.81366063879286, -3.7276006956454264, -3.9530717312628316, -3.824195384098239, -3.5484637654376088, -3.6591736539831907, -4.243362655950573, -4.381539044289783]}