{"params": [1.65276898, 1.64224637, 0.09083338, 0.26934954, 0.64539953, -0.11197423, 0.22156755, 0.25452934, 0.25058279, 0.09791255, -0.00918327, 1.35834422, 0.01274754, -0.00334659, -0.00925712, 0.12536815, 0.16460021, -0.11218832, -0.00353883, 0.03620717, 0.72858994, -0.13948172, 0.1889652, 0.34751603, -0.06176278, 0.0730306, 0.2731043, 0.19594127, 0.06312972, 0.16994239, 0.02905909, 0.38066869, 0.07367954, 0.28176382, 0.42518111, 0.37934107, 0.61686626, 0.5901847, 0.77589231, 0.45616147, 0.81975667, 1.21823078], "expectation_values": [-2.8419649446276285e-17, 0.6175936823618906, -2.6704230618719187, -1.035347981840565, 1.1967717642670868, 1.681219583755134, -0.36022160949637844, -0.48095957575645754, 1.0549170026297385, 1.465665960394535, -0.05139738923693666], "best": [[-0.3800313693858621, 0.5573793417659312], [1.6527689782936423, 1.642246365207373, -0.3800313693858621, -0.13948172120450528, 0.18896519890428404, 0.5573793417659312], [1.6527689782936423, 1.642246365207373, 0.09083338202592588, 0.26934953866840566, 0.6333856156431035, -0.13948172120450528, 0.18896519890428404, 0.34751603032254447, -0.06176278496048777, -0.3546959447601379], [1.6527689782936423, 1.642246365207373, 0.09083338202592588, 0.26934953866840566, 0.6453995315054528, -0.11197423142846609, -0.3293605201344138, -0.13948172120450528, 0.18896519890428404, 0.34751603032254447, -0.06176278496048777, 0.07303059561823307, 0.2731043014563792, 0.5573793417659312], [1.6527689782936423, 1.642246365207373, 0.09083338202592588, 0.26934953866840566, 0.6453995315054528, -0.11197423142846609, 0.22156755010201165, 0.25452933509925335, -0.6333856156431035, -0.13948172120450528, 0.18896519890428404, 0.34751603032254447, -0.06176278496048777, 0.07303059561823307, 0.2731043014563792, 0.19594127292483882, 0.06312971906458752, 0.1520125477543448], [1.6527689782936423, 1.642246365207373, 0.09083338202592588, 0.26934953866840566, 0.6453995315054528, -0.11197423142846609, 0.22156755010201165, 0.25452933509925335, 0.2505827889277556, 0.09791255300256049, 0.5320439171402069, -0.13948172120450528, 0.18896519890428404, 0.34751603032254447, -0.06176278496048777, 0.07303059561823307, 0.2731043014563792, 0.19594127292483882, 0.06312971906458752, 0.16994238566618833, 0.029059094274809467, -0.3546959447601379], [1.6527689782936423, 1.642246365207373, 0.09083338202592588, 0.26934953866840566, 0.6453995315054528, -0.11197423142846609, 0.22156755010201165, 0.25452933509925335, 0.2505827889277556, 0.09791255300256049, -0.009183266208584466, 1.3583442239070727, 0.48137306788875867, -0.13948172120450528, 0.18896519890428404, 0.34751603032254447, -0.06176278496048777, 0.07303059561823307, 0.2731043014563792, 0.19594127292483882, 0.06312971906458752, 0.16994238566618833, 0.029059094274809467, 0.3806686875507467, 0.07367953700530182, -0.8614044372746207], [1.6527689782936423, 1.642246365207373, 0.09083338202592588, 0.26934953866840566, 0.6453995315054528, -0.11197423142846609, 0.22156755010201165, 0.25452933509925335, 0.2505827889277556, 0.09791255300256049, -0.009183266208584466, 1.3583442239070727, 0.012747540067285559, -0.0033465931110332695, 0.48137306788875867, -0.13948172120450528, 0.18896519890428404, 0.34751603032254447, -0.06176278496048777, 0.07303059561823307, 0.2731043014563792, 0.19594127292483882, 0.06312971906458752, 0.16994238566618833, 0.029059094274809467, 0.3806686875507467, 0.07367953700530182, 0.28176382244392423, 0.42518111443508, -1.5707963267948966], [1.6527689782936423, 1.642246365207373, 0.09083338202592588, 0.26934953866840566, 0.6453995315054528, -0.11197423142846609, 0.22156755010201165, 0.25452933509925335, 0.2505827889277556, 0.09791255300256049, -0.009183266208584466, 1.3583442239070727, 0.012747540067285559, -0.0033465931110332695, -0.009257119230737881, 0.12536815305238555, -0.6333856156431035, -0.13948172120450528, 0.18896519890428404, 0.34751603032254447, -0.06176278496048777, 0.07303059561823307, 0.2731043014563792, 0.19594127292483882, 0.06312971906458752, 0.16994238566618833, 0.029059094274809467, 0.3806686875507467, 0.07367953700530182, 0.28176382244392423, 0.42518111443508, 0.3793410695758952, 0.616866259314883, 0.6587210402688277], [1.6527689782936423, 1.642246365207373, 0.09083338202592588, 0.26934953866840566, 0.6453995315054528, -0.11197423142846609, 0.22156755010201165, 0.25452933509925335, 0.2505827889277556, 0.09791255300256049, -0.009183266208584466, 1.3583442239070727, 0.012747540067285559, -0.0033465931110332695, -0.009257119230737881, 0.12536815305238555, 0.16460021229677946, -0.11218832438420277, -0.734727314146, -0.13948172120450528, 0.18896519890428404, 0.34751603032254447, -0.06176278496048777, 0.07303059561823307, 0.2731043014563792, 0.19594127292483882, 0.06312971906458752, 0.16994238566618833, 0.029059094274809467, 0.3806686875507467, 0.07367953700530182, 0.28176382244392423, 0.42518111443508, 0.3793410695758952, 0.616866259314883, 0.5901846991722223, 0.7758923121731954, -0.6587210402688276], [1.6527689782936423, 1.642246365207373, 0.09083338202592588, 0.26934953866840566, 0.6453995315054528, -0.11197423142846609, 0.22156755010201165, 0.25452933509925335, 0.2505827889277556, 0.09791255300256049, -0.009183266208584466, 1.3583442239070727, 0.012747540067285559, -0.0033465931110332695, -0.009257119230737881, 0.12536815305238555, 0.16460021229677946, -0.11218832438420277, -0.003538833607411933, 0.036207165465426454, 0.734727314146, -0.13948172120450528, 0.18896519890428404, 0.34751603032254447, -0.06176278496048777, 0.07303059561823307, 0.2731043014563792, 0.19594127292483882, 0.06312971906458752, 0.16994238566618833, 0.029059094274809467, 0.3806686875507467, 0.07367953700530182, 0.28176382244392423, 0.42518111443508, 0.3793410695758952, 0.616866259314883, 0.5901846991722223, 0.7758923121731954, 0.45616146719203554, 0.8197566742339892, 1.266771231286207]], "best_expectation_values": [-3.8514483724967605, -3.9910152983038416, -3.6529393731183326, -5.477923934818761, -3.9905155167433213, -5.40676037569584, -5.150212688483755, -5.216486555684896, -6.060171525659186, -6.959891114833873, -7.049058895477467]}