{"params": [1.09446118, 0.48297373, 0.40155402, 0.0604239, -0.09674918, 0.85786116, 0.22945176, 0.02785654, 0.3318827, 0.2634308, 0.16740289, 1.17059183, 0.25358188, 0.08204055, 0.0379538, -0.03259853, -0.18127062, 0.01420262, 0.12959035, 0.05886103, 0.43946541, -0.09646148, 0.3060005, -0.00671341, 0.24383268, 0.15666511, 0.35960608, 0.10201884, 0.3304754, 0.56334131, 0.00967571, 0.3315515, 0.35045858, 0.01811458, 0.41549108, 0.71929741, 0.49631184, 0.48891437, 0.50620298, 0.61084222, 0.70689706, 1.48949662], "expectation_values": [0.4689946995970206, 2.1990647274296196, -1.468038714107097, -0.977297932002273, 0.11361978813521584, 0.2775821234370712, 1.2549655116436758, 1.4260974667270996, 0.028681583976645733, -0.29500428689195896, 0.34613816542529946], "best": [[-0.3800313693858621, 0.5573793417659312], [1.0944611795274513, 0.48297372979099296, 0.5320439171402069, -0.09646148166446156, 0.3060004964681863, -0.25335424625724134], [1.0944611795274513, 0.48297372979099296, 0.40155401968938337, 0.06042389713611693, -0.3293605201344138, -0.09646148166446156, 0.3060004964681863, -0.006713413137788901, 0.2438326844586222, 0.5573793417659312], [1.0944611795274513, 0.48297372979099296, 0.40155401968938337, 0.06042389713611693, -0.0967491833376602, 0.8578611563301702, 0.4307022186373104, -0.09646148166446156, 0.3060004964681863, -0.006713413137788901, 0.2438326844586222, 0.15666510599248248, 0.3596060843756163, -0.1520125477543448], [1.0944611795274513, 0.48297372979099296, 0.40155401968938337, 0.06042389713611693, -0.0967491833376602, 0.8578611563301702, 0.22945176340188353, 0.02785654070585527, -0.3293605201344138, -0.09646148166446156, 0.3060004964681863, -0.006713413137788901, 0.2438326844586222, 0.15666510599248248, 0.3596060843756163, 0.10201884044548833, 0.33047539860247305, 0.45603764326303464], [1.0944611795274513, 0.48297372979099296, 0.40155401968938337, 0.06042389713611693, -0.0967491833376602, 0.8578611563301702, 0.22945176340188353, 0.02785654070585527, 0.33188269582114877, 0.2634307976653046, 0.6840564648945517, -0.09646148166446156, 0.3060004964681863, -0.006713413137788901, 0.2438326844586222, 0.15666510599248248, 0.3596060843756163, 0.10201884044548833, 0.33047539860247305, 0.5633413091468369, 0.009675714379296369, -0.1520125477543448], [1.0944611795274513, 0.48297372979099296, 0.40155401968938337, 0.06042389713611693, -0.0967491833376602, 0.8578611563301702, 0.22945176340188353, 0.02785654070585527, 0.33188269582114877, 0.2634307976653046, 0.16740289358883434, 1.1705918291487436, 0.5827147663916552, -0.09646148166446156, 0.3060004964681863, -0.006713413137788901, 0.2438326844586222, 0.15666510599248248, 0.3596060843756163, 0.10201884044548833, 0.33047539860247305, 0.5633413091468369, 0.009675714379296369, 0.3315515041183536, 0.35045858298322113, -0.8614044372746207], [1.0944611795274513, 0.48297372979099296, 0.40155401968938337, 0.06042389713611693, -0.0967491833376602, 0.8578611563301702, 0.22945176340188353, 0.02785654070585527, 0.33188269582114877, 0.2634307976653046, 0.16740289358883434, 1.1705918291487436, 0.25358187993613496, 0.08204055388284073, 0.5827147663916552, -0.09646148166446156, 0.3060004964681863, -0.006713413137788901, 0.2438326844586222, 0.15666510599248248, 0.3596060843756163, 0.10201884044548833, 0.33047539860247305, 0.5633413091468369, 0.009675714379296369, 0.3315515041183536, 0.35045858298322113, 0.018114583159343126, 0.4154910805438315, -1.1654295327833104], [1.0944611795274513, 0.48297372979099296, 0.40155401968938337, 0.06042389713611693, -0.0967491833376602, 0.8578611563301702, 0.22945176340188353, 0.02785654070585527, 0.33188269582114877, 0.2634307976653046, 0.16740289358883434, 1.1705918291487436, 0.25358187993613496, 0.08204055388284073, 0.0379537955494689, -0.032598525014727285, -0.5827147663916552, -0.09646148166446156, 0.3060004964681863, -0.006713413137788901, 0.2438326844586222, 0.15666510599248248, 0.3596060843756163, 0.10201884044548833, 0.33047539860247305, 0.5633413091468369, 0.009675714379296369, 0.3315515041183536, 0.35045858298322113, 0.018114583159343126, 0.4154910805438315, 0.7192974086836607, 0.49631184063666867, 0.7600627387717243], [1.0944611795274513, 0.48297372979099296, 0.40155401968938337, 0.06042389713611693, -0.0967491833376602, 0.8578611563301702, 0.22945176340188353, 0.02785654070585527, 0.33188269582114877, 0.2634307976653046, 0.16740289358883434, 1.1705918291487436, 0.25358187993613496, 0.08204055388284073, 0.0379537955494689, -0.032598525014727285, -0.1812706209763866, 0.014202615536524594, -0.43070221863731034, -0.09646148166446156, 0.3060004964681863, -0.006713413137788901, 0.2438326844586222, 0.15666510599248248, 0.3596060843756163, 0.10201884044548833, 0.33047539860247305, 0.5633413091468369, 0.009675714379296369, 0.3315515041183536, 0.35045858298322113, 0.018114583159343126, 0.4154910805438315, 0.7192974086836607, 0.49631184063666867, 0.4889143692560922, 0.5062029798957665, -0.25335424625724134], [1.0944611795274513, 0.48297372979099296, 0.40155401968938337, 0.06042389713611693, -0.0967491833376602, 0.8578611563301702, 0.22945176340188353, 0.02785654070585527, 0.33188269582114877, 0.2634307976653046, 0.16740289358883434, 1.1705918291487436, 0.25358187993613496, 0.08204055388284073, 0.0379537955494689, -0.032598525014727285, -0.1812706209763866, 0.014202615536524594, 0.12959035288084553, 0.058861028345833344, 0.4307022186373104, -0.09646148166446156, 0.3060004964681863, -0.006713413137788901, 0.2438326844586222, 0.15666510599248248, 0.3596060843756163, 0.10201884044548833, 0.33047539860247305, 0.5633413091468369, 0.009675714379296369, 0.3315515041183536, 0.35045858298322113, 0.018114583159343126, 0.4154910805438315, 0.7192974086836607, 0.49631184063666867, 0.4889143692560922, 0.5062029798957665, 0.6108422191127204, 0.7068970599447022, 1.469454628292]], "best_expectation_values": [-2.5665601670950267, -2.768021162453322, -3.2807587299671277, -3.565351744143618, -3.8256141767351286, -3.967412283250473, -2.7509247409711794, -3.7768286153402157, -3.763512636853907, -3.7970041266891643, -4.5333278389655325]}