{"params": [-0.24016051, -0.04270226, -0.30295386, -0.19641572, -0.06614744, -0.05456846, -0.36157278, 1.06375025, 1.15685037, 0.2492983, 1.3704054, 0.46473313, 0.48700418, 0.57491601], "expectation_values": [-5.7320369217190885, -30.017235791109997, -26.106238392024956, 17.171440086147545, -30.699821905335163, -30.011984860423322, -52.95880570414957], "best": [[0.8614044372746208, 1.9254922715550347], [-0.240160506989502, -0.3546959447601379, 1.0637502491057584, -2.533542462572414], [-0.240160506989502, -0.04270225809313326, 0.3546959447601379, 1.0637502491057584, 1.1568503719454613, -0.3040250955086896], [-0.240160506989502, -0.04270225809313326, -0.3029538648986196, 0.5573793417659312, 1.0637502491057584, 1.1568503719454613, 0.24929829979746237, -1.5201254775434483], [-0.240160506989502, -0.04270225809313326, -0.3029538648986196, -0.19641571806018399, -0.3546959447601379, 1.0637502491057584, 1.1568503719454613, 0.24929829979746237, 1.3704054025770143, 1.5201254775434485], [-0.240160506989502, -0.04270225809313326, -0.3029538648986196, -0.19641571806018399, -0.06614743715475795, 0.3546959447601379, 1.0637502491057584, 1.1568503719454613, 0.24929829979746237, 1.3704054025770143, 0.4647331297575276, -2.330859065566621], [-0.240160506989502, -0.04270225809313326, -0.3029538648986196, -0.19641571806018399, -0.06614743715475795, -0.0545684566223351, 0.3546959447601379, 1.0637502491057584, 1.1568503719454613, 0.24929829979746237, 1.3704054025770143, 0.4647331297575276, 0.4870041756941592, -2.330859065566621]], "best_expectation_values": [-52.515207379032546, -50.67887012111551, -49.401762852065, -49.768468589449604, -50.24168333959344, -52.111517702558885, -50.489782608504726]}