{"params": [-0.3932028, -0.17566655, -0.24498445, 0.08872321, -0.25673397, -0.11563145, -0.08723537, 0.04339992, 0.13640999, 0.30669308, 0.32198871, 0.4432205, 0.26052005, 1.59570193], "expectation_values": [-7.164102914069315, -67.28415993517278, -70.878470509553, -68.58112947153165, -62.877528216257694, -68.91408637334781, -74.02067604593672], "best": [[0.5573793417659312, 2.533542462572414], [-0.4241852586174944, 0.1520125477543448, 0.03411499664163935, -0.10134169850289654], [-0.4241852586174944, -0.19568357126499603, 0.25335424625724134, 0.03411499664163935, 0.11669230561581621, -1.7228088745492414], [-0.4241852586174944, -0.19568357126499603, -0.2034184712420125, 0.1520125477543448, 0.03411499664163935, 0.11669230561581621, 0.3542160984410565, -2.1281756685608277], [-0.4241852586174944, -0.19568357126499603, -0.2034184712420125, 0.0709238910252454, -0.1520125477543448, 0.03411499664163935, 0.11669230561581621, 0.3542160984410565, 0.348609356503344, 1.3174420805376554], [-0.4241852586174944, -0.19568357126499603, -0.2034184712420125, 0.0709238910252454, -0.24757235897552846, 0.05067084925144827, 0.03411499664163935, 0.11669230561581621, 0.3542160984410565, 0.348609356503344, 0.4363534315710554, 3.141592653589793], [-0.4241852586174944, -0.19568357126499603, -0.2034184712420125, 0.0709238910252454, -0.24757235897552846, -0.058101992247178505, 0.05067084925144827, 0.03411499664163935, 0.11669230561581621, 0.3542160984410565, 0.348609356503344, 0.4363534315710554, 0.31026164666848616, -1.7228088745492414]], "best_expectation_values": [-72.10226887612782, -71.27010523275702, -72.3237742740017, -72.25406988559506, -72.33621330610525, -73.09568569210423, -73.31477010369173]}