{"params": [0.6408018, 0.57033181, -0.03435938, 0.42460156, -0.00542487, -0.26254091, -0.13291455, -0.36004868, -0.6871072, -1.51777307, 0.70384832, 1.15961041, 1.02611454, -1.23250184], "expectation_values": [-2.0936726479943664, -3.936196507130806, -4.243982603212202, -7.558753679526262, -7.3135124985092865, -8.51111990597468, -9.18482819495404], "best": [[0.38003136938586213, -0.6587210402688276], [0.6408018038425201, 0.38003136938586213, -0.3600486759879934, -0.8614044372746207], [0.6408018038425201, 0.5703318066054961, 0.32936052013441386, -0.3600486759879934, -0.687107196360433, -0.8614044372746207], [0.6408018038425201, 0.5703318066054961, -0.034359379930714834, 0.32936052013441386, -0.3600486759879934, -0.687107196360433, -1.5177730743251912, 0.6587210402688277], [0.6408018038425201, 0.5703318066054961, -0.034359379930714834, 0.4246015643851628, 0.17734797238006894, -0.3600486759879934, -0.687107196360433, -1.5177730743251912, 0.7038483238888601, -0.8614044372746207], [0.6408018038425201, 0.5703318066054961, -0.034359379930714834, 0.4246015643851628, -0.0054248672751073534, -0.17734797238006894, -0.3600486759879934, -0.687107196360433, -1.5177730743251912, 0.7038483238888601, 1.1596104068054185, 1.1654295327833104], [0.6408018038425201, 0.5703318066054961, -0.034359379930714834, 0.4246015643851628, -0.0054248672751073534, -0.2625409119412077, -0.12667712312862067, -0.3600486759879934, -0.687107196360433, -1.5177730743251912, 0.7038483238888601, 1.1596104068054185, 1.026114540307453, -1.1654295327833104]], "best_expectation_values": [-4.587296054302257, -6.393258733107557, -7.871094746808943, -7.987137050304443, -8.80647814142947, -8.812597326140327, -9.174530173811625]}