{"params": [0.84184337, 0.20693751, 0.09197488, -0.09836766, 0.08143762, 0.06404613, -0.06800837, 1.92537508, 1.68897581, 0.28610811, 2.78024438, -3.12928289, -0.32801995, -3.15444363], "expectation_values": [-52.492211650379865, -51.36455433226503, -53.45398286562369, -54.24613339631722, -54.82320697427888, -54.89910102632362, -55.87739710111825], "best": [[0.8614044372746208, 1.9254922715550347], [0.8418433723531082, 0.1520125477543448, 1.925375084713542, 1.7228088745492416], [0.8418433723531082, 0.20693750528250765, -0.1520125477543448, 1.925375084713542, 1.6889758098247336, 1.5201254775434485], [0.8418433723531082, 0.20693750528250765, 0.09197488008521182, -0.05067084925144827, 1.925375084713542, 1.6889758098247336, 0.28610811031567907, 2.736225859578207], [0.8418433723531082, 0.20693750528250765, 0.09197488008521182, -0.09836766297951541, -0.05067084925144827, 1.925375084713542, 1.6889758098247336, 0.28610811031567907, 2.7802443810812787, -1.3174420805376552], [0.8418433723531082, 0.20693750528250765, 0.09197488008521182, -0.09836766297951541, 0.08143761736939849, 0.05067084925144827, 1.925375084713542, 1.6889758098247336, 0.28610811031567907, 2.7802443810812787, -3.1292828873986953, -0.10134169850289654], [0.8418433723531082, 0.20693750528250765, 0.09197488008521182, -0.09836766297951541, 0.08143761736939849, 0.06404613058655975, -0.05067084925144827, 1.925375084713542, 1.6889758098247336, 0.28610811031567907, 2.7802443810812787, -3.1292828873986953, -0.32801995444601345, 3.141592653589793]], "best_expectation_values": [-52.492211650379865, -53.43379532563589, -53.67295852447877, -54.24613339631722, -55.040923702939196, -54.97054626205933, -55.78494851222657]}