{"params": [-0.39738539, -0.17212175, -0.23882029, -0.18737074, -0.19331945, 0.84532163, -0.05665862, 0.06788065, 0.20313542, 0.26953099, 0.29725638, 0.56166283, 0.44526303, 1.59395064], "expectation_values": [-17.86468241544594, -33.402197637171184, -44.14660511163489, -44.52561677832684, -34.723393638448705, -42.249706931785134, -50.844316112771764], "best": [[0.8614044372746208, 1.9254922715550347], [-0.3973853898829369, 0.1520125477543448, 0.06788065329398352, 0.3040250955086896], [-0.3973853898829369, -0.17212174934829857, 0.25335424625724134, 0.06788065329398352, 0.20313542090642164, -2.1281756685608277], [-0.3973853898829369, -0.17212174934829857, -0.2388202910201138, -0.1520125477543448, 0.06788065329398352, 0.20313542090642164, 0.26953099014653975, 0.9120752865260693], [-0.3973853898829369, -0.17212174934829857, -0.2388202910201138, -0.18737073578414176, 0.45603764326303464, 0.06788065329398352, 0.20313542090642164, 0.26953099014653975, 0.29725637543973527, 0.5067084925144827], [-0.3973853898829369, -0.17212174934829857, -0.2388202910201138, -0.18737073578414176, -0.19331944945949986, -0.7600627387717241, 0.06788065329398352, 0.20313542090642164, 0.26953099014653975, 0.29725637543973527, 0.5616628294977024, -2.938909256584], [-0.3973853898829369, -0.17212174934829857, -0.2388202910201138, -0.18737073578414176, -0.19331944945949986, 0.8453216251795541, -0.05067084925144827, 0.06788065329398352, 0.20313542090642164, 0.26953099014653975, 0.29725637543973527, 0.5616628294977024, 0.4452630256269464, 3.141592653589793]], "best_expectation_values": [-52.492211650379865, -47.64194098620457, -48.711036638860804, -49.87648472617027, -48.892180173293596, -48.71250225731606, -51.014251608033874]}