{"params": [-0.33481208, -0.12239006, -0.18261606, -0.09869556, -0.03681296, -0.06096421, 0.01348666, 0.06773597, 1.17571437, 1.49963917, 0.46164292, 0.34203345, 1.53389745, 0.59445126], "expectation_values": [-21.77586141099276, -29.751595151987264, -34.86960967728379, -36.94590598593013, -37.37235732804833, -37.79751173846346, -37.85197060568877], "best": [[-0.9627461357775172, -1.7228088745492414], [-0.33481207518434664, -0.1520125477543448, 0.06773597125302895, 1.9254922715550347], [-0.33481207518434664, -0.12239005594166152, 0.1520125477543448, 0.06773597125302895, 1.175714366900181, -2.736225859578207], [-0.33481207518434664, -0.12239005594166152, -0.18261605631173786, 0.1520125477543448, 0.06773597125302895, 1.175714366900181, 1.4996391654752317, 2.736225859578207], [-0.33481207518434664, -0.12239005594166152, -0.18261605631173786, -0.09869555992169682, -0.05067084925144827, 0.06773597125302895, 1.175714366900181, 1.4996391654752317, 0.4616429167458711, -1.114758683531862], [-0.33481207518434664, -0.12239005594166152, -0.18261605631173786, -0.09869555992169682, -0.03681295933796629, 0.05067084925144827, 0.06773597125302895, 1.175714366900181, 1.4996391654752317, 0.4616429167458711, 0.3420334534352338, 1.9254922715550347], [-0.33481207518434664, -0.12239005594166152, -0.18261605631173786, -0.09869555992169682, -0.03681295933796629, -0.06096420615820686, 0.05067084925144827, 0.06773597125302895, 1.175714366900181, 1.4996391654752317, 0.4616429167458711, 0.3420334534352338, 1.5338974539761776, -0.9120752865260688]], "best_expectation_values": [-36.307799833440285, -32.470327173873606, -35.33456001355164, -37.68028232945144, -37.95726728531161, -37.974697876471154, -37.92611141749403]}