{"params": [0.88007128, 0.22456509, -0.02663752, -0.1121127, 0.11197228, 0.06680977, 0.09550101, 1.92198496, 1.73392234, -2.53087587, -0.6891674, 3.11998726, -0.3022487, -0.30477469], "expectation_values": [-52.503709514706195, -51.37429863161244, -53.78335462900073, -53.69823058789544, -53.17436584534378, -52.417570071691, -56.18654613146463], "best": [[0.8614044372746208, 1.9254922715550347], [0.8461009748851238, 0.1520125477543448, 1.9244684517421569, 1.7228088745492416], [0.8461009748851238, 0.15815250052153634, -0.05067084925144827, 1.9244684517421569, 1.7009249265116686, 2.533542462572414], [0.8461009748851238, 0.15815250052153634, -0.07574000862682173, -0.05067084925144827, 1.9244684517421569, 1.7009249265116686, -2.544749816716596, -0.7093918895202758], [0.8461009748851238, 0.15815250052153634, -0.07574000862682173, -0.12947440556511636, -0.05067084925144827, 1.9244684517421569, 1.7009249265116686, -2.544749816716596, -0.6637396453867399, -1.3174420805376552], [0.8461009748851238, 0.15815250052153634, -0.07574000862682173, -0.12947440556511636, -0.0816989086984251, -0.05067084925144827, 1.9244684517421569, 1.7009249265116686, -2.544749816716596, -0.6637396453867399, -0.34806108871860003, -0.9120752865260688], [0.8461009748851238, 0.15815250052153634, -0.07574000862682173, -0.12947440556511636, -0.0816989086984251, 0.10430798432003911, -0.05067084925144827, 1.9244684517421569, 1.7009249265116686, -2.544749816716596, -0.6637396453867399, -0.34806108871860003, -3.146646882720719, -2.533542462572414]], "best_expectation_values": [-52.503709514706195, -53.46014568602332, -53.842137989216944, -54.488193981834804, -54.56668172542416, -54.86890791967104, -55.50541817578317]}