{"params": [-0.57589142, -0.42510085, -0.31341562, 0.12842396, -0.03453902, 0.08007356, -0.22538818, 0.39097003, 0.76342646, 0.74298551, -0.62510325, 1.35184887, 0.15055302, 0.22588361], "expectation_values": [-2.118879484854978, -4.417825818481124, -5.551293138693015, -5.955199491011319, -6.1610204223357306, -5.494461361748001, -7.034277697674164], "best": [[-0.3800313693858621, 0.5573793417659312], [-0.5758914248973159, -0.2786896708829655, 0.39097003364090055, 0.8614044372746208], [-0.5758914248973159, -0.42510084869128784, -0.2280188216315172, 0.39097003364090055, 0.7634264630482531, 0.9627461357775173], [-0.5758914248973159, -0.42510084869128784, -0.3134156216914984, -0.17734797238006894, 0.39097003364090055, 0.7634264630482531, 0.742985509849532, 0.8614044372746208], [-0.5758914248973159, -0.42510084869128784, -0.3134156216914984, 0.12842395804748097, 0.17734797238006894, 0.39097003364090055, 0.7634264630482531, 0.742985509849532, -0.6251032530834457, -1.3681129297891035], [-0.5758914248973159, -0.42510084869128784, -0.3134156216914984, 0.12842395804748097, -0.03453902231717576, -0.17734797238006894, 0.39097003364090055, 0.7634264630482531, 0.742985509849532, -0.6251032530834457, 1.351848870491829, 0.45603764326303464], [-0.5758914248973159, -0.42510084869128784, -0.3134156216914984, 0.12842395804748097, -0.03453902231717576, 0.08007356238732154, -0.2280188216315172, 0.39097003364090055, 0.7634264630482531, 0.742985509849532, -0.6251032530834457, 1.351848870491829, 0.15055302083827665, 0.25335424625724134]], "best_expectation_values": [-3.9917122057681627, -5.188756449146238, -6.2289899821436165, -6.668417583822688, -7.031043923106694, -7.0190610678347145, -7.027722436162798]}