{"params": [0.55535611, -0.17500057, 0.03556996, 0.0730666, 0.09234743, 0.04823356, -0.0620284, 2.53003443, -1.52176863, -1.3142537, -1.92218345, 1.09861093, 0.30310239, 2.32941877], "expectation_values": [-72.15011831198136, -73.58652868883482, -73.82336653739723, -74.6892847186766, -74.79413078538946, -74.64655528396563, -75.85092816296181], "best": [[0.5573793417659312, 2.533542462572414], [0.5547805577624416, -0.1520125477543448, 2.5304021827598255, -1.5201254775434483], [0.5547805577624416, -0.1783477962702638, -0.05067084925144827, 2.5304021827598255, -1.5219483161279568, -0.3040250955086896], [0.5547805577624416, -0.1783477962702638, 0.0533833500218235, 0.05067084925144827, 2.5304021827598255, -1.5219483161279568, -1.3104851945686125, -1.9254922715550344], [0.5547805577624416, -0.1783477962702638, 0.0533833500218235, 0.0646178985011849, -0.05067084925144827, 2.5304021827598255, -1.5219483161279568, -1.3104851945686125, -1.9234016594826848, 3.141592653589793], [0.5547805577624416, -0.1783477962702638, 0.0533833500218235, 0.0646178985011849, 0.08120627631323453, -0.05067084925144827, 2.5304021827598255, -1.5219483161279568, -1.3104851945686125, -1.9234016594826848, 1.103217643679397, 1.3174420805376554], [0.5547805577624416, -0.1783477962702638, 0.0533833500218235, 0.0646178985011849, 0.08120627631323453, 0.051013433746713605, -0.05067084925144827, 2.5304021827598255, -1.5219483161279568, -1.3104851945686125, -1.9234016594826848, 1.103217643679397, 0.2961081474004152, 2.330859065566621]], "best_expectation_values": [-72.15011831198136, -73.58652868883482, -73.93054698204514, -74.6892847186766, -74.80995630785596, -75.27806206449506, -75.71300807513687]}