{"params": [0.85501007, 0.17393054, -0.06879872, -0.13749536, -0.09896593, 0.10959525, -0.09378067, 1.92513271, 1.72099927, -2.5248001, -0.6791458, -0.36394654, -3.13728033, -2.5171446], "expectation_values": [-52.5037095147062, -53.48277777771113, -53.87874732659556, -53.394834812495496, -54.32968909489552, -53.37545668412654, -56.1060903744104], "best": [[0.8614044372746208, 1.9254922715550347], [0.8550100731006742, 0.1520125477543448, 1.9251327140259882, 1.7228088745492416], [0.8550100731006742, 0.17393053824976035, -0.05067084925144827, 1.9251327140259882, 1.7209992718014766, -2.533542462572414], [0.8550100731006742, 0.17393053824976035, -0.06879872146950788, -0.05067084925144827, 1.9251327140259882, 1.7209992718014766, -2.524800097391615, -0.7093918895202758], [0.8550100731006742, 0.17393053824976035, -0.06879872146950788, -0.13749536446131916, 0.05067084925144827, 1.9251327140259882, 1.7209992718014766, -2.524800097391615, -0.6791458020038104, 1.5201254775434485], [0.8550100731006742, 0.17393053824976035, -0.06879872146950788, -0.13749536446131916, -0.09896592856015879, 0.05067084925144827, 1.9251327140259882, 1.7209992718014766, -2.524800097391615, -0.6791458020038104, -0.36394653908569047, -2.1281756685608277], [0.8550100731006742, 0.17393053824976035, -0.06879872146950788, -0.13749536446131916, -0.09896592856015879, 0.10959524905610597, -0.05067084925144827, 1.9251327140259882, 1.7209992718014766, -2.524800097391615, -0.6791458020038104, -0.36394653908569047, -3.1372803325617236, -2.533542462572414]], "best_expectation_values": [-52.5037095147062, -53.48277777771113, -53.87874732659556, -54.50055403235499, -54.548058550939146, -55.04418771463012, -55.64224299437544]}