{"params": [0.89672736, 0.1792764, -0.13347693, 0.07319281, -0.09071518, 0.05482413, 0.09287342, 1.12452184, 0.72987039, 1.35854713, -3.17353179, -3.16974362, 2.71837062, 0.54369504], "expectation_values": [-92.49133680084034, -93.66268695916652, -95.54328423581435, -95.11996868951292, -94.88360465323363, -94.04933622856242, -98.74135675670591], "best": [[0.8614044372746208, 1.1147586835318624], [0.905272027790934, -0.25335424625724134, 1.1253243131958022, -0.7093918895202758], [0.905272027790934, 0.18825808348269726, -0.05067084925144827, 1.1253243131958022, 0.7250023198918749, 0.9120752865260693], [0.905272027790934, 0.18825808348269726, -0.0834606623858246, -0.05067084925144827, 1.1253243131958022, 0.7250023198918749, 1.35703921266123, 0.3040250955086896], [0.905272027790934, 0.18825808348269726, -0.0834606623858246, 0.07567996449797279, -0.05067084925144827, 1.1253243131958022, 0.7250023198918749, 1.35703921266123, -3.160273863834341, 1.9254922715550347], [0.905272027790934, 0.18825808348269726, -0.0834606623858246, 0.07567996449797279, -0.09673949825143163, -0.05067084925144827, 1.1253243131958022, 0.7250023198918749, 1.35703921266123, -3.160273863834341, 3.1333352138905752, 0.3040250955086896], [0.905272027790934, 0.18825808348269726, -0.0834606623858246, 0.07567996449797279, -0.09673949825143163, 0.0657811043314838, 0.1520125477543448, 1.1253243131958022, 0.7250023198918749, 1.35703921266123, -3.160273863834341, 3.1333352138905752, 2.689622603425215, 1.3174420805376554]], "best_expectation_values": [-92.49133680084034, -94.64076890625122, -95.9562673402477, -96.68182033757233, -96.50564218765807, -96.5775106162636, -97.31510955673494]}