{"params": [1.49646569, 1.34014887, 0.122224273, 0.0422338694, 0.898892824, 0.0529924509, 0.412117192, 0.302809446, 0.156580584, -0.0491701223, 0.0481422893, 1.39977575, 0.00601881081, -0.0310987628, 0.197500742, 0.198559111, 0.194443216, -0.0787382666, -0.131417974, 0.121701704, 0.813426026, 0.118227224, -0.000258362511, 0.0614422438, 0.100019012, 0.176856929, 0.298184511, 0.332073807, -0.0118325762, 0.287310728, 0.171171596, 0.294301118, 0.262459434, 0.252400667, 0.39643164, 0.525032596, 0.435799764, 0.520909765, 0.335510178, 0.552024839, 0.472782991, 1.57649941], "expectation_values": [0.2915935133665431, -0.10812339884193675, 0.6255611494476315, 0.16821919632403007, -0.01974487598052828, 0.9037476933067474, -0.6195660001445233, 0.9900624448959641, 1.9918610853353056, 2.0444735291332683, 0.6538742218892095], "best": [[-0.3293605201344138, 0.5573793417659312], [1.496465691205516, 1.3401488692439585, -0.2786896708829655, 0.11822722430572456, -0.0002583625105488078, 0.5573793417659312], [1.496465691205516, 1.3401488692439585, 0.12222427262999515, 0.04223386937860344, -0.3293605201344138, 0.11822722430572456, -0.0002583625105488078, 0.06144224380246953, 0.10001901249712924, 0.3546959447601379], [1.496465691205516, 1.3401488692439585, 0.12222427262999515, 0.04223386937860344, 0.8988928235346544, 0.0529924508554969, -0.3293605201344138, 0.11822722430572456, -0.0002583625105488078, 0.06144224380246953, 0.10001901249712924, 0.17685692935026215, 0.2981845105493842, 0.5573793417659312], [1.496465691205516, 1.3401488692439585, 0.12222427262999515, 0.04223386937860344, 0.8988928235346544, 0.0529924508554969, 0.4121171923471643, 0.3028094461995772, 0.4307022186373104, 0.11822722430572456, -0.0002583625105488078, 0.06144224380246953, 0.10001901249712924, 0.17685692935026215, 0.2981845105493842, 0.33207380721918195, -0.011832576178635623, -0.25335424625724134], [1.496465691205516, 1.3401488692439585, 0.12222427262999515, 0.04223386937860344, 0.8988928235346544, 0.0529924508554969, 0.4121171923471643, 0.3028094461995772, 0.15658058370569594, -0.04917012231707755, 0.38003136938586213, 0.11822722430572456, -0.0002583625105488078, 0.06144224380246953, 0.10001901249712924, 0.17685692935026215, 0.2981845105493842, 0.33207380721918195, -0.011832576178635623, 0.28731072794056584, 0.1711715961035598, -0.6587210402688276], [1.496465691205516, 1.3401488692439585, 0.12222427262999515, 0.04223386937860344, 0.8988928235346544, 0.0529924508554969, 0.4121171923471643, 0.3028094461995772, 0.15658058370569594, -0.04917012231707755, 0.04814228925632794, 1.3997757454877473, 0.38003136938586213, 0.11822722430572456, -0.0002583625105488078, 0.06144224380246953, 0.10001901249712924, 0.17685692935026215, 0.2981845105493842, 0.33207380721918195, -0.011832576178635623, 0.28731072794056584, 0.1711715961035598, 0.29430111759859745, 0.26245943397069416, -1.266771231286207], [1.496465691205516, 1.3401488692439585, 0.12222427262999515, 0.04223386937860344, 0.8988928235346544, 0.0529924508554969, 0.4121171923471643, 0.3028094461995772, 0.15658058370569594, -0.04917012231707755, 0.04814228925632794, 1.3997757454877473, 0.006018810812774925, -0.031098762792981512, -0.3800313693858621, 0.11822722430572456, -0.0002583625105488078, 0.06144224380246953, 0.10001901249712924, 0.17685692935026215, 0.2981845105493842, 0.33207380721918195, -0.011832576178635623, 0.28731072794056584, 0.1711715961035598, 0.29430111759859745, 0.26245943397069416, 0.25240066721522547, 0.3964316399859524, 1.1654295327833104], [1.496465691205516, 1.3401488692439585, 0.12222427262999515, 0.04223386937860344, 0.8988928235346544, 0.0529924508554969, 0.4121171923471643, 0.3028094461995772, 0.15658058370569594, -0.04917012231707755, 0.04814228925632794, 1.3997757454877473, 0.006018810812774925, -0.031098762792981512, 0.1975007421053899, 0.19855911099838716, -0.6840564648945517, 0.11822722430572456, -0.0002583625105488078, 0.06144224380246953, 0.10001901249712924, 0.17685692935026215, 0.2981845105493842, 0.33207380721918195, -0.011832576178635623, 0.28731072794056584, 0.1711715961035598, 0.29430111759859745, 0.26245943397069416, 0.25240066721522547, 0.3964316399859524, 0.5250325955666477, 0.4357997635296047, 0.1520125477543448], [1.496465691205516, 1.3401488692439585, 0.12222427262999515, 0.04223386937860344, 0.8988928235346544, 0.0529924508554969, 0.4121171923471643, 0.3028094461995772, 0.15658058370569594, -0.04917012231707755, 0.04814228925632794, 1.3997757454877473, 0.006018810812774925, -0.031098762792981512, 0.1975007421053899, 0.19855911099838716, 0.19444321611318005, -0.07873826657572768, 0.7853981633974483, 0.11822722430572456, -0.0002583625105488078, 0.06144224380246953, 0.10001901249712924, 0.17685692935026215, 0.2981845105493842, 0.33207380721918195, -0.011832576178635623, 0.28731072794056584, 0.1711715961035598, 0.29430111759859745, 0.26245943397069416, 0.25240066721522547, 0.3964316399859524, 0.5250325955666477, 0.4357997635296047, 0.5209097649871332, 0.3355101775841357, -0.6587210402688276], [1.496465691205516, 1.3401488692439585, 0.12222427262999515, 0.04223386937860344, 0.8988928235346544, 0.0529924508554969, 0.4121171923471643, 0.3028094461995772, 0.15658058370569594, -0.04917012231707755, 0.04814228925632794, 1.3997757454877473, 0.006018810812774925, -0.031098762792981512, 0.1975007421053899, 0.19855911099838716, 0.19444321611318005, -0.07873826657572768, -0.13141797359436413, 0.12170170351874376, 0.734727314146, 0.11822722430572456, -0.0002583625105488078, 0.06144224380246953, 0.10001901249712924, 0.17685692935026215, 0.2981845105493842, 0.33207380721918195, -0.011832576178635623, 0.28731072794056584, 0.1711715961035598, 0.29430111759859745, 0.26245943397069416, 0.25240066721522547, 0.3964316399859524, 0.5250325955666477, 0.4357997635296047, 0.5209097649871332, 0.3355101775841357, 0.5520248389588032, 0.4727829907584654, -1.5707963267948966]], "best_expectation_values": [-2.7529105051283187, -2.937849288358944, -2.7880253959841506, -3.2461953387406854, -3.2318074687474203, -3.230762716598383, -3.71306177803282, -3.575772595303315, -4.230620461157405, -4.159392040699506, -4.528825460726467]}