{"params": [-0.61619697, -0.53747964, -0.20746136, 0.19331229, 0.08630506, 0.05576125, 0.04745668, 0.38184389, 0.77359254, 0.75789495, -1.02910552, -1.16186806, -0.18097329, 0.00563909], "expectation_values": [-1.948824277999647, -4.213968886428964, -6.326005783746154, -6.728804085953556, -7.430579989732828, -7.818525270472987, -7.8437267536948605], "best": [[-0.3800313693858621, 0.5573793417659312], [-0.6161969720719285, -0.3293605201344138, 0.3818438882577172, 0.8614044372746208], [-0.6161969720719285, -0.5374796367649401, -0.2786896708829655, 0.3818438882577172, 0.7735925446289261, 0.9627461357775173], [-0.6161969720719285, -0.5374796367649401, -0.20746135848716485, 0.17734797238006894, 0.3818438882577172, 0.7735925446289261, 0.7578949524263228, -0.7600627387717241], [-0.6161969720719285, -0.5374796367649401, -0.20746135848716485, 0.19331229296793895, 0.17734797238006894, 0.3818438882577172, 0.7735925446289261, 0.7578949524263228, -1.0291055217953928, -1.266771231286207], [-0.6161969720719285, -0.5374796367649401, -0.20746135848716485, 0.19331229296793895, 0.08630505662564211, 0.0760062738771724, 0.3818438882577172, 0.7735925446289261, 0.7578949524263228, -1.0291055217953928, -1.1618680568162056, -0.1520125477543448], [-0.6161969720719285, -0.5374796367649401, -0.20746135848716485, 0.19331229296793895, 0.08630505662564211, 0.055761249609400536, 0.025335424625724134, 0.3818438882577172, 0.7735925446289261, 0.7578949524263228, -1.0291055217953928, -1.1618680568162056, -0.18097329397794715, -0.05067084925144827]], "best_expectation_values": [-4.422152436707705, -5.875057494889555, -6.85487738080902, -7.056944702122034, -7.84051945214127, -7.818525270472987, -7.829867244290315]}