{"params": [-1.05260239, 0.18875203, -0.08795127, -0.11969309, 0.08982759, -0.10225102, -0.09651104, -1.72059668, 2.48027916, -2.49865524, -0.10833746, 3.20536831, -2.97539665, -0.33475193], "expectation_values": [-35.961107075999564, -37.06772489391151, -37.27755040812822, -36.240483694932735, -37.62076980876515, -36.46758086166382, -39.27524273763032], "best": [[-0.9627461357775172, -1.7228088745492414], [-1.0526023929897483, -0.1520125477543448, -1.7205966803189914, -0.3040250955086896], [-1.0526023929897483, 0.18875202978441777, 0.05067084925144827, -1.7205966803189914, 2.4802791574229506, 0.9120752865260693], [-1.0526023929897483, 0.18875202978441777, -0.08795126548395853, -0.05067084925144827, -1.7205966803189914, 2.4802791574229506, -2.4986552351474534, -0.10134169850289654], [-1.0526023929897483, 0.18875202978441777, -0.08795126548395853, -0.11969308688884993, -0.05067084925144827, -1.7205966803189914, 2.4802791574229506, -2.4986552351474534, -0.10833746053967436, -0.9120752865260688], [-1.0526023929897483, 0.18875202978441777, -0.08795126548395853, -0.11969308688884993, 0.08982758722793105, -0.05067084925144827, -1.7205966803189914, 2.4802791574229506, -2.4986552351474534, -0.10833746053967436, 3.2053683074262986, 2.1281756685608277], [-1.0526023929897483, 0.18875202978441777, -0.08795126548395853, -0.11969308688884993, 0.08982758722793105, -0.10225101775238654, 0.05067084925144827, -1.7205966803189914, 2.4802791574229506, -2.4986552351474534, -0.10833746053967436, 3.2053683074262986, -2.9753966512451018, 2.533542462572414]], "best_expectation_values": [-36.307799833440285, -37.11394611511561, -37.2796048440203, -37.420145665218286, -37.730268303237644, -37.72494680009479, -38.87046730341325]}