{"params": [-0.2975787, -0.06749795, -0.21841719, -0.07275304, -0.03352915, -0.1035112, -0.07980086, 0.07235331, 1.1654686, 1.54020763, 0.45464772, 0.37779876, 1.50474995, 0.5546389], "expectation_values": [-17.948374875442973, -28.91951297595791, -33.552476460549784, -33.66943401734926, -32.69344131576329, -36.26352101199463, -37.44179245606118], "best": [[-0.9627461357775172, -1.7228088745492414], [-0.2975787039990639, -0.1520125477543448, 0.07235331096141762, 1.9254922715550347], [-0.2975787039990639, -0.06749794593209021, -0.1520125477543448, 0.07235331096141762, 1.1654685958647408, 2.1281756685608277], [-0.2975787039990639, -0.06749794593209021, -0.21841719127416015, 0.1520125477543448, 0.07235331096141762, 1.1654685958647408, 1.5402076314996598, -2.330859065566621], [-0.2975787039990639, -0.06749794593209021, -0.21841719127416015, -0.07275304231636581, -0.1520125477543448, 0.07235331096141762, 1.1654685958647408, 1.5402076314996598, 0.4546477183395551, -0.5067084925144827], [-0.2975787039990639, -0.06749794593209021, -0.21841719127416015, -0.07275304231636581, -0.03352914592273605, 0.1520125477543448, 0.07235331096141762, 1.1654685958647408, 1.5402076314996598, 0.4546477183395551, 0.37779875836679067, -3.141592653589793], [-0.2975787039990639, -0.06749794593209021, -0.21841719127416015, -0.07275304231636581, -0.03352914592273605, -0.1035111971320054, -0.05067084925144827, 0.07235331096141762, 1.1654685958647408, 1.5402076314996598, 0.4546477183395551, 0.37779875836679067, 1.5047499525663253, 3.141592653589793]], "best_expectation_values": [-36.30779983344026, -29.72617804972198, -34.52137421919093, -36.29681623765997, -35.250412377928335, -36.903358724288736, -37.21369389999731]}