{"params": [0.37889622, 0.41569359, 0.22944561, 0.19582942, 0.27813655, 0.09119913, -1.38862646, 0.43288338, 0.30343249, 0.45091779, 0.51320742, 0.65914238, 0.60302756, 1.61350787], "expectation_values": [0.4189307327450869, 0.8399049417378401, 1.1305795673060746, 1.291445934963245, 1.5378203295675026, 1.5272482636125548, -1.1010029675366062], "best": [[-0.7600627387717241, 1.5201254775434485], [0.37889622066879947, -0.8614044372746207, 0.4328833822579495, 1.1147586835318624], [0.37889622066879947, 0.4156935857534016, -1.0640878342804139, 0.4328833822579495, 0.3034324903994921, 1.3174420805376554], [0.37889622066879947, 0.4156935857534016, 0.22944561381376055, -1.1654295327833104, 0.4328833822579495, 0.3034324903994921, 0.45091778676662286, 1.1147586835318624], [0.37889622066879947, 0.4156935857534016, 0.22944561381376055, 0.1958294202092384, -1.266771231286207, 0.4328833822579495, 0.3034324903994921, 0.45091778676662286, 0.5132074158087165, 1.1147586835318624], [0.37889622066879947, 0.4156935857534016, 0.22944561381376055, 0.1958294202092384, 0.27813655270745896, -1.3681129297891035, 0.4328833822579495, 0.3034324903994921, 0.45091778676662286, 0.5132074158087165, 0.6591423798738726, 1.9254922715550347], [0.37889622066879947, 0.4156935857534016, 0.22944561381376055, 0.1958294202092384, 0.27813655270745896, 0.09119913101310402, -1.3681129297891035, 0.4328833822579495, 0.3034324903994921, 0.45091778676662286, 0.5132074158087165, 0.6591423798738726, 0.6030275598905965, 1.7228088745492416]], "best_expectation_values": [-0.9637561441983389, -0.9896108357157973, -1.045492071369678, -1.0595070311210468, -1.0651219650987571, -1.0937498120092672, -1.099864032559664]}