{"params": [0.54174678, -0.20418455, 0.06946739, 0.06667273, 0.07877942, 0.0493828, -0.06285043, 2.53087266, -1.52039351, -1.30761498, -1.92563536, 1.09887719, 0.30389962, 2.33253383], "expectation_values": [-72.19796774783491, -70.08403249385181, -73.73878949462193, -74.59928349864457, -74.85480265254115, -74.52333277205507, -75.86221347755078], "best": [[0.5573793417659312, 2.533542462572414], [0.5569756526756766, -0.1520125477543448, 2.529640902993636, -1.5201254775434483], [0.5569756526756766, -0.17748693685300967, -0.05067084925144827, 2.529640902993636, -1.5172761031398205, -0.3040250955086896], [0.5569756526756766, -0.17748693685300967, 0.053513317795999465, 0.05067084925144827, 2.529640902993636, -1.5172761031398205, -1.312459186065833, -1.9254922715550344], [0.5569756526756766, -0.17748693685300967, 0.053513317795999465, 0.07654555174893087, -0.05067084925144827, 2.529640902993636, -1.5172761031398205, -1.312459186065833, -1.917818741651086, 3.141592653589793], [0.5569756526756766, -0.17748693685300967, 0.053513317795999465, 0.07654555174893087, 0.0905523451989864, 0.05067084925144827, 2.529640902993636, -1.5172761031398205, -1.312459186065833, -1.917818741651086, 1.0999801633262687, -0.3040250955086896], [0.5569756526756766, -0.17748693685300967, 0.053513317795999465, 0.07654555174893087, 0.0905523451989864, 0.04210294283918338, -0.05067084925144827, 2.529640902993636, -1.5172761031398205, -1.312459186065833, -1.917818741651086, 1.0999801633262687, 0.2938326976194186, 2.330859065566621]], "best_expectation_values": [-72.19796774783491, -73.55036388011901, -73.86053120844487, -74.59928349864457, -74.9676722120075, -75.41802689808013, -75.7969472960456]}