{"params": [-0.58343413, -0.51018265, -0.24213424, 0.20132341, 0.06998294, -0.14674701, -0.22010974, 0.38761919, 0.78515654, 0.8325252, -0.63086689, 1.4455855, -0.9671547, 1.22734833], "expectation_values": [-1.5891596136412358, -2.3700258352973687, -4.3639493209801135, -4.49467484447063, -4.136656581803299, -4.229331444557779, -5.321552343127317], "best": [[-0.3800313693858621, 0.5573793417659312], [-0.5834341333098656, -0.2786896708829655, 0.38761918733458695, 0.8614044372746208], [-0.5834341333098656, -0.5101826450051835, -0.2786896708829655, 0.38761918733458695, 0.7851565421439811, 0.9627461357775173], [-0.5834341333098656, -0.5101826450051835, -0.24213423571343623, 0.12667712312862067, 0.38761918733458695, 0.7851565421439811, 0.8325252020797705, -0.8614044372746207], [-0.5834341333098656, -0.5101826450051835, -0.24213423571343623, 0.20132340860736017, 0.12667712312862067, 0.38761918733458695, 0.7851565421439811, 0.8325252020797705, -0.6308668920631881, -1.0640878342804139], [-0.5834341333098656, -0.5101826450051835, -0.24213423571343623, 0.20132340860736017, 0.06998294162137227, -0.17734797238006894, 0.38761918733458695, 0.7851565421439811, 0.8325252020797705, -0.6308668920631881, 1.4455855038647645, 0.5573793417659312], [-0.5834341333098656, -0.5101826450051835, -0.24213423571343623, 0.20132340860736017, 0.06998294162137227, -0.14674700968279072, -0.2280188216315172, 0.38761918733458695, 0.7851565421439811, 0.8325252020797705, -0.6308668920631881, 1.4455855038647645, -0.9671547002791816, 1.266771231286207]], "best_expectation_values": [-2.993784154326122, -3.8479718960159857, -4.510075565791182, -4.6879986812064365, -4.922314756965805, -4.863324956981898, -5.311196457606964]}