{"params": [1.24615079, -0.03656603, -0.10389925, 0.33876738, 0.3297934, 0.4447805, 0.19192073, 0.415123, 0.20238254, 0.12604491, 0.09181167, 1.22081241, -0.00590981, 0.01408298, 0.01978763, 0.02971508, -0.39903886, 0.19345438, 0.13295053, 0.12579657, -0.1830869, 0.05550415, 0.19350292, 0.07748131, -0.01353985, 0.1436166, -0.09119708, 0.53579038, 0.21241012, 0.13155833, 0.26530047, 0.09437597, 0.05334983, 0.40360268, 0.16004119, 0.22087168, 0.6563027, 0.89677305, 0.55889428, 0.64111982, 0.6035374, -1.48625489], "expectation_values": [0.007676272030314072, -3.4340447081933947, 0.3346750306549025, -4.050334361764838, 2.2297633310921197, 2.8386147826351475, 2.1695668679557327, 3.1461470628544768, -0.08809414422686825, 3.079663453483196, 3.012286956569982], "best": [[-0.3800313693858621, 0.5573793417659312], [1.4493235063837688, 1.4744771957292588, 0.2786896708829656, 0.19825575474934742, 0.09660277158854187, -0.8614044372746207], [1.4493235063837688, 1.4744771957292588, 0.12109631081348356, 0.440730156740287, 0.6333856156431035, 0.19825575474934742, 0.09660277158854187, 0.3245958641028507, -0.07908847113151342, -0.25335424625724134], [1.4493235063837688, 1.4744771957292588, 0.12109631081348356, 0.440730156740287, 0.47250076849357975, -0.07131059747815773, -0.2786896708829655, 0.19825575474934742, 0.09660277158854187, 0.3245958641028507, -0.07908847113151342, -0.10568544393069328, 0.23664080077176153, 0.7600627387717243], [1.4493235063837688, 1.4744771957292588, 0.12109631081348356, 0.440730156740287, 0.47250076849357975, -0.07131059747815773, 0.23503821105050032, 0.056627426012002054, -0.43070221863731034, 0.19825575474934742, 0.09660277158854187, 0.3245958641028507, -0.07908847113151342, -0.10568544393069328, 0.23664080077176153, 0.22121385879956584, 0.31548280990351457, 0.05067084925144827], [1.4493235063837688, 1.4744771957292588, 0.12109631081348356, 0.440730156740287, 0.47250076849357975, -0.07131059747815773, 0.23503821105050032, 0.056627426012002054, 0.2802815049849368, 0.14524456929144655, 0.734727314146, 0.19825575474934742, 0.09660277158854187, 0.3245958641028507, -0.07908847113151342, -0.10568544393069328, 0.23664080077176153, 0.22121385879956584, 0.31548280990351457, 0.3327980948356812, 0.07333418283863216, -0.3546959447601379], [1.4493235063837688, 1.4744771957292588, 0.12109631081348356, 0.440730156740287, 0.47250076849357975, -0.07131059747815773, 0.23503821105050032, 0.056627426012002054, 0.2802815049849368, 0.14524456929144655, 0.13178445836374691, 1.293377918100333, 0.734727314146, 0.19825575474934742, 0.09660277158854187, 0.3245958641028507, -0.07908847113151342, -0.10568544393069328, 0.23664080077176153, 0.22121385879956584, 0.31548280990351457, 0.3327980948356812, 0.07333418283863216, 0.23395421490220705, 0.23690944142899772, -0.8614044372746207], [1.4493235063837688, 1.4744771957292588, 0.12109631081348356, 0.440730156740287, 0.47250076849357975, -0.07131059747815773, 0.23503821105050032, 0.056627426012002054, 0.2802815049849368, 0.14524456929144655, 0.13178445836374691, 1.293377918100333, 0.06044371520829915, 0.2798244776749334, -0.734727314146, 0.19825575474934742, 0.09660277158854187, 0.3245958641028507, -0.07908847113151342, -0.10568544393069328, 0.23664080077176153, 0.22121385879956584, 0.31548280990351457, 0.3327980948356812, 0.07333418283863216, 0.23395421490220705, 0.23690944142899772, 0.3102966042147374, 0.4886129286673821, 1.469454628292], [1.4493235063837688, 1.4744771957292588, 0.12109631081348356, 0.440730156740287, 0.47250076849357975, -0.07131059747815773, 0.23503821105050032, 0.056627426012002054, 0.2802815049849368, 0.14524456929144655, 0.13178445836374691, 1.293377918100333, 0.06044371520829915, 0.2798244776749334, -0.09335582979854123, 0.04577178902385083, -0.7853981633974483, 0.19825575474934742, 0.09660277158854187, 0.3245958641028507, -0.07908847113151342, -0.10568544393069328, 0.23664080077176153, 0.22121385879956584, 0.31548280990351457, 0.3327980948356812, 0.07333418283863216, 0.23395421490220705, 0.23690944142899772, 0.3102966042147374, 0.4886129286673821, 0.4201217033767722, 0.4148309728235127, 0.7600627387717243], [1.4493235063837688, 1.4744771957292588, 0.12109631081348356, 0.440730156740287, 0.47250076849357975, -0.07131059747815773, 0.23503821105050032, 0.056627426012002054, 0.2802815049849368, 0.14524456929144655, 0.13178445836374691, 1.293377918100333, 0.06044371520829915, 0.2798244776749334, -0.09335582979854123, 0.04577178902385083, -0.010258119455187564, -0.07518505466358308, -0.734727314146, 0.19825575474934742, 0.09660277158854187, 0.3245958641028507, -0.07908847113151342, -0.10568544393069328, 0.23664080077176153, 0.22121385879956584, 0.31548280990351457, 0.3327980948356812, 0.07333418283863216, 0.23395421490220705, 0.23690944142899772, 0.3102966042147374, 0.4886129286673821, 0.4201217033767722, 0.4148309728235127, 0.4790091444418308, 0.8560478938066496, -0.557379341765931], [1.4493235063837688, 1.4744771957292588, 0.12109631081348356, 0.440730156740287, 0.47250076849357975, -0.07131059747815773, 0.23503821105050032, 0.056627426012002054, 0.2802815049849368, 0.14524456929144655, 0.13178445836374691, 1.293377918100333, 0.06044371520829915, 0.2798244776749334, -0.09335582979854123, 0.04577178902385083, -0.010258119455187564, -0.07518505466358308, 0.13473459811461921, 0.14274670932735367, 0.734727314146, 0.19825575474934742, 0.09660277158854187, 0.3245958641028507, -0.07908847113151342, -0.10568544393069328, 0.23664080077176153, 0.22121385879956584, 0.31548280990351457, 0.3327980948356812, 0.07333418283863216, 0.23395421490220705, 0.23690944142899772, 0.3102966042147374, 0.4886129286673821, 0.4201217033767722, 0.4148309728235127, 0.4790091444418308, 0.8560478938066496, 0.29739944420699893, 0.7206963773288088, 1.469454628292]], "best_expectation_values": [-4.278672359727858, -4.848739585925567, -5.3059160874051186, -5.880110234261391, -5.670109020925489, -5.751988075835696, -6.044406001842227, -2.418137118875406, -3.551421335108995, -3.0524802806080737, -6.58776372186523]}