{"params": [1.82964938, 0.37663448, 0.31375973, 0.01892567, -0.13602323, -0.1583299, -0.27710729, 1.56131137, -0.08576055, 0.18239364, 0.70537572, 0.54893132, 0.64989341, 2.51090279], "expectation_values": [1.734917587693855e-18, -1.5206145623433889, -1.5408271159202862, -1.5188884942415006, -1.6562612409098152, -1.673798492474982, -0.7363683021692395], "best": [[-0.7600627387717241, 1.5201254775434485], [1.8296493750274747, 0.5573793417659312, 1.5613113710199702, -0.5067084925144827], [1.8296493750274747, 0.3766344838199453, -0.25335424625724134, 1.5613113710199702, -0.08576054948463707, 3.141592653589793], [1.8296493750274747, 0.3766344838199453, 0.31375973049031297, 0.25335424625724134, 1.5613113710199702, -0.08576054948463707, 0.18239363612125278, -3.141592653589793], [1.8296493750274747, 0.3766344838199453, 0.31375973049031297, 0.018925666774421295, -0.25335424625724134, 1.5613113710199702, -0.08576054948463707, 0.18239363612125278, 0.7053757175880343, 2.1281756685608277], [1.8296493750274747, 0.3766344838199453, 0.31375973049031297, 0.018925666774421295, -0.13602322980098472, -0.25335424625724134, 1.5613113710199702, -0.08576054948463707, 0.18239363612125278, 0.7053757175880343, 0.5489313233019283, 3.141592653589793], [1.8296493750274747, 0.3766344838199453, 0.31375973049031297, 0.018925666774421295, -0.13602322980098472, -0.15832989772276787, -0.25335424625724134, 1.5613113710199702, -0.08576054948463707, 0.18239363612125278, 0.7053757175880343, 0.5489313233019283, 0.6498934094132325, 3.141592653589793]], "best_expectation_values": [-1.6120864935702806, -1.6782844517392463, -1.7063423365266304, -1.747385348130172, -1.6897056168298448, -1.8196591342118944, -1.9544568921848646]}