{"params": [1.47598219, 0.33300193, 0.24500342, 0.12079748, -0.01955127, 0.267125, -0.36245213, 0.9173452, -0.25445866, 0.03252066, -0.0198339, 0.06639587, 0.07240149, 1.88185034], "expectation_values": [0.2647964274430899, -0.8650958972827696, -1.2561001327602808, -1.4800139205334109, -1.3832811080854408, -1.4651026898770665, -1.9077327311596444], "best": [[-0.7600627387717241, 1.7228088745492416], [1.475982193767518, 0.8614044372746208, 0.9173451966625323, -0.9120752865260688], [1.475982193767518, 0.3330019260607728, 0.5573793417659312, 0.9173451966625323, -0.2544586596742574, -0.9120752865260688], [1.475982193767518, 0.3330019260607728, 0.24500341869508696, 0.45603764326303464, 0.9173451966625323, -0.2544586596742574, 0.03252066209054201, -1.114758683531862], [1.475982193767518, 0.3330019260607728, 0.24500341869508696, 0.12079747999372924, -0.3546959447601379, 0.9173451966625323, -0.2544586596742574, 0.03252066209054201, -0.01983389651803442, 2.736225859578207], [1.475982193767518, 0.3330019260607728, 0.24500341869508696, 0.12079747999372924, -0.019551274805717042, -0.3546959447601379, 0.9173451966625323, -0.2544586596742574, 0.03252066209054201, -0.01983389651803442, 0.06639587090807152, 2.736225859578207], [1.475982193767518, 0.3330019260607728, 0.24500341869508696, 0.12079747999372924, -0.019551274805717042, 0.26712500348173246, -0.3546959447601379, 0.9173451966625323, -0.2544586596742574, 0.03252066209054201, -0.01983389651803442, 0.06639587090807152, 0.07240149379500962, 1.9254922715550347]], "best_expectation_values": [-1.656706052084358, -1.8248022978100404, -1.8498854557481879, -1.827969099218232, -1.8427261213478017, -1.8288678580320703, -1.908312303092346]}