{"params": [-0.09641344, 0.42477538, 0.79399668, -0.39709015, -0.05858079, 0.07517814, 0.3736872, -0.05127527, 1.14001181, 0.44631464, 0.3892261, 0.41551111, 1.59162252, 0.6211712], "expectation_values": [-1.782293344563946, -47.71784911006752, 104.37458305681234, 124.59931388580036, -81.7714967127537, -13.584047492869873, -95.51927813911797], "best": [[0.8614044372746208, 1.1147586835318624], [0.3496798444312113, 0.7600627387717243, -0.44335763041638826, 1.5201254775434485], [0.3496798444312113, 0.7764765898733973, 0.1520125477543448, -0.44335763041638826, 1.1527107854137288, -1.7228088745492414], [0.3496798444312113, 0.7764765898733973, 0.7628595196420269, -1.1654295327833104, -0.44335763041638826, 1.1527107854137288, 0.13121666700711215, 1.5201254775434485], [0.3496798444312113, 0.7764765898733973, 0.7628595196420269, 0.857002443942099, -0.1520125477543448, -0.44335763041638826, 1.1527107854137288, 0.13121666700711215, 0.06960613115382479, -1.5201254775434483], [0.3496798444312113, 0.7764765898733973, 0.7628595196420269, 0.857002443942099, -0.6252524982543097, 0.6587210402688277, -0.44335763041638826, 1.1527107854137288, 0.13121666700711215, 0.06960613115382479, 0.23750208826123564, -1.114758683531862], [0.3496798444312113, 0.7764765898733973, 0.7628595196420269, 0.857002443942099, -0.6252524982543097, 0.21623678733984095, 0.3546959447601379, -0.44335763041638826, 1.1527107854137288, 0.13121666700711215, 0.06960613115382479, 0.23750208826123564, 0.38760072420006025, -1.5201254775434483]], "best_expectation_values": [-92.48093412843083, -82.21786751602652, -86.42434069594749, -85.39716354402348, -84.04937902086033, -79.47636078675265, -84.56833500597389]}