{"params": [0.54366609, 0.31308706, 0.4154122, 0.2490013, -0.03561792, 0.93297652, -1.49446916, -1.05892413, -0.47867657, -0.15767978, 0.23999606, 0.42066487, 0.42678738, 2.02758361], "expectation_values": [-1.0644203514384822, -1.191605144743305, -0.8332593681109483, -0.35318367726005, -0.5473529185046127, 2.078066073161735, -1.5862338997350351], "best": [[-0.7600627387717241, 1.9254922715550347], [0.5436660903517615, 0.45603764326303464, -1.058924126577933, -2.533542462572414], [0.5436660903517615, 0.3130870615040519, 0.45603764326303464, -1.058924126577933, -0.4786765736693048, -3.141592653589793], [0.5436660903517615, 0.3130870615040519, 0.415412197695632, -0.4560376432630344, -1.058924126577933, -0.4786765736693048, -0.15767978303661762, 1.5201254775434485], [0.5436660903517615, 0.3130870615040519, 0.415412197695632, 0.24900129790673212, -0.6587210402688276, -1.058924126577933, -0.4786765736693048, -0.15767978303661762, 0.2399960557209223, 0.9120752865260693], [0.5436660903517615, 0.3130870615040519, 0.415412197695632, 0.24900129790673212, -0.03561792373089798, -0.6587210402688276, -1.058924126577933, -0.4786765736693048, -0.15767978303661762, 0.2399960557209223, 0.42066486578852313, 0.5067084925144827], [0.5436660903517615, 0.3130870615040519, 0.415412197695632, 0.24900129790673212, -0.03561792373089798, 0.9329765160731145, -1.3681129297891035, -1.058924126577933, -0.4786765736693048, -0.15767978303661762, 0.2399960557209223, 0.42066486578852313, 0.4267873792952871, 3.141592653589793]], "best_expectation_values": [-1.3144424062938986, -1.6045934859536386, -1.7032465636595022, -1.5863215052451425, -1.5730512439993327, -1.573776891980914, -1.630876876932363]}