{"params": [1.43907839, -0.18004536, 0.0571798, 0.04322562, 0.59155926, 0.16172285, 0.33645761, -0.01732347, 0.31044594, 0.14734883, 0.21092293, 1.2977646, 0.03748579, 0.02882676, 0.01005701, 0.13520466, 0.00788925, 0.03419492, -0.10539554, 0.04033649, -0.87317288, 0.04682852, 0.1065355, 0.03845131, 0.147008, 0.14975845, -0.04571368, 0.01999554, 0.20020907, 0.50559161, 0.06047198, 0.26341083, 0.32728858, 0.38662347, 0.51664202, 0.47331728, 0.53997387, 0.1952452, 0.69404033, 0.40138263, 0.82995117, -1.60358317], "expectation_values": [0.033606854773635085, -0.07123067631597674, 3.5664554422914634, -3.783794249275195, -1.4689530035253975, 2.1904068446758997, 1.3166957426954582, 1.7979863989454206, 2.1499015464248674, 2.4633688223925736, 0.13028747845013572], "best": [[0.38003136938586213, -0.557379341765931], [1.4390783935642963, -0.1800453590656136, 0.32936052013441386, 0.046828515782914894, 0.10653550002534679, -0.7600627387717241], [1.4390783935642963, -0.1800453590656136, 0.05717980307507113, 0.043225620191125136, -0.3800313693858621, 0.046828515782914894, 0.10653550002534679, 0.038451310956589664, 0.14700799834620515, 0.3546959447601379], [1.4390783935642963, -0.1800453590656136, 0.05717980307507113, 0.043225620191125136, 0.5915592632742577, 0.16172285002180994, 0.4307022186373104, 0.046828515782914894, 0.10653550002534679, 0.038451310956589664, 0.14700799834620515, 0.14975845048621503, -0.045713681250119584, -0.1520125477543448], [1.4390783935642963, -0.1800453590656136, 0.05717980307507113, 0.043225620191125136, 0.5915592632742577, 0.16172285002180994, 0.3364576147010423, -0.017323468860090466, -0.2280188216315172, 0.046828515782914894, 0.10653550002534679, 0.038451310956589664, 0.14700799834620515, 0.14975845048621503, -0.045713681250119584, 0.019995540773927782, 0.20020907274359034, 0.6587210402688277], [1.4390783935642963, -0.1800453590656136, 0.05717980307507113, 0.043225620191125136, 0.5915592632742577, 0.16172285002180994, 0.3364576147010423, -0.017323468860090466, 0.3104459360128246, 0.14734882631694826, -0.6840564648945517, 0.046828515782914894, 0.10653550002534679, 0.038451310956589664, 0.14700799834620515, 0.14975845048621503, -0.045713681250119584, 0.019995540773927782, 0.20020907274359034, 0.5055916060894129, 0.060471975941595486, -0.05067084925144827], [1.4390783935642963, -0.1800453590656136, 0.05717980307507113, 0.043225620191125136, 0.5915592632742577, 0.16172285002180994, 0.3364576147010423, -0.017323468860090466, 0.3104459360128246, 0.14734882631694826, 0.21092293370899526, 1.2977645979721966, 0.7853981633974483, 0.046828515782914894, 0.10653550002534679, 0.038451310956589664, 0.14700799834620515, 0.14975845048621503, -0.045713681250119584, 0.019995540773927782, 0.20020907274359034, 0.5055916060894129, 0.060471975941595486, 0.26341082975124536, 0.3272885849481857, -0.7600627387717241], [1.4390783935642963, -0.1800453590656136, 0.05717980307507113, 0.043225620191125136, 0.5915592632742577, 0.16172285002180994, 0.3364576147010423, -0.017323468860090466, 0.3104459360128246, 0.14734882631694826, 0.21092293370899526, 1.2977645979721966, 0.03748579030003462, 0.028826758428211675, 0.7853981633974483, 0.046828515782914894, 0.10653550002534679, 0.038451310956589664, 0.14700799834620515, 0.14975845048621503, -0.045713681250119584, 0.019995540773927782, 0.20020907274359034, 0.5055916060894129, 0.060471975941595486, 0.26341082975124536, 0.3272885849481857, 0.3866234670498591, 0.5166420166599563, 1.469454628292], [1.4390783935642963, -0.1800453590656136, 0.05717980307507113, 0.043225620191125136, 0.5915592632742577, 0.16172285002180994, 0.3364576147010423, -0.017323468860090466, 0.3104459360128246, 0.14734882631694826, 0.21092293370899526, 1.2977645979721966, 0.03748579030003462, 0.028826758428211675, 0.010057012122407744, 0.13520466466743447, 0.6840564648945517, 0.046828515782914894, 0.10653550002534679, 0.038451310956589664, 0.14700799834620515, 0.14975845048621503, -0.045713681250119584, 0.019995540773927782, 0.20020907274359034, 0.5055916060894129, 0.060471975941595486, 0.26341082975124536, 0.3272885849481857, 0.3866234670498591, 0.5166420166599563, 0.4733172761614965, 0.5399738747774186, 0.45603764326303464], [1.4390783935642963, -0.1800453590656136, 0.05717980307507113, 0.043225620191125136, 0.5915592632742577, 0.16172285002180994, 0.3364576147010423, -0.017323468860090466, 0.3104459360128246, 0.14734882631694826, 0.21092293370899526, 1.2977645979721966, 0.03748579030003462, 0.028826758428211675, 0.010057012122407744, 0.13520466466743447, 0.007889247514536908, 0.03419492382273943, 0.6333856156431035, 0.046828515782914894, 0.10653550002534679, 0.038451310956589664, 0.14700799834620515, 0.14975845048621503, -0.045713681250119584, 0.019995540773927782, 0.20020907274359034, 0.5055916060894129, 0.060471975941595486, 0.26341082975124536, 0.3272885849481857, 0.3866234670498591, 0.5166420166599563, 0.4733172761614965, 0.5399738747774186, 0.19524520466736797, 0.6940403338886729, -0.3546959447601379], [1.4390783935642963, -0.1800453590656136, 0.05717980307507113, 0.043225620191125136, 0.5915592632742577, 0.16172285002180994, 0.3364576147010423, -0.017323468860090466, 0.3104459360128246, 0.14734882631694826, 0.21092293370899526, 1.2977645979721966, 0.03748579030003462, 0.028826758428211675, 0.010057012122407744, 0.13520466466743447, 0.007889247514536908, 0.03419492382273943, -0.1053955368658838, 0.04033648619582474, -0.6840564648945517, 0.046828515782914894, 0.10653550002534679, 0.038451310956589664, 0.14700799834620515, 0.14975845048621503, -0.045713681250119584, 0.019995540773927782, 0.20020907274359034, 0.5055916060894129, 0.060471975941595486, 0.26341082975124536, 0.3272885849481857, 0.3866234670498591, 0.5166420166599563, 0.4733172761614965, 0.5399738747774186, 0.19524520466736797, 0.6940403338886729, 0.4013826303189568, 0.8299511679723737, 1.5707963267948966]], "best_expectation_values": [-4.422152436707707, -4.8026391937069945, -4.566996838241427, -5.313313527455566, -5.9979540378319145, -5.828852657589104, -4.535592196466911, -5.334105459142086, -6.375040729548581, -6.20884496001104, -6.68207727963988]}