{"params": [1.70940086, 0.655321, 0.01032413, -0.07787534, -0.21193552, -0.05014559, -0.24562659, 1.01243523, -0.67636578, 0.72813986, 1.62435879, 1.35877173, 1.37119981, 2.22398861], "expectation_values": [2.09392191447578e-17, -0.6942891108654146, -0.6788759935524967, -0.7263263433229283, -0.8868242513574394, -0.9116839939241594, -1.0706881284796876], "best": [[0.6587210402688277, -1.9254922715550344], [1.7094008600540607, 0.6587210402688277, 1.0124352299670483, -1.3174420805376552], [1.7094008600540607, 0.6553209980253354, -0.3546959447601379, 1.0124352299670483, -0.6763657762311975, 3.141592653589793], [1.7094008600540607, 0.6553209980253354, 0.0103241300716783, -0.3546959447601379, 1.0124352299670483, -0.6763657762311975, 0.7281398641472456, 3.141592653589793], [1.7094008600540607, 0.6553209980253354, 0.0103241300716783, -0.07787534498924846, -0.3546959447601379, 1.0124352299670483, -0.6763657762311975, 0.7281398641472456, 1.6243587895518652, 3.141592653589793], [1.7094008600540607, 0.6553209980253354, 0.0103241300716783, -0.07787534498924846, -0.21193552381004616, -0.25335424625724134, 1.0124352299670483, -0.6763657762311975, 0.7281398641472456, 1.6243587895518652, 1.3587717332386477, 3.141592653589793], [1.7094008600540607, 0.6553209980253354, 0.0103241300716783, -0.07787534498924846, -0.21193552381004616, -0.05014558870462761, -0.25335424625724134, 1.0124352299670483, -0.6763657762311975, 0.7281398641472456, 1.6243587895518652, 1.3587717332386477, 1.37119980939754, 3.141592653589793]], "best_expectation_values": [-0.6429132765463318, -0.7362800466321098, -0.8563599018113256, -0.8943082476751659, -0.955327355396599, -1.052426522881568, -1.0834038010797182]}