{"params": [0.87777699, 0.22396256, -0.02295163, -0.10248872, 0.10933722, 0.06982143, 0.09688874, 1.9218542, 1.7389297, -2.51817021, -0.70021817, 3.11602791, -0.29472232, -0.31205509], "expectation_values": [-52.51520737903253, -51.378438726111, -53.57979786004062, -51.836724143163465, -52.14562373376672, -54.55786975577856, -56.165529069071226], "best": [[0.8614044372746208, 1.9254922715550347], [0.8777769927466063, 0.1520125477543448, 1.9218542021195868, 1.7228088745492416], [0.8777769927466063, 0.22396255894200043, -0.1520125477543448, 1.9218542021195868, 1.7389296972062545, -2.533542462572414], [0.8777769927466063, 0.22396255894200043, -0.022951625132248618, -0.05067084925144827, 1.9218542021195868, 1.7389296972062545, -2.518170214968962, -2.736225859578207], [0.8777769927466063, 0.22396255894200043, -0.022951625132248618, -0.1024887236830134, 0.1520125477543448, 1.9218542021195868, 1.7389296972062545, -2.518170214968962, -0.7002181734598703, 2.533542462572414], [0.8777769927466063, 0.22396255894200043, -0.022951625132248618, -0.1024887236830134, 0.10933721631531826, 0.05067084925144827, 1.9218542021195868, 1.7389296972062545, -2.518170214968962, -0.7002181734598703, 3.1160279060190677, -0.10134169850289654], [0.8777769927466063, 0.22396255894200043, -0.022951625132248618, -0.1024887236830134, 0.10933721631531826, 0.06982143422135047, 0.05067084925144827, 1.9218542021195868, 1.7389296972062545, -2.518170214968962, -0.7002181734598703, 3.1160279060190677, -0.29472232119907804, -0.3040250955086896]], "best_expectation_values": [-52.51520737903253, -53.564451191353804, -53.78170148947963, -53.87743518261838, -54.570374541632276, -55.14220470733608, -55.71466047690093]}