{"params": [-0.3608141, -0.14476272, -0.34738957, -0.34211954, -0.1147733, -0.14323417, -0.11703354, 0.55378418, 1.12647425, 0.26983424, 1.40197039, 1.4368352, 0.50249935, 0.57278695], "expectation_values": [-4.669660650004262, -45.930856412185435, -20.7245117370033, -7.601077833957864, -28.614984398667662, -51.15044223413065, -53.540726012676174], "best": [[0.8614044372746208, 1.9254922715550347], [-0.3608140950475021, -0.25335424625724134, 0.5537841771863888, -2.533542462572414], [-0.3608140950475021, -0.14476272307537302, -0.1520125477543448, 0.5537841771863888, 1.1264742482652845, 2.1281756685608277], [-0.3608140950475021, -0.14476272307537302, -0.34738957350588895, 0.45603764326303464, 0.5537841771863888, 1.1264742482652845, 0.269834238839904, -0.5067084925144827], [-0.3608140950475021, -0.14476272307537302, -0.34738957350588895, -0.3421195421547668, 0.25335424625724134, 0.5537841771863888, 1.1264742482652845, 0.269834238839904, 1.4019703869289268, -1.9254922715550344], [-0.3608140950475021, -0.14476272307537302, -0.34738957350588895, -0.3421195421547668, -0.11477330191589576, -0.1520125477543448, 0.5537841771863888, 1.1264742482652845, 0.269834238839904, 1.4019703869289268, 1.4368352041488794, 0.5067084925144827], [-0.3608140950475021, -0.14476272307537302, -0.34738957350588895, -0.3421195421547668, -0.11477330191589576, -0.14323417020266072, 0.1520125477543448, 0.5537841771863888, 1.1264742482652845, 0.269834238839904, 1.4019703869289268, 1.4368352041488794, 0.5024993481959114, -2.330859065566621]], "best_expectation_values": [-52.50372549060988, -51.618453474692615, -51.209375509252595, -52.191964669531586, -48.895230486516894, -51.15044223413065, -52.957469048547416]}