{"params": [-0.59901738, -0.48984187, -0.39715145, -0.01325272, -0.21569724, -0.17889255, -0.12815635, 0.34813656, 0.69747896, 0.83394678, -0.71782874, 1.72479671, 1.42022797, -0.97027086], "expectation_values": [-1.257117939960553, -2.2889981528549095, -3.4855073648199673, -3.3152327794503, -4.093655727889166, -3.5565232221846887, -4.9146436892254455], "best": [[-0.3293605201344138, 0.5573793417659312], [-0.6131711365823782, -0.3293605201344138, 0.3759828407151179, 0.8614044372746208], [-0.6131711365823782, -0.5167916730726829, -0.2786896708829655, 0.3759828407151179, 0.7428628023392088, 0.9627461357775173], [-0.6131711365823782, -0.5167916730726829, -0.40139416029491864, -0.2280188216315172, 0.3759828407151179, 0.7428628023392088, 0.8627000352812384, 0.9627461357775173], [-0.6131711365823782, -0.5167916730726829, -0.40139416029491864, -0.2723279509249833, -0.12667712312862067, 0.3759828407151179, 0.7428628023392088, 0.8627000352812384, 1.0592009163851726, 1.1654295327833104], [-0.6131711365823782, -0.5167916730726829, -0.40139416029491864, -0.2723279509249833, 0.16763618310678477, 0.0760062738771724, 0.3759828407151179, 0.7428628023392088, 0.8627000352812384, 1.0592009163851726, -1.8103104889637645, -0.8614044372746207], [-0.6131711365823782, -0.5167916730726829, -0.40139416029491864, -0.2723279509249833, 0.16763618310678477, 0.07175630243197346, -0.12667712312862067, 0.3759828407151179, 0.7428628023392088, 0.8627000352812384, 1.0592009163851726, -1.8103104889637645, -0.03396535072927053, 0.1520125477543448]], "best_expectation_values": [-2.42622009932988, -3.169201487774465, -3.808067476443755, -4.364643450351906, -4.647111038527848, -4.704971010099904, -4.640480955760792]}