{"params": [-0.28191668, -0.17777094, -0.07919421, -0.06778975, -0.36322942, -0.0614468, -0.11393984, 0.06808438, 0.22320963, 0.19665825, 0.4120971, 0.39440873, 0.24759624, 1.60942557], "expectation_values": [-5.127726605189465, -47.14486118613132, -59.93303608270847, -67.61999825880284, -33.886029372820026, -70.72099987263448, -68.84114325667166], "best": [[0.5573793417659312, 2.533542462572414], [-0.38022059512392226, 0.1520125477543448, 0.04503777854926275, 0.3040250955086896], [-0.38022059512392226, -0.17629107534355035, -0.25335424625724134, 0.04503777854926275, 0.13197842913284819, 0.7093918895202758], [-0.38022059512392226, -0.17629107534355035, -0.21604702603437534, 0.1520125477543448, 0.04503777854926275, 0.13197842913284819, 0.31584112897381, -2.1281756685608277], [-0.38022059512392226, -0.17629107534355035, -0.21604702603437534, 0.06889125081956826, -0.1520125477543448, 0.04503777854926275, 0.13197842913284819, 0.31584112897381, 0.34441279646852163, 1.3174420805376554], [-0.38022059512392226, -0.17629107534355035, -0.21604702603437534, 0.06889125081956826, -0.27629315482488737, -0.05067084925144827, 0.04503777854926275, 0.13197842913284819, 0.31584112897381, 0.34441279646852163, 0.43121477318485835, 1.1147586835318624], [-0.38022059512392226, -0.17629107534355035, -0.21604702603437534, 0.06889125081956826, -0.27629315482488737, -0.1508546399347493, 0.1520125477543448, 0.04503777854926275, 0.13197842913284819, 0.31584112897381, 0.34441279646852163, 0.43121477318485835, 0.24154985309471017, -1.3174420805376552]], "best_expectation_values": [-72.15011831198137, -72.49035898422771, -70.21512944484195, -71.10861856710865, -70.4130588340177, -71.89635523858297, -72.81182357813965]}