{"params": [0.87992071, 0.13752417, -0.10083703, 0.06889609, -0.1136754, 0.1030305, 0.02094941, 1.12648219, 0.73396773, 1.28714604, 3.10354804, 3.12310377, 2.68554115, 0.49750355], "expectation_values": [-92.47053145602142, -94.16858628605894, -95.70876325092256, -95.59275629588724, -90.30249860522228, -86.58295586738335, -98.39288425417925], "best": [[0.8614044372746208, 1.1147586835318624], [0.902570590405424, -0.25335424625724134, 1.1233903798844986, -0.7093918895202758], [0.902570590405424, 0.17048718530826698, -0.1520125477543448, 1.1233903798844986, 0.7302142037257677, 0.9120752865260693], [0.902570590405424, 0.17048718530826698, -0.09315888424339801, -0.05067084925144827, 1.1233903798844986, 0.7302142037257677, 1.331748288985753, 0.3040250955086896], [0.902570590405424, 0.17048718530826698, -0.09315888424339801, 0.06296148384456741, 0.05067084925144827, 1.1233903798844986, 0.7302142037257677, 1.331748288985753, -3.1249279442514086, 0.10134169850289654], [0.902570590405424, 0.17048718530826698, -0.09315888424339801, 0.06296148384456741, -0.08064868065919761, -0.05067084925144827, 1.1233903798844986, 0.7302142037257677, 1.331748288985753, -3.1249279442514086, 3.1455763207426313, -0.10134169850289654], [0.902570590405424, 0.17048718530826698, -0.09315888424339801, 0.06296148384456741, -0.08064868065919761, 0.06404053995204176, 0.1520125477543448, 1.1233903798844986, 0.7302142037257677, 1.331748288985753, -3.1249279442514086, 3.1455763207426313, 2.6724796915875, 1.3174420805376554]], "best_expectation_values": [-92.47053145602142, -94.55704674540088, -95.77325100205117, -96.91141608011885, -96.6982804582486, -96.39653226572416, -97.1537197120626]}