{"params": [-0.60492789, -0.50305825, -0.38355352, -0.00145592, 0.27245314, 0.15199967, -0.00569074, 0.35608829, 0.71747127, 0.84226259, -0.80274105, -1.31634092, 1.14353939, 0.13154999], "expectation_values": [-2.387606437150223, -4.341572126253704, -5.9822111112490415, -5.820822342139794, -6.902385895517412, -7.698145960924321, -7.713649305643703], "best": [[-0.3800313693858621, 0.5573793417659312], [-0.6049278901209362, -0.3293605201344138, 0.3560882924845776, 0.8614044372746208], [-0.6049278901209362, -0.503058246304252, -0.2786896708829655, 0.3560882924845776, 0.7174712676651731, 0.9627461357775173], [-0.6049278901209362, -0.503058246304252, -0.38355352381148405, -0.17734797238006894, 0.3560882924845776, 0.7174712676651731, 0.8422625861473805, 0.9627461357775173], [-0.6049278901209362, -0.503058246304252, -0.38355352381148405, -0.001455917990480209, 0.17734797238006894, 0.3560882924845776, 0.7174712676651731, 0.8422625861473805, -0.802741054482148, -1.3681129297891035], [-0.6049278901209362, -0.503058246304252, -0.38355352381148405, -0.001455917990480209, 0.27245314085788097, 0.12667712312862067, 0.3560882924845776, 0.7174712676651731, 0.8422625861473805, -0.802741054482148, -1.31634092367963, 1.1654295327833104], [-0.6049278901209362, -0.503058246304252, -0.38355352381148405, -0.001455917990480209, 0.27245314085788097, 0.1519996679577439, 0.025335424625724134, 0.3560882924845776, 0.7174712676651731, 0.8422625861473805, -0.802741054482148, -1.31634092367963, 1.143539393172824, 1.0640878342804139]], "best_expectation_values": [-4.278672359727859, -5.467857662566855, -6.450619140632389, -7.1926126408533175, -7.1878311658255, -7.698145960924321, -7.7647991631233015]}