{"params": [-0.60223568, -0.67233066, 0.04109024, -0.0926534, 0.23527096, -0.22732873, -0.17347321, 0.36339579, 0.76696905, 1.46891032, 1.1798987, 1.36513132, -1.17546642, -1.27581288], "expectation_values": [-2.0555647634695395, -1.1774621049068899, -1.2855863631135542, -2.0964248664737877, -5.156781696413244, -6.004502073088355, -6.849504492673164], "best": [[-0.3800313693858621, 0.5573793417659312], [-0.6022356815286941, -0.3293605201344138, 0.363395790105672, 0.8614044372746208], [-0.6022356815286941, -0.6723306551887493, 0.32936052013441386, 0.363395790105672, 0.7669690497935927, -0.1520125477543448], [-0.6022356815286941, -0.6723306551887493, 0.04109024084021311, -0.3800313693858621, 0.363395790105672, 0.7669690497935927, 1.468910315030759, -0.557379341765931], [-0.6022356815286941, -0.6723306551887493, 0.04109024084021311, -0.09265339938621038, 0.32936052013441386, 0.363395790105672, 0.7669690497935927, 1.468910315030759, 1.179898699660468, 1.469454628292], [-0.6022356815286941, -0.6723306551887493, 0.04109024084021311, -0.09265339938621038, 0.23527095934293682, -0.17734797238006894, 0.363395790105672, 0.7669690497935927, 1.468910315030759, 1.179898699660468, 1.3651313207610716, -0.9627461357775172], [-0.6022356815286941, -0.6723306551887493, 0.04109024084021311, -0.09265339938621038, 0.23527095934293682, -0.2273287260166043, -0.17734797238006894, 0.363395790105672, 0.7669690497935927, 1.468910315030759, 1.179898699660468, 1.3651313207610716, -1.175466418900551, -1.266771231286207]], "best_expectation_values": [-3.707968295516914, -4.870220435436147, -5.229328637469765, -5.215761947724836, -5.748359697584835, -6.2524037262293195, -6.848223459754846]}