{"params": [1.0720165930116, -0.3430799170321121, 0.5301537462035076, 0.029441988560948634, -0.7092955426150527, 0.4242818005318957, 0.924601158414229, 0.9022744676335569, 0.5166284573916856, -0.4272431668193579], "expectation_values": [0.31821458343578335, 0.6834707538854276, 0.17394809440202658], "best": [[-0.3293605201344138, 0.5573793417659312], [1.0720165930116, -0.3430799170321121, -0.17734797238006894, 0.4242818005318957, 0.924601158414229, 1.0640878342804139], [1.0720165930116, -0.3430799170321121, 0.5301537462035076, 0.029441988560948634, -0.734727314146, 0.4242818005318957, 0.924601158414229, 0.9022744676335569, 0.5166284573916856, -0.4560376432630344]], "best_expectation_values": [-1.4330815433025659, -2.359146855443883, -2.369473568092862]}