{"params": [1.44738388, 1.14754765, 1.26644636, 0.44262303, 0.26233761, 0.00573483, 0.10209681, 0.09218586, 0.25268369, 0.03801787, 0.16856637, 1.39021683, 0.13924882, -0.10792238, 0.14382584, 0.01504211, 0.02809207, 0.0420071, 0.14105082, -0.04933877, -0.79600934, 1.08230217, -0.10246485, 0.01871266, -0.10720654, 0.0161369, 0.45043274, 0.40611476, 0.34287237, 0.15694338, 0.31778687, 0.24329263, 0.21342358, 0.4101059, 0.59623159, 0.41181429, 0.63479757, 0.66463372, 0.44739006, 0.57963661, 0.39086388, -1.42796458], "expectation_values": [0.7879868766290331, 1.2195577300629084, 4.57911619636253, -1.5845234472507377, 1.797854115997177, 3.6747422427492054, 2.663591600755481, 3.492217197622843, 3.1483503766142533, 0.7385911442623361, 1.4225751246088665], "best": [[-0.3800313693858621, 0.5573793417659312], [1.5305268716820546, 1.5464100624159818, 0.32936052013441386, 0.27987659061269676, -0.14335688445783176, -0.7600627387717241], [1.5305268716820546, 1.5464100624159818, -0.1777271871414246, 0.34439044346958975, -0.43070221863731034, 0.27987659061269676, -0.14335688445783176, 0.2778504049156923, -0.05593551833406165, 0.1520125477543448], [1.5305268716820546, 1.5464100624159818, -0.1777271871414246, 0.34439044346958975, 0.601856493580891, 0.2812335550988587, -0.3293605201344138, 0.27987659061269676, -0.14335688445783176, 0.2778504049156923, -0.05593551833406165, 0.03751507312148862, 0.07294910904843899, 0.8614044372746208], [1.5305268716820546, 1.5464100624159818, -0.1777271871414246, 0.34439044346958975, 0.601856493580891, 0.2812335550988587, 0.30284540073732635, -0.004668825594258491, -0.43070221863731034, 0.27987659061269676, -0.14335688445783176, 0.2778504049156923, -0.05593551833406165, 0.03751507312148862, 0.07294910904843899, 0.40141144335665224, -0.11541641189505844, 0.45603764326303464], [1.5305268716820546, 1.5464100624159818, -0.1777271871414246, 0.34439044346958975, 0.601856493580891, 0.2812335550988587, 0.30284540073732635, -0.004668825594258491, 0.326553252917352, 0.04871286211496408, 0.6840564648945517, 0.27987659061269676, -0.14335688445783176, 0.2778504049156923, -0.05593551833406165, 0.03751507312148862, 0.07294910904843899, 0.40141144335665224, -0.11541641189505844, 0.37511566786338424, 0.25283938857086713, -0.4560376432630344], [1.5305268716820546, 1.5464100624159818, -0.1777271871414246, 0.34439044346958975, 0.601856493580891, 0.2812335550988587, 0.30284540073732635, -0.004668825594258491, 0.326553252917352, 0.04871286211496408, 0.011850617817711961, 1.36344571183521, 0.6333856156431035, 0.27987659061269676, -0.14335688445783176, 0.2778504049156923, -0.05593551833406165, 0.03751507312148862, 0.07294910904843899, 0.40141144335665224, -0.11541641189505844, 0.37511566786338424, 0.25283938857086713, 0.4486344036470785, 0.3255368746595524, -1.266771231286207], [1.5305268716820546, 1.5464100624159818, -0.1777271871414246, 0.34439044346958975, 0.601856493580891, 0.2812335550988587, 0.30284540073732635, -0.004668825594258491, 0.326553252917352, 0.04871286211496408, 0.011850617817711961, 1.36344571183521, 0.04227860250392579, 0.12478755017040703, -0.6333856156431035, 0.27987659061269676, -0.14335688445783176, 0.2778504049156923, -0.05593551833406165, 0.03751507312148862, 0.07294910904843899, 0.40141144335665224, -0.11541641189505844, 0.37511566786338424, 0.25283938857086713, 0.4486344036470785, 0.3255368746595524, 0.1936734858336951, 0.44989405958670126, 1.1654295327833104], [1.5305268716820546, 1.5464100624159818, -0.1777271871414246, 0.34439044346958975, 0.601856493580891, 0.2812335550988587, 0.30284540073732635, -0.004668825594258491, 0.326553252917352, 0.04871286211496408, 0.011850617817711961, 1.36344571183521, 0.04227860250392579, 0.12478755017040703, -0.010388447118630798, 0.16994326134245927, -0.734727314146, 0.27987659061269676, -0.14335688445783176, 0.2778504049156923, -0.05593551833406165, 0.03751507312148862, 0.07294910904843899, 0.40141144335665224, -0.11541641189505844, 0.37511566786338424, 0.25283938857086713, 0.4486344036470785, 0.3255368746595524, 0.1936734858336951, 0.44989405958670126, 0.28624492675328195, 0.5426799357941908, 0.3546959447601379], [1.5305268716820546, 1.5464100624159818, -0.1777271871414246, 0.34439044346958975, 0.601856493580891, 0.2812335550988587, 0.30284540073732635, -0.004668825594258491, 0.326553252917352, 0.04871286211496408, 0.011850617817711961, 1.36344571183521, 0.04227860250392579, 0.12478755017040703, -0.010388447118630798, 0.16994326134245927, 0.06936277222047643, 0.1449245830334354, 0.6333856156431035, 0.27987659061269676, -0.14335688445783176, 0.2778504049156923, -0.05593551833406165, 0.03751507312148862, 0.07294910904843899, 0.40141144335665224, -0.11541641189505844, 0.37511566786338424, 0.25283938857086713, 0.4486344036470785, 0.3255368746595524, 0.1936734858336951, 0.44989405958670126, 0.28624492675328195, 0.5426799357941908, 0.3164613800717779, 0.4563027387742344, -0.3546959447601379], [1.5305268716820546, 1.5464100624159818, -0.1777271871414246, 0.34439044346958975, 0.601856493580891, 0.2812335550988587, 0.30284540073732635, -0.004668825594258491, 0.326553252917352, 0.04871286211496408, 0.011850617817711961, 1.36344571183521, 0.04227860250392579, 0.12478755017040703, -0.010388447118630798, 0.16994326134245927, 0.06936277222047643, 0.1449245830334354, -0.17777786876177076, 0.0786758347829624, 0.6333856156431035, 0.27987659061269676, -0.14335688445783176, 0.2778504049156923, -0.05593551833406165, 0.03751507312148862, 0.07294910904843899, 0.40141144335665224, -0.11541641189505844, 0.37511566786338424, 0.25283938857086713, 0.4486344036470785, 0.3255368746595524, 0.1936734858336951, 0.44989405958670126, 0.28624492675328195, 0.5426799357941908, 0.3164613800717779, 0.4563027387742344, 0.5993927630785754, 0.6519948745639992, -1.5707963267948966]], "best_expectation_values": [-3.4210081415572184, -3.583372840955716, -3.313997861090715, -4.1461507901376455, -3.784123738940476, -4.071245794318528, -3.446453759130343, -4.60001611302556, -4.715751906582133, -4.141810591340757, -5.1030325809153645]}