{"params": [0.40990247, 0.42616662, 0.20271127, 0.01400449, 0.22625011, -0.03197503, -1.22033392, 0.8178326, 0.78139904, 1.32991317, 1.32614885, 0.86578835, 0.90338054, 1.93560515], "expectation_values": [0.678783073517647, 1.1019050980964302, 1.3536650693986978, 1.3767391821794441, 1.434221785378511, 1.4101506329009068, -1.4012279464665123], "best": [[0.6587210402688277, -1.9254922715550344], [0.4099024712807168, -0.9627461357775172, 0.8178326018826091, 1.5201254775434485], [0.4099024712807168, 0.4261666200836268, -1.266771231286207, 0.8178326018826091, 0.7813990367901336, 1.9254922715550347], [0.4099024712807168, 0.4261666200836268, 0.20271126931669142, -1.266771231286207, 0.8178326018826091, 0.7813990367901336, 1.329913173191616, 3.141592653589793], [0.4099024712807168, 0.4261666200836268, 0.20271126931669142, 0.014004489360336986, -1.266771231286207, 0.8178326018826091, 0.7813990367901336, 1.329913173191616, 1.32614885243729, 3.141592653589793], [0.4099024712807168, 0.4261666200836268, 0.20271126931669142, 0.014004489360336986, 0.22625010951676722, -1.266771231286207, 0.8178326018826091, 0.7813990367901336, 1.329913173191616, 1.32614885243729, 0.8657883533425186, 3.141592653589793], [0.4099024712807168, 0.4261666200836268, 0.20271126931669142, 0.014004489360336986, 0.22625010951676722, -0.03197503085217513, -1.266771231286207, 0.8178326018826091, 0.7813990367901336, 1.329913173191616, 1.32614885243729, 0.8657883533425186, 0.9033805425163685, 2.1281756685608277]], "best_expectation_values": [-0.9679442637488274, -1.0161157230074858, -1.0947598128776461, -1.1944479702198552, -1.2885730869892287, -1.4031563880143267, -1.3995848853189239]}