{"params": [-0.4784869754512975, -0.2859175141070372, 0.5023746283216488, 0.9168883931769501], "expectation_values": [-1.1820394400479475, -2.102948813822012], "best": [[-0.3293605201344138, 0.5573793417659312], [-0.4784869754512975, -0.2786896708829655, 0.5023746283216488, 0.9627461357775173]], "best_expectation_values": [-1.4330815433025659, -2.0947124258860144]}