{"params": [-0.60115096980016, -0.4500858437410821, 4.763391540765949, 7.0560770792252665], "expectation_values": [-0.16027254455114331, -0.34715980598948104], "best": [[-0.4560376432630344, 3.141592653589793], [-0.60115096980016, -0.4560376432630344, 4.763391540765949, 3.141592653589793]], "best_expectation_values": [-0.16967833726394138, -0.22553537541409868]}