{"params": [0.18003341, 0.24939153, 0.35809553, 0.10159215, 0.24878231, 0.22647869, -1.33229876, 0.24925829, 0.12642307, 0.42063361, 0.2900056, 0.40404399, 0.44887815, 1.46604216], "expectation_values": [0.08529935243833923, 0.2229931521139914, 0.6438036180139193, 0.749094614561907, 0.9608060512891697, 1.2055795033429075, -0.9271906735918634], "best": [[-0.7600627387717241, 1.9254922715550347], [0.18003340520567546, -0.7600627387717241, 0.2492582857818977, 1.5201254775434485], [0.18003340520567546, 0.24939153293035066, -0.8614044372746207, 0.2492582857818977, 0.12642306930242656, 1.5201254775434485], [0.18003340520567546, 0.24939153293035066, 0.3580955340899615, -1.0640878342804139, 0.2492582857818977, 0.12642306930242656, 0.42063361012605455, 1.3174420805376554], [0.18003340520567546, 0.24939153293035066, 0.3580955340899615, 0.10159215058144924, -1.0640878342804139, 0.2492582857818977, 0.12642306930242656, 0.42063361012605455, 0.29000560314837365, 1.3174420805376554], [0.18003340520567546, 0.24939153293035066, 0.3580955340899615, 0.10159215058144924, 0.24878230719263889, -1.266771231286207, 0.2492582857818977, 0.12642306930242656, 0.42063361012605455, 0.29000560314837365, 0.40404398575756545, 1.3174420805376554], [0.18003340520567546, 0.24939153293035066, 0.3580955340899615, 0.10159215058144924, 0.24878230719263889, 0.22647868552026648, -1.3681129297891035, 0.2492582857818977, 0.12642306930242656, 0.42063361012605455, 0.29000560314837365, 0.40404398575756545, 0.4488781452442991, 1.5201254775434485]], "best_expectation_values": [-0.8356700508308925, -0.8392166179854454, -0.859183967857765, -0.8934825089382535, -0.9045782286310219, -0.9175246841944256, -0.9254626616796038]}