{"params": [0.84610097, 0.1581525, -0.07574001, -0.12947441, -0.08169891, 0.10430798, -0.09552259, 1.92446845, 1.70092493, -2.54474982, -0.66373965, -0.34806109, -3.14664688, -2.51623848], "expectation_values": [-52.515207379032546, -53.5687668373663, -53.51701994686984, -52.154530371089855, -54.25859328316282, -50.72460649322579, -56.02964950279099], "best": [[0.8614044372746208, 1.9254922715550347], [0.8800712848576442, 0.1520125477543448, 1.9219849648484062, 1.7228088745492416], [0.8800712848576442, 0.22456508842125875, -0.1520125477543448, 1.9219849648484062, 1.733922336362575, -2.533542462572414], [0.8800712848576442, 0.22456508842125875, -0.02663752111324357, -0.05067084925144827, 1.9219849648484062, 1.733922336362575, -2.530875871927264, -2.736225859578207], [0.8800712848576442, 0.22456508842125875, -0.02663752111324357, -0.11211269530429699, 0.1520125477543448, 1.9219849648484062, 1.733922336362575, -2.530875871927264, -0.6891673990064017, 2.533542462572414], [0.8800712848576442, 0.22456508842125875, -0.02663752111324357, -0.11211269530429699, 0.11197228006155542, 0.05067084925144827, 1.9219849648484062, 1.733922336362575, -2.530875871927264, -0.6891673990064017, 3.119987256381718, -0.10134169850289654], [0.8800712848576442, 0.22456508842125875, -0.02663752111324357, -0.11211269530429699, 0.11197228006155542, 0.06680976617067713, 0.05067084925144827, 1.9219849648484062, 1.733922336362575, -2.530875871927264, -0.6891673990064017, 3.119987256381718, -0.302248701545336, -0.3040250955086896]], "best_expectation_values": [-52.515207379032546, -53.5687668373663, -53.623106402482385, -53.98070787936605, -54.40636689854906, -55.18445915054268, -55.79746773499869]}