{"params": [-0.23758885, -0.05984291, -0.28725196, -0.22109837, -0.10198308, -0.08181595, -0.27901335, 1.06536986, 1.13900001, 0.26346998, 1.3779589, 0.46823769, 0.48787056, 0.57515462], "expectation_values": [-5.752493170847874, -29.62760966774215, -21.509096088922433, 15.427050102577397, -44.33544494049347, -40.775993163038834, -52.918438774765285], "best": [[-0.8614044372746207, -1.9254922715550344], [-0.23758885045370945, -0.3546959447601379, 1.065369862222767, -2.533542462572414], [-0.23758885045370945, -0.05984290823465748, -0.3546959447601379, 1.065369862222767, 1.139000011848883, 2.1281756685608277], [-0.23758885045370945, -0.05984290823465748, -0.2872519593094246, 0.5573793417659312, 1.065369862222767, 1.139000011848883, 0.263469982413024, -1.5201254775434483], [-0.23758885045370945, -0.05984290823465748, -0.2872519593094246, -0.22109836925057264, -0.3546959447601379, 1.065369862222767, 1.139000011848883, 0.263469982413024, 1.377958900265249, 0.5067084925144827], [-0.23758885045370945, -0.05984290823465748, -0.2872519593094246, -0.22109836925057264, -0.10198308035531162, 0.25335424625724134, 1.065369862222767, 1.139000011848883, 0.263469982413024, 1.377958900265249, 0.4682376906625602, -2.330859065566621], [-0.23758885045370945, -0.05984290823465748, -0.2872519593094246, -0.22109836925057264, -0.10198308035531162, -0.08181594504926276, 0.25335424625724134, 1.065369862222767, 1.139000011848883, 0.263469982413024, 1.377958900265249, 0.4682376906625602, 0.4878705648128305, -2.330859065566621]], "best_expectation_values": [-52.52094832324388, -51.113108179005785, -50.73663241229565, -50.510199685664645, -49.552289284680626, -51.13762494135761, -51.542097191914706]}