{"params": [-0.58244393, -0.47433446, -0.36171286, -0.03996696, -0.18612017, 0.01163223, 0.12484101, 0.35998256, 0.76202252, 0.86111237, 1.15600679, -0.0769934, -1.66451516, -0.24317313], "expectation_values": [-1.4547961374936142, -2.6685608861355705, -3.8436209757409374, -4.146091587843051, -4.743529383251313, -4.858915980196245, -5.182661418670602], "best": [[-0.3293605201344138, 0.5573793417659312], [-0.5824439275226286, -0.2786896708829655, 0.3599825555418883, 0.8614044372746208], [-0.5824439275226286, -0.47433445539179936, -0.2786896708829655, 0.3599825555418883, 0.7620225159067542, 0.9627461357775173], [-0.5824439275226286, -0.47433445539179936, -0.36171286063429114, -0.17734797238006894, 0.3599825555418883, 0.7620225159067542, 0.8611123667031135, 0.9627461357775173], [-0.5824439275226286, -0.47433445539179936, -0.36171286063429114, -0.03996695882686258, -0.17734797238006894, 0.3599825555418883, 0.7620225159067542, 0.8611123667031135, 1.1560067855142104, -0.1520125477543448], [-0.5824439275226286, -0.47433445539179936, -0.36171286063429114, -0.03996695882686258, -0.18612017125513716, -0.12667712312862067, 0.3599825555418883, 0.7620225159067542, 0.8611123667031135, 1.1560067855142104, -0.07699340462342157, 1.266771231286207], [-0.5824439275226286, -0.47433445539179936, -0.36171286063429114, -0.03996695882686258, -0.18612017125513716, 0.01163223460330364, 0.12667712312862067, 0.3599825555418883, 0.7620225159067542, 0.8611123667031135, 1.1560067855142104, -0.07699340462342157, -1.6645151641088354, -0.25335424625724134]], "best_expectation_values": [-2.86616308660513, -3.637410964931254, -4.336652667685731, -4.806138979761602, -4.792951788571246, -5.179353399249873, -5.182669028039016]}