{"params": [-0.37172639, -0.17705631, -0.19832513, 0.01192116, -0.28732801, -0.09498829, -0.081326, 0.04338316, 0.16341091, 0.32594337, 0.35687817, 0.40421282, 0.23013075, 1.58960713], "expectation_values": [-7.552535740394521, -63.692970031062, -65.43434131168814, -61.95659526759235, -44.15260556483186, -69.43390942714203, -72.04874933874049], "best": [[0.5573793417659312, 2.533542462572414], [-0.37172639427929827, 0.25335424625724134, 0.04338315911244773, 0.3040250955086896], [-0.37172639427929827, -0.17705630522745294, 0.25335424625724134, 0.04338315911244773, 0.1634109088161018, -1.3174420805376552], [-0.37172639427929827, -0.17705630522745294, -0.19832512977466424, 0.1520125477543448, 0.04338315911244773, 0.1634109088161018, 0.32594336932108425, -1.7228088745492414], [-0.37172639427929827, -0.17705630522745294, -0.19832512977466424, 0.011921155904643497, 0.25335424625724134, 0.04338315911244773, 0.1634109088161018, 0.32594336932108425, 0.35687816940327904, -2.938909256584], [-0.37172639427929827, -0.17705630522745294, -0.19832512977466424, 0.011921155904643497, -0.2873280125648383, -0.05067084925144827, 0.04338315911244773, 0.1634109088161018, 0.32594336932108425, 0.35687816940327904, 0.40421282488918586, 0.5067084925144827], [-0.37172639427929827, -0.17705630522745294, -0.19832512977466424, 0.011921155904643497, -0.2873280125648383, -0.09498828816075577, -0.05067084925144827, 0.04338315911244773, 0.1634109088161018, 0.32594336932108425, 0.35687816940327904, 0.40421282488918586, 0.23013075408902348, 0.7093918895202758]], "best_expectation_values": [-72.15011831198136, -72.59174370270627, -69.0497146836623, -69.28490636338333, -70.05379313955274, -70.6643280537473, -71.81548608546645]}