{"params": [-1.05570846, 0.20177056, -0.08017605, -0.13222588, 0.08094469, -0.07064412, -0.10127936, -1.71968419, 2.4898591, -2.46072381, -0.13984033, -3.12350809, -2.95259662, -0.32968265], "expectation_values": [-35.961107075999564, -37.08090699596341, -37.22915769286612, -35.86363970135104, -37.845983157814196, -37.866392596189, -39.2388718415627], "best": [[-0.9627461357775172, -1.7228088745492414], [-1.055708458377139, -0.1520125477543448, -1.719684194886572, -0.3040250955086896], [-1.055708458377139, 0.2017705574475938, -0.05067084925144827, -1.719684194886572, 2.4898590957612106, -2.533542462572414], [-1.055708458377139, 0.2017705574475938, -0.08017605387846642, 0.05067084925144827, -1.719684194886572, 2.4898590957612106, -2.4607238080242286, -2.938909256584], [-1.055708458377139, 0.2017705574475938, -0.08017605387846642, -0.13222587522857937, -0.05067084925144827, -1.719684194886572, 2.4898590957612106, -2.4607238080242286, -0.13984033041279315, -0.9120752865260688], [-1.055708458377139, 0.2017705574475938, -0.08017605387846642, -0.13222587522857937, 0.08094468523237766, 0.05067084925144827, -1.719684194886572, 2.4898590957612106, -2.4607238080242286, -0.13984033041279315, -3.1235080912446294, -0.7093918895202758], [-1.055708458377139, 0.2017705574475938, -0.08017605387846642, -0.13222587522857937, 0.08094468523237766, -0.07064412062526708, 0.05067084925144827, -1.719684194886572, 2.4898590957612106, -2.4607238080242286, -0.13984033041279315, -3.1235080912446294, -2.952596621692474, 2.533542462572414]], "best_expectation_values": [-36.3077998334403, -37.12352038660623, -37.22915769286612, -37.366325924238566, -37.9604658336538, -37.95007876906947, -38.79033071956173]}