{"params": [1.0764189757118539, -0.34107927071576216, 0.5822361046993758, 0.04420538680712293, -0.7704413906128049, 0.42114730422534086, 0.9280520720315867, 0.8858790567470726, 0.5785065553938574, -0.4867271458439457], "expectation_values": [0.31821458343578335, 0.762668630192572, 0.04529233157126393], "best": [[-0.3293605201344138, 0.5573793417659312], [1.0764189757118539, -0.34107927071576216, -0.17734797238006894, 0.42114730422534086, 0.9280520720315867, 1.0640878342804139], [1.0764189757118539, -0.34107927071576216, 0.5822361046993758, 0.04420538680712293, -0.7853981633974483, 0.42114730422534086, 0.9280520720315867, 0.8858790567470726, 0.5785065553938574, -0.4560376432630344]], "best_expectation_values": [-1.4330815433025659, -2.356797639633997, -2.37362321967183]}