{"params": [1.43994766, 1.17909018, 0.16385365, 0.82937827, 0.2206024, 0.13583895, 0.30774934, -0.15836447, 0.38924332, 0.08743298, 1.19115207, 0.16989953, 0.05928461, 0.05400457, 0.12630733, 0.03361957, 0.09401145, 0.00785381, -0.05271061, 0.06844501, 0.92881647, 0.19645695, 0.1218304, 0.18751101, 0.16420602, -0.03657217, 0.1644802, 0.25597778, 0.13899585, 0.02987458, 0.52359801, 0.34248045, 0.01874421, 0.02209284, 0.71028679, 0.63417074, 0.3862041, 0.22061094, 0.64670877, 0.55066564, 0.90510602, 1.09698607], "expectation_values": [0.19699671915725875, -0.5848696006273296, 1.8392947596510067, -0.6191453629328114, 1.5716734918636308, -0.587585039455687, 1.258424495281691, 1.583401992587223, 1.4052046976437615, 1.2196776139851817, 1.0697455742619109], "best": [[-0.3800313693858621, 0.5573793417659312], [1.4399476624626948, 1.1790901759095087, -0.3293605201344138, 0.1964569520392583, 0.12183039532142921, 0.7600627387717243], [1.4399476624626948, 1.1790901759095087, 0.16385364504965802, 0.8293782704724247, 0.4307022186373104, 0.1964569520392583, 0.12183039532142921, 0.1875110117304654, 0.16420601918690694, -0.25335424625724134], [1.4399476624626948, 1.1790901759095087, 0.16385364504965802, 0.8293782704724247, 0.22060239857686675, 0.13583894718653075, -0.2786896708829655, 0.1964569520392583, 0.12183039532142921, 0.1875110117304654, 0.16420601918690694, -0.0365721735545654, 0.16448020389085782, 0.5573793417659312], [1.4399476624626948, 1.1790901759095087, 0.16385364504965802, 0.8293782704724247, 0.22060239857686675, 0.13583894718653075, 0.3077493356614068, -0.15836446628925993, -0.3800313693858621, 0.1964569520392583, 0.12183039532142921, 0.1875110117304654, 0.16420601918690694, -0.0365721735545654, 0.16448020389085782, 0.255977780715804, 0.13899585119987318, 0.1520125477543448], [1.4399476624626948, 1.1790901759095087, 0.16385364504965802, 0.8293782704724247, 0.22060239857686675, 0.13583894718653075, 0.3077493356614068, -0.15836446628925993, 0.3892433218293612, 0.08743298045348447, 0.734727314146, 0.1964569520392583, 0.12183039532142921, 0.1875110117304654, 0.16420601918690694, -0.0365721735545654, 0.16448020389085782, 0.255977780715804, 0.13899585119987318, 0.029874578982405715, 0.523598011582963, -0.6587210402688276], [1.4399476624626948, 1.1790901759095087, 0.16385364504965802, 0.8293782704724247, 0.22060239857686675, 0.13583894718653075, 0.3077493356614068, -0.15836446628925993, 0.3892433218293612, 0.08743298045348447, 1.1911520704446263, 0.1698995284235172, 0.734727314146, 0.1964569520392583, 0.12183039532142921, 0.1875110117304654, 0.16420601918690694, -0.0365721735545654, 0.16448020389085782, 0.255977780715804, 0.13899585119987318, 0.029874578982405715, 0.523598011582963, 0.3424804530305334, 0.018744214849481213, -1.0640878342804139], [1.4399476624626948, 1.1790901759095087, 0.16385364504965802, 0.8293782704724247, 0.22060239857686675, 0.13583894718653075, 0.3077493356614068, -0.15836446628925993, 0.3892433218293612, 0.08743298045348447, 1.1911520704446263, 0.1698995284235172, 0.05928461215106903, 0.05400457364211113, -0.734727314146, 0.1964569520392583, 0.12183039532142921, 0.1875110117304654, 0.16420601918690694, -0.0365721735545654, 0.16448020389085782, 0.255977780715804, 0.13899585119987318, 0.029874578982405715, 0.523598011582963, 0.3424804530305334, 0.018744214849481213, 0.02209283650316963, 0.7102867905445465, 1.266771231286207], [1.4399476624626948, 1.1790901759095087, 0.16385364504965802, 0.8293782704724247, 0.22060239857686675, 0.13583894718653075, 0.3077493356614068, -0.15836446628925993, 0.3892433218293612, 0.08743298045348447, 1.1911520704446263, 0.1698995284235172, 0.05928461215106903, 0.05400457364211113, 0.12630733397257407, 0.03361956888905952, 0.734727314146, 0.1964569520392583, 0.12183039532142921, 0.1875110117304654, 0.16420601918690694, -0.0365721735545654, 0.16448020389085782, 0.255977780715804, 0.13899585119987318, 0.029874578982405715, 0.523598011582963, 0.3424804530305334, 0.018744214849481213, 0.02209283650316963, 0.7102867905445465, 0.6341707415375445, 0.3862040967917727, 0.25335424625724134], [1.4399476624626948, 1.1790901759095087, 0.16385364504965802, 0.8293782704724247, 0.22060239857686675, 0.13583894718653075, 0.3077493356614068, -0.15836446628925993, 0.3892433218293612, 0.08743298045348447, 1.1911520704446263, 0.1698995284235172, 0.05928461215106903, 0.05400457364211113, 0.12630733397257407, 0.03361956888905952, 0.09401145123858339, 0.00785380627445423, 0.6333856156431035, 0.1964569520392583, 0.12183039532142921, 0.1875110117304654, 0.16420601918690694, -0.0365721735545654, 0.16448020389085782, 0.255977780715804, 0.13899585119987318, 0.029874578982405715, 0.523598011582963, 0.3424804530305334, 0.018744214849481213, 0.02209283650316963, 0.7102867905445465, 0.6341707415375445, 0.3862040967917727, 0.220610942277929, 0.6467087705554943, -0.6587210402688276], [1.4399476624626948, 1.1790901759095087, 0.16385364504965802, 0.8293782704724247, 0.22060239857686675, 0.13583894718653075, 0.3077493356614068, -0.15836446628925993, 0.3892433218293612, 0.08743298045348447, 1.1911520704446263, 0.1698995284235172, 0.05928461215106903, 0.05400457364211113, 0.12630733397257407, 0.03361956888905952, 0.09401145123858339, 0.00785380627445423, -0.05271060744491301, 0.06844500780444217, -0.6333856156431035, 0.1964569520392583, 0.12183039532142921, 0.1875110117304654, 0.16420601918690694, -0.0365721735545654, 0.16448020389085782, 0.255977780715804, 0.13899585119987318, 0.029874578982405715, 0.523598011582963, 0.3424804530305334, 0.018744214849481213, 0.02209283650316963, 0.7102867905445465, 0.6341707415375445, 0.3862040967917727, 0.220610942277929, 0.6467087705554943, 0.5506656359994613, 0.9051060233922346, 1.0640878342804139]], "best_expectation_values": [-2.7100402440748743, -3.6889611896098837, -3.871769454613993, -4.138639846867397, -3.7012301239959813, -4.0392916826254925, -2.8411539617912993, -4.120685884496195, -4.442969388331198, -4.391654828793131, -4.67846575999633]}