{"params": [1.56665786, 1.44803851, 0.16922307, 0.70820604, 0.21794531, -0.10347903, -0.0268843, 0.08061197, 0.30103043, 0.13450003, 0.19975912, 1.27827296, 0.07457027, 0.11392503, -0.03331311, -0.00659006, -0.04756663, 0.09901477, 0.05967329, -0.01166394, 0.76906986, 0.0220593, 0.19352365, 0.31935689, -0.11564391, -0.04227503, 0.18487941, 0.1325427, 0.33077957, 0.51732782, 0.14332349, 0.42329504, 0.16220906, 0.09905026, 0.52465449, 0.6919867, 0.56903596, 0.52157164, 0.61039832, 0.33012955, 0.7134079, 1.19699961], "expectation_values": [0.03039082064241357, -0.27136228033787535, 1.715001161520313, 1.6727895863860691, -1.1990618103772115, -0.6118269924083768, -0.20973222287319113, -0.76000704631609, -0.056935298828697925, 0.7747535177038584, 0.09377823765106397], "best": [[-0.3800313693858621, 0.5573793417659312], [1.1253914904299651, 0.005807440752989272, -0.2786896708829655, 0.19515249320704173, -0.02262973145100154, 0.7600627387717243], [1.1253914904299651, 0.005807440752989272, -0.027699514477964732, 0.2412822784801171, -0.3800313693858621, 0.19515249320704173, -0.02262973145100154, 0.2610624009004841, -0.04940548561179671, 0.3546959447601379], [1.1253914904299651, 0.005807440752989272, -0.027699514477964732, 0.2412822784801171, 0.3935705801210736, 0.24532277649509845, 0.48137306788875867, 0.19515249320704173, -0.02262973145100154, 0.2610624009004841, -0.04940548561179671, 0.225821397071395, -0.04741515375392367, -0.25335424625724134], [1.1253914904299651, 0.005807440752989272, -0.027699514477964732, 0.2412822784801171, 0.3935705801210736, 0.24532277649509845, 0.3175821211404065, 0.03264740628271106, -0.2786896708829655, 0.19515249320704173, -0.02262973145100154, 0.2610624009004841, -0.04940548561179671, 0.225821397071395, -0.04741515375392367, 0.055211963272292316, 0.23697651742752382, 0.5573793417659312], [1.1253914904299651, 0.005807440752989272, -0.027699514477964732, 0.2412822784801171, 0.3935705801210736, 0.24532277649509845, 0.3175821211404065, 0.03264740628271106, 0.3925572442934561, 0.29129791468703536, 0.5320439171402069, 0.19515249320704173, -0.02262973145100154, 0.2610624009004841, -0.04940548561179671, 0.225821397071395, -0.04741515375392367, 0.055211963272292316, 0.23697651742752382, 0.4430671741907169, -0.08009244790205856, -0.1520125477543448], [1.1253914904299651, 0.005807440752989272, -0.027699514477964732, 0.2412822784801171, 0.3935705801210736, 0.24532277649509845, 0.3175821211404065, 0.03264740628271106, 0.3925572442934561, 0.29129791468703536, 0.17736319126072045, 1.2284094490724027, 0.4307022186373104, 0.19515249320704173, -0.02262973145100154, 0.2610624009004841, -0.04940548561179671, 0.225821397071395, -0.04741515375392367, 0.055211963272292316, 0.23697651742752382, 0.4430671741907169, -0.08009244790205856, 0.14963334820317964, 0.29013960852194476, -0.6587210402688276], [1.1253914904299651, 0.005807440752989272, -0.027699514477964732, 0.2412822784801171, 0.3935705801210736, 0.24532277649509845, 0.3175821211404065, 0.03264740628271106, 0.3925572442934561, 0.29129791468703536, 0.17736319126072045, 1.2284094490724027, 0.06529806354573585, -0.08767248050453638, 0.4307022186373104, 0.19515249320704173, -0.02262973145100154, 0.2610624009004841, -0.04940548561179671, 0.225821397071395, -0.04741515375392367, 0.055211963272292316, 0.23697651742752382, 0.4430671741907169, -0.08009244790205856, 0.14963334820317964, 0.29013960852194476, 0.25864873328904553, 0.48877055756017646, -1.3681129297891035], [1.1253914904299651, 0.005807440752989272, -0.027699514477964732, 0.2412822784801171, 0.3935705801210736, 0.24532277649509845, 0.3175821211404065, 0.03264740628271106, 0.3925572442934561, 0.29129791468703536, 0.17736319126072045, 1.2284094490724027, 0.06529806354573585, -0.08767248050453638, -0.009294820199385488, 0.19123679638376523, -0.5827147663916552, 0.19515249320704173, -0.02262973145100154, 0.2610624009004841, -0.04940548561179671, 0.225821397071395, -0.04741515375392367, 0.055211963272292316, 0.23697651742752382, 0.4430671741907169, -0.08009244790205856, 0.14963334820317964, 0.29013960852194476, 0.25864873328904553, 0.48877055756017646, 0.5911275099164102, 0.6240704457777762, 0.5573793417659312], [1.1253914904299651, 0.005807440752989272, -0.027699514477964732, 0.2412822784801171, 0.3935705801210736, 0.24532277649509845, 0.3175821211404065, 0.03264740628271106, 0.3925572442934561, 0.29129791468703536, 0.17736319126072045, 1.2284094490724027, 0.06529806354573585, -0.08767248050453638, -0.009294820199385488, 0.19123679638376523, 0.15885342939940705, -0.08313647515019577, -0.6840564648945517, 0.19515249320704173, -0.02262973145100154, 0.2610624009004841, -0.04940548561179671, 0.225821397071395, -0.04741515375392367, 0.055211963272292316, 0.23697651742752382, 0.4430671741907169, -0.08009244790205856, 0.14963334820317964, 0.29013960852194476, 0.25864873328904553, 0.48877055756017646, 0.5911275099164102, 0.6240704457777762, 0.6575495090131053, 0.5561913055637908, -0.557379341765931], [1.1253914904299651, 0.005807440752989272, -0.027699514477964732, 0.2412822784801171, 0.3935705801210736, 0.24532277649509845, 0.3175821211404065, 0.03264740628271106, 0.3925572442934561, 0.29129791468703536, 0.17736319126072045, 1.2284094490724027, 0.06529806354573585, -0.08767248050453638, -0.009294820199385488, 0.19123679638376523, 0.15885342939940705, -0.08313647515019577, -0.04223758635865384, 0.04642368322585297, 0.6840564648945517, 0.19515249320704173, -0.02262973145100154, 0.2610624009004841, -0.04940548561179671, 0.225821397071395, -0.04741515375392367, 0.055211963272292316, 0.23697651742752382, 0.4430671741907169, -0.08009244790205856, 0.14963334820317964, 0.29013960852194476, 0.25864873328904553, 0.48877055756017646, 0.5911275099164102, 0.6240704457777762, 0.6575495090131053, 0.5561913055637908, 0.4724258619977411, 0.85699432062547, 1.266771231286207]], "best_expectation_values": [-2.5665601670950267, -2.9743744101790415, -2.6990531989125914, -3.128338821200446, -3.2551311765195923, -3.1857252281753135, -3.040456271757498, -3.2422571384982786, -3.767251429227635, -4.073143025727544, -4.206834834201609]}